ERROR 2026-03-04 12:55:33,951 django.security.DisallowedHost Invalid HTTP_HOST header: 'localhost:8085'. You may need to add 'localhost' to ALLOWED_HOSTS.
Traceback (most recent call last):
  File "/home/shebahub/ShebaHub_Backend/venv/lib/python3.12/site-packages/django/core/handlers/exception.py", line 55, in inner
    response = get_response(request)
               ^^^^^^^^^^^^^^^^^^^^^
  File "/home/shebahub/ShebaHub_Backend/venv/lib/python3.12/site-packages/django/utils/deprecation.py", line 133, in __call__
    response = self.process_request(request)
               ^^^^^^^^^^^^^^^^^^^^^^^^^^^^^
  File "/home/shebahub/ShebaHub_Backend/venv/lib/python3.12/site-packages/django/middleware/security.py", line 28, in process_request
    host = self.redirect_host or request.get_host()
                                 ^^^^^^^^^^^^^^^^^^
  File "/home/shebahub/ShebaHub_Backend/venv/lib/python3.12/site-packages/django/http/request.py", line 150, in get_host
    raise DisallowedHost(msg)
django.core.exceptions.DisallowedHost: Invalid HTTP_HOST header: 'localhost:8085'. You may need to add 'localhost' to ALLOWED_HOSTS.
INFO 2026-03-04 20:28:37,238 audit User logged in successfully: ionatan1233@gmail.com
INFO 2026-03-04 20:29:20,118 audit Student profile created: ionatan1233@gmail.com
INFO 2026-03-04 20:29:33,257 audit Student profile updated: ionatan1233@gmail.com
ERROR 2026-03-04 21:20:48,911 django.security.DisallowedHost Invalid HTTP_HOST header: '51.84.138.91:8085'. You may need to add '51.84.138.91' to ALLOWED_HOSTS.
Traceback (most recent call last):
  File "/home/shebahub/ShebaHub_Backend/venv/lib/python3.12/site-packages/django/core/handlers/exception.py", line 55, in inner
    response = get_response(request)
               ^^^^^^^^^^^^^^^^^^^^^
  File "/home/shebahub/ShebaHub_Backend/venv/lib/python3.12/site-packages/django/utils/deprecation.py", line 133, in __call__
    response = self.process_request(request)
               ^^^^^^^^^^^^^^^^^^^^^^^^^^^^^
  File "/home/shebahub/ShebaHub_Backend/venv/lib/python3.12/site-packages/django/middleware/common.py", line 48, in process_request
    host = request.get_host()
           ^^^^^^^^^^^^^^^^^^
  File "/home/shebahub/ShebaHub_Backend/venv/lib/python3.12/site-packages/django/http/request.py", line 150, in get_host
    raise DisallowedHost(msg)
django.core.exceptions.DisallowedHost: Invalid HTTP_HOST header: '51.84.138.91:8085'. You may need to add '51.84.138.91' to ALLOWED_HOSTS.
ERROR 2026-03-04 21:23:29,794 django.security.DisallowedHost Invalid HTTP_HOST header: '51.84.138.91:8085'. You may need to add '51.84.138.91' to ALLOWED_HOSTS.
Traceback (most recent call last):
  File "/home/shebahub/ShebaHub_Backend/venv/lib/python3.12/site-packages/django/core/handlers/exception.py", line 55, in inner
    response = get_response(request)
               ^^^^^^^^^^^^^^^^^^^^^
  File "/home/shebahub/ShebaHub_Backend/venv/lib/python3.12/site-packages/django/utils/deprecation.py", line 133, in __call__
    response = self.process_request(request)
               ^^^^^^^^^^^^^^^^^^^^^^^^^^^^^
  File "/home/shebahub/ShebaHub_Backend/venv/lib/python3.12/site-packages/django/middleware/common.py", line 48, in process_request
    host = request.get_host()
           ^^^^^^^^^^^^^^^^^^
  File "/home/shebahub/ShebaHub_Backend/venv/lib/python3.12/site-packages/django/http/request.py", line 150, in get_host
    raise DisallowedHost(msg)
django.core.exceptions.DisallowedHost: Invalid HTTP_HOST header: '51.84.138.91:8085'. You may need to add '51.84.138.91' to ALLOWED_HOSTS.
INFO 2026-03-05 06:51:42,987 audit User logged in successfully: test@gmail.com
INFO 2026-03-05 06:53:38,426 audit User registered successfully: bdiki@gmail.com
ERROR 2026-03-05 07:23:56,366 django.security.DisallowedHost Invalid HTTP_HOST header: '51.84.138.91:8085'. You may need to add '51.84.138.91' to ALLOWED_HOSTS.
Traceback (most recent call last):
  File "/home/shebahub/ShebaHub_Backend/venv/lib/python3.12/site-packages/django/core/handlers/exception.py", line 55, in inner
    response = get_response(request)
               ^^^^^^^^^^^^^^^^^^^^^
  File "/home/shebahub/ShebaHub_Backend/venv/lib/python3.12/site-packages/django/utils/deprecation.py", line 133, in __call__
    response = self.process_request(request)
               ^^^^^^^^^^^^^^^^^^^^^^^^^^^^^
  File "/home/shebahub/ShebaHub_Backend/venv/lib/python3.12/site-packages/django/middleware/common.py", line 48, in process_request
    host = request.get_host()
           ^^^^^^^^^^^^^^^^^^
  File "/home/shebahub/ShebaHub_Backend/venv/lib/python3.12/site-packages/django/http/request.py", line 150, in get_host
    raise DisallowedHost(msg)
django.core.exceptions.DisallowedHost: Invalid HTTP_HOST header: '51.84.138.91:8085'. You may need to add '51.84.138.91' to ALLOWED_HOSTS.
INFO 2026-03-05 08:03:28,059 audit User logged in successfully: ggg@gmail.com
INFO 2026-03-05 08:06:14,909 audit User logged in successfully: ggg@gmail.com
INFO 2026-03-05 11:15:39,400 audit User registered successfully: shalom@gmail.com
INFO 2026-03-05 11:19:31,140 audit Mentor profile created: shalom@gmail.com
INFO 2026-03-05 11:20:22,667 audit User logged in successfully: test@gmail.com
INFO 2026-03-05 12:30:20,058 audit User logged in successfully: test@gmail.com
ERROR 2026-03-05 12:33:25,219 django.security.DisallowedHost Invalid HTTP_HOST header: '51.84.138.91:8085'. You may need to add '51.84.138.91' to ALLOWED_HOSTS.
Traceback (most recent call last):
  File "/home/shebahub/ShebaHub_Backend/venv/lib/python3.12/site-packages/django/core/handlers/exception.py", line 55, in inner
    response = get_response(request)
               ^^^^^^^^^^^^^^^^^^^^^
  File "/home/shebahub/ShebaHub_Backend/venv/lib/python3.12/site-packages/django/utils/deprecation.py", line 133, in __call__
    response = self.process_request(request)
               ^^^^^^^^^^^^^^^^^^^^^^^^^^^^^
  File "/home/shebahub/ShebaHub_Backend/venv/lib/python3.12/site-packages/django/middleware/common.py", line 48, in process_request
    host = request.get_host()
           ^^^^^^^^^^^^^^^^^^
  File "/home/shebahub/ShebaHub_Backend/venv/lib/python3.12/site-packages/django/http/request.py", line 150, in get_host
    raise DisallowedHost(msg)
django.core.exceptions.DisallowedHost: Invalid HTTP_HOST header: '51.84.138.91:8085'. You may need to add '51.84.138.91' to ALLOWED_HOSTS.
ERROR 2026-03-05 12:33:25,879 django.security.DisallowedHost Invalid HTTP_HOST header: '51.84.138.91:8085'. You may need to add '51.84.138.91' to ALLOWED_HOSTS.
Traceback (most recent call last):
  File "/home/shebahub/ShebaHub_Backend/venv/lib/python3.12/site-packages/django/core/handlers/exception.py", line 55, in inner
    response = get_response(request)
               ^^^^^^^^^^^^^^^^^^^^^
  File "/home/shebahub/ShebaHub_Backend/venv/lib/python3.12/site-packages/django/utils/deprecation.py", line 133, in __call__
    response = self.process_request(request)
               ^^^^^^^^^^^^^^^^^^^^^^^^^^^^^
  File "/home/shebahub/ShebaHub_Backend/venv/lib/python3.12/site-packages/django/middleware/common.py", line 48, in process_request
    host = request.get_host()
           ^^^^^^^^^^^^^^^^^^
  File "/home/shebahub/ShebaHub_Backend/venv/lib/python3.12/site-packages/django/http/request.py", line 150, in get_host
    raise DisallowedHost(msg)
django.core.exceptions.DisallowedHost: Invalid HTTP_HOST header: '51.84.138.91:8085'. You may need to add '51.84.138.91' to ALLOWED_HOSTS.
ERROR 2026-03-05 12:33:26,517 django.security.DisallowedHost Invalid HTTP_HOST header: '51.84.138.91:8085'. You may need to add '51.84.138.91' to ALLOWED_HOSTS.
Traceback (most recent call last):
  File "/home/shebahub/ShebaHub_Backend/venv/lib/python3.12/site-packages/django/core/handlers/exception.py", line 55, in inner
    response = get_response(request)
               ^^^^^^^^^^^^^^^^^^^^^
  File "/home/shebahub/ShebaHub_Backend/venv/lib/python3.12/site-packages/django/utils/deprecation.py", line 133, in __call__
    response = self.process_request(request)
               ^^^^^^^^^^^^^^^^^^^^^^^^^^^^^
  File "/home/shebahub/ShebaHub_Backend/venv/lib/python3.12/site-packages/django/middleware/common.py", line 48, in process_request
    host = request.get_host()
           ^^^^^^^^^^^^^^^^^^
  File "/home/shebahub/ShebaHub_Backend/venv/lib/python3.12/site-packages/django/http/request.py", line 150, in get_host
    raise DisallowedHost(msg)
django.core.exceptions.DisallowedHost: Invalid HTTP_HOST header: '51.84.138.91:8085'. You may need to add '51.84.138.91' to ALLOWED_HOSTS.
ERROR 2026-03-05 12:33:27,145 django.security.DisallowedHost Invalid HTTP_HOST header: '51.84.138.91:8085'. You may need to add '51.84.138.91' to ALLOWED_HOSTS.
Traceback (most recent call last):
  File "/home/shebahub/ShebaHub_Backend/venv/lib/python3.12/site-packages/django/core/handlers/exception.py", line 55, in inner
    response = get_response(request)
               ^^^^^^^^^^^^^^^^^^^^^
  File "/home/shebahub/ShebaHub_Backend/venv/lib/python3.12/site-packages/django/utils/deprecation.py", line 133, in __call__
    response = self.process_request(request)
               ^^^^^^^^^^^^^^^^^^^^^^^^^^^^^
  File "/home/shebahub/ShebaHub_Backend/venv/lib/python3.12/site-packages/django/middleware/common.py", line 48, in process_request
    host = request.get_host()
           ^^^^^^^^^^^^^^^^^^
  File "/home/shebahub/ShebaHub_Backend/venv/lib/python3.12/site-packages/django/http/request.py", line 150, in get_host
    raise DisallowedHost(msg)
django.core.exceptions.DisallowedHost: Invalid HTTP_HOST header: '51.84.138.91:8085'. You may need to add '51.84.138.91' to ALLOWED_HOSTS.
INFO 2026-03-05 12:43:05,448 audit User logged in successfully: ggg@gmail.com
INFO 2026-03-05 12:46:07,341 audit User registered successfully: ggg2@gmail.com
INFO 2026-03-05 12:51:05,226 audit Student profile created: ggg2@gmail.com
WARNING 2026-03-05 13:00:07,749 audit Skipping email to unverified user ggg2@gmail.com
INFO 2026-03-05 13:11:03,458 audit User logged in successfully: ggg@gmail.com
ERROR 2026-03-05 13:12:45,765 audit Unhandled exception: KeyError: "Attempt to overwrite 'filename' in LogRecord"
Traceback (most recent call last):
  File "/home/shebahub/ShebaHub_Backend/venv/lib/python3.12/site-packages/rest_framework/views.py", line 506, in dispatch
    response = handler(request, *args, **kwargs)
               ^^^^^^^^^^^^^^^^^^^^^^^^^^^^^^^^^
  File "/home/shebahub/ShebaHub_Backend/venv/lib/python3.12/site-packages/rest_framework/decorators.py", line 50, in handler
    return func(*args, **kwargs)
           ^^^^^^^^^^^^^^^^^^^^^
  File "/home/shebahub/ShebaHub_Backend/apps/research/views.py", line 185, in my_researches
    if not serializer.is_valid():
           ^^^^^^^^^^^^^^^^^^^^^
  File "/home/shebahub/ShebaHub_Backend/venv/lib/python3.12/site-packages/rest_framework/serializers.py", line 227, in is_valid
    self._validated_data = self.run_validation(self.initial_data)
                           ^^^^^^^^^^^^^^^^^^^^^^^^^^^^^^^^^^^^^^
  File "/home/shebahub/ShebaHub_Backend/venv/lib/python3.12/site-packages/rest_framework/serializers.py", line 426, in run_validation
    value = self.to_internal_value(data)
            ^^^^^^^^^^^^^^^^^^^^^^^^^^^^
  File "/home/shebahub/ShebaHub_Backend/apps/research/serializers.py", line 172, in to_internal_value
    ret = super().to_internal_value(data)
          ^^^^^^^^^^^^^^^^^^^^^^^^^^^^^^^
  File "/home/shebahub/ShebaHub_Backend/venv/lib/python3.12/site-packages/rest_framework/serializers.py", line 485, in to_internal_value
    validated_value = validate_method(validated_value)
                      ^^^^^^^^^^^^^^^^^^^^^^^^^^^^^^^^
  File "/home/shebahub/ShebaHub_Backend/apps/research/serializers.py", line 228, in validate_contract
    is_valid, error_message = validate_upload(value)
                              ^^^^^^^^^^^^^^^^^^^^^^
  File "/home/shebahub/ShebaHub_Backend/apps/profiles/file_security.py", line 211, in validate_upload
    audit_logger.warning(
  File "/usr/lib/python3.12/logging/__init__.py", line 1551, in warning
    self._log(WARNING, msg, args, **kwargs)
  File "/usr/lib/python3.12/logging/__init__.py", line 1682, in _log
    record = self.makeRecord(self.name, level, fn, lno, msg, args,
             ^^^^^^^^^^^^^^^^^^^^^^^^^^^^^^^^^^^^^^^^^^^^^^^^^^^^^
  File "/usr/lib/python3.12/logging/__init__.py", line 1656, in makeRecord
    raise KeyError("Attempt to overwrite %r in LogRecord" % key)
KeyError: "Attempt to overwrite 'filename' in LogRecord"
ERROR 2026-03-05 13:12:48,705 audit Unhandled exception: KeyError: "Attempt to overwrite 'filename' in LogRecord"
Traceback (most recent call last):
  File "/home/shebahub/ShebaHub_Backend/venv/lib/python3.12/site-packages/rest_framework/views.py", line 506, in dispatch
    response = handler(request, *args, **kwargs)
               ^^^^^^^^^^^^^^^^^^^^^^^^^^^^^^^^^
  File "/home/shebahub/ShebaHub_Backend/venv/lib/python3.12/site-packages/rest_framework/decorators.py", line 50, in handler
    return func(*args, **kwargs)
           ^^^^^^^^^^^^^^^^^^^^^
  File "/home/shebahub/ShebaHub_Backend/apps/research/views.py", line 185, in my_researches
    if not serializer.is_valid():
           ^^^^^^^^^^^^^^^^^^^^^
  File "/home/shebahub/ShebaHub_Backend/venv/lib/python3.12/site-packages/rest_framework/serializers.py", line 227, in is_valid
    self._validated_data = self.run_validation(self.initial_data)
                           ^^^^^^^^^^^^^^^^^^^^^^^^^^^^^^^^^^^^^^
  File "/home/shebahub/ShebaHub_Backend/venv/lib/python3.12/site-packages/rest_framework/serializers.py", line 426, in run_validation
    value = self.to_internal_value(data)
            ^^^^^^^^^^^^^^^^^^^^^^^^^^^^
  File "/home/shebahub/ShebaHub_Backend/apps/research/serializers.py", line 172, in to_internal_value
    ret = super().to_internal_value(data)
          ^^^^^^^^^^^^^^^^^^^^^^^^^^^^^^^
  File "/home/shebahub/ShebaHub_Backend/venv/lib/python3.12/site-packages/rest_framework/serializers.py", line 485, in to_internal_value
    validated_value = validate_method(validated_value)
                      ^^^^^^^^^^^^^^^^^^^^^^^^^^^^^^^^
  File "/home/shebahub/ShebaHub_Backend/apps/research/serializers.py", line 228, in validate_contract
    is_valid, error_message = validate_upload(value)
                              ^^^^^^^^^^^^^^^^^^^^^^
  File "/home/shebahub/ShebaHub_Backend/apps/profiles/file_security.py", line 211, in validate_upload
    audit_logger.warning(
  File "/usr/lib/python3.12/logging/__init__.py", line 1551, in warning
    self._log(WARNING, msg, args, **kwargs)
  File "/usr/lib/python3.12/logging/__init__.py", line 1682, in _log
    record = self.makeRecord(self.name, level, fn, lno, msg, args,
             ^^^^^^^^^^^^^^^^^^^^^^^^^^^^^^^^^^^^^^^^^^^^^^^^^^^^^
  File "/usr/lib/python3.12/logging/__init__.py", line 1656, in makeRecord
    raise KeyError("Attempt to overwrite %r in LogRecord" % key)
KeyError: "Attempt to overwrite 'filename' in LogRecord"
ERROR 2026-03-05 13:13:36,806 audit Unhandled exception: KeyError: "Attempt to overwrite 'filename' in LogRecord"
Traceback (most recent call last):
  File "/home/shebahub/ShebaHub_Backend/venv/lib/python3.12/site-packages/rest_framework/views.py", line 506, in dispatch
    response = handler(request, *args, **kwargs)
               ^^^^^^^^^^^^^^^^^^^^^^^^^^^^^^^^^
  File "/home/shebahub/ShebaHub_Backend/venv/lib/python3.12/site-packages/rest_framework/decorators.py", line 50, in handler
    return func(*args, **kwargs)
           ^^^^^^^^^^^^^^^^^^^^^
  File "/home/shebahub/ShebaHub_Backend/apps/research/views.py", line 185, in my_researches
    if not serializer.is_valid():
           ^^^^^^^^^^^^^^^^^^^^^
  File "/home/shebahub/ShebaHub_Backend/venv/lib/python3.12/site-packages/rest_framework/serializers.py", line 227, in is_valid
    self._validated_data = self.run_validation(self.initial_data)
                           ^^^^^^^^^^^^^^^^^^^^^^^^^^^^^^^^^^^^^^
  File "/home/shebahub/ShebaHub_Backend/venv/lib/python3.12/site-packages/rest_framework/serializers.py", line 426, in run_validation
    value = self.to_internal_value(data)
            ^^^^^^^^^^^^^^^^^^^^^^^^^^^^
  File "/home/shebahub/ShebaHub_Backend/apps/research/serializers.py", line 172, in to_internal_value
    ret = super().to_internal_value(data)
          ^^^^^^^^^^^^^^^^^^^^^^^^^^^^^^^
  File "/home/shebahub/ShebaHub_Backend/venv/lib/python3.12/site-packages/rest_framework/serializers.py", line 485, in to_internal_value
    validated_value = validate_method(validated_value)
                      ^^^^^^^^^^^^^^^^^^^^^^^^^^^^^^^^
  File "/home/shebahub/ShebaHub_Backend/apps/research/serializers.py", line 228, in validate_contract
    is_valid, error_message = validate_upload(value)
                              ^^^^^^^^^^^^^^^^^^^^^^
  File "/home/shebahub/ShebaHub_Backend/apps/profiles/file_security.py", line 211, in validate_upload
    audit_logger.warning(
  File "/usr/lib/python3.12/logging/__init__.py", line 1551, in warning
    self._log(WARNING, msg, args, **kwargs)
  File "/usr/lib/python3.12/logging/__init__.py", line 1682, in _log
    record = self.makeRecord(self.name, level, fn, lno, msg, args,
             ^^^^^^^^^^^^^^^^^^^^^^^^^^^^^^^^^^^^^^^^^^^^^^^^^^^^^
  File "/usr/lib/python3.12/logging/__init__.py", line 1656, in makeRecord
    raise KeyError("Attempt to overwrite %r in LogRecord" % key)
KeyError: "Attempt to overwrite 'filename' in LogRecord"
ERROR 2026-03-05 13:13:48,216 audit Unhandled exception: KeyError: "Attempt to overwrite 'filename' in LogRecord"
Traceback (most recent call last):
  File "/home/shebahub/ShebaHub_Backend/venv/lib/python3.12/site-packages/rest_framework/views.py", line 506, in dispatch
    response = handler(request, *args, **kwargs)
               ^^^^^^^^^^^^^^^^^^^^^^^^^^^^^^^^^
  File "/home/shebahub/ShebaHub_Backend/venv/lib/python3.12/site-packages/rest_framework/decorators.py", line 50, in handler
    return func(*args, **kwargs)
           ^^^^^^^^^^^^^^^^^^^^^
  File "/home/shebahub/ShebaHub_Backend/apps/research/views.py", line 185, in my_researches
    if not serializer.is_valid():
           ^^^^^^^^^^^^^^^^^^^^^
  File "/home/shebahub/ShebaHub_Backend/venv/lib/python3.12/site-packages/rest_framework/serializers.py", line 227, in is_valid
    self._validated_data = self.run_validation(self.initial_data)
                           ^^^^^^^^^^^^^^^^^^^^^^^^^^^^^^^^^^^^^^
  File "/home/shebahub/ShebaHub_Backend/venv/lib/python3.12/site-packages/rest_framework/serializers.py", line 426, in run_validation
    value = self.to_internal_value(data)
            ^^^^^^^^^^^^^^^^^^^^^^^^^^^^
  File "/home/shebahub/ShebaHub_Backend/apps/research/serializers.py", line 172, in to_internal_value
    ret = super().to_internal_value(data)
          ^^^^^^^^^^^^^^^^^^^^^^^^^^^^^^^
  File "/home/shebahub/ShebaHub_Backend/venv/lib/python3.12/site-packages/rest_framework/serializers.py", line 485, in to_internal_value
    validated_value = validate_method(validated_value)
                      ^^^^^^^^^^^^^^^^^^^^^^^^^^^^^^^^
  File "/home/shebahub/ShebaHub_Backend/apps/research/serializers.py", line 228, in validate_contract
    is_valid, error_message = validate_upload(value)
                              ^^^^^^^^^^^^^^^^^^^^^^
  File "/home/shebahub/ShebaHub_Backend/apps/profiles/file_security.py", line 211, in validate_upload
    audit_logger.warning(
  File "/usr/lib/python3.12/logging/__init__.py", line 1551, in warning
    self._log(WARNING, msg, args, **kwargs)
  File "/usr/lib/python3.12/logging/__init__.py", line 1682, in _log
    record = self.makeRecord(self.name, level, fn, lno, msg, args,
             ^^^^^^^^^^^^^^^^^^^^^^^^^^^^^^^^^^^^^^^^^^^^^^^^^^^^^
  File "/usr/lib/python3.12/logging/__init__.py", line 1656, in makeRecord
    raise KeyError("Attempt to overwrite %r in LogRecord" % key)
KeyError: "Attempt to overwrite 'filename' in LogRecord"
ERROR 2026-03-05 13:13:57,489 audit Unhandled exception: KeyError: "Attempt to overwrite 'filename' in LogRecord"
Traceback (most recent call last):
  File "/home/shebahub/ShebaHub_Backend/venv/lib/python3.12/site-packages/rest_framework/views.py", line 506, in dispatch
    response = handler(request, *args, **kwargs)
               ^^^^^^^^^^^^^^^^^^^^^^^^^^^^^^^^^
  File "/home/shebahub/ShebaHub_Backend/venv/lib/python3.12/site-packages/rest_framework/decorators.py", line 50, in handler
    return func(*args, **kwargs)
           ^^^^^^^^^^^^^^^^^^^^^
  File "/home/shebahub/ShebaHub_Backend/apps/research/views.py", line 185, in my_researches
    if not serializer.is_valid():
           ^^^^^^^^^^^^^^^^^^^^^
  File "/home/shebahub/ShebaHub_Backend/venv/lib/python3.12/site-packages/rest_framework/serializers.py", line 227, in is_valid
    self._validated_data = self.run_validation(self.initial_data)
                           ^^^^^^^^^^^^^^^^^^^^^^^^^^^^^^^^^^^^^^
  File "/home/shebahub/ShebaHub_Backend/venv/lib/python3.12/site-packages/rest_framework/serializers.py", line 426, in run_validation
    value = self.to_internal_value(data)
            ^^^^^^^^^^^^^^^^^^^^^^^^^^^^
  File "/home/shebahub/ShebaHub_Backend/apps/research/serializers.py", line 172, in to_internal_value
    ret = super().to_internal_value(data)
          ^^^^^^^^^^^^^^^^^^^^^^^^^^^^^^^
  File "/home/shebahub/ShebaHub_Backend/venv/lib/python3.12/site-packages/rest_framework/serializers.py", line 485, in to_internal_value
    validated_value = validate_method(validated_value)
                      ^^^^^^^^^^^^^^^^^^^^^^^^^^^^^^^^
  File "/home/shebahub/ShebaHub_Backend/apps/research/serializers.py", line 228, in validate_contract
    is_valid, error_message = validate_upload(value)
                              ^^^^^^^^^^^^^^^^^^^^^^
  File "/home/shebahub/ShebaHub_Backend/apps/profiles/file_security.py", line 211, in validate_upload
    audit_logger.warning(
  File "/usr/lib/python3.12/logging/__init__.py", line 1551, in warning
    self._log(WARNING, msg, args, **kwargs)
  File "/usr/lib/python3.12/logging/__init__.py", line 1682, in _log
    record = self.makeRecord(self.name, level, fn, lno, msg, args,
             ^^^^^^^^^^^^^^^^^^^^^^^^^^^^^^^^^^^^^^^^^^^^^^^^^^^^^
  File "/usr/lib/python3.12/logging/__init__.py", line 1656, in makeRecord
    raise KeyError("Attempt to overwrite %r in LogRecord" % key)
KeyError: "Attempt to overwrite 'filename' in LogRecord"
ERROR 2026-03-05 13:13:59,305 audit Unhandled exception: KeyError: "Attempt to overwrite 'filename' in LogRecord"
Traceback (most recent call last):
  File "/home/shebahub/ShebaHub_Backend/venv/lib/python3.12/site-packages/rest_framework/views.py", line 506, in dispatch
    response = handler(request, *args, **kwargs)
               ^^^^^^^^^^^^^^^^^^^^^^^^^^^^^^^^^
  File "/home/shebahub/ShebaHub_Backend/venv/lib/python3.12/site-packages/rest_framework/decorators.py", line 50, in handler
    return func(*args, **kwargs)
           ^^^^^^^^^^^^^^^^^^^^^
  File "/home/shebahub/ShebaHub_Backend/apps/research/views.py", line 185, in my_researches
    if not serializer.is_valid():
           ^^^^^^^^^^^^^^^^^^^^^
  File "/home/shebahub/ShebaHub_Backend/venv/lib/python3.12/site-packages/rest_framework/serializers.py", line 227, in is_valid
    self._validated_data = self.run_validation(self.initial_data)
                           ^^^^^^^^^^^^^^^^^^^^^^^^^^^^^^^^^^^^^^
  File "/home/shebahub/ShebaHub_Backend/venv/lib/python3.12/site-packages/rest_framework/serializers.py", line 426, in run_validation
    value = self.to_internal_value(data)
            ^^^^^^^^^^^^^^^^^^^^^^^^^^^^
  File "/home/shebahub/ShebaHub_Backend/apps/research/serializers.py", line 172, in to_internal_value
    ret = super().to_internal_value(data)
          ^^^^^^^^^^^^^^^^^^^^^^^^^^^^^^^
  File "/home/shebahub/ShebaHub_Backend/venv/lib/python3.12/site-packages/rest_framework/serializers.py", line 485, in to_internal_value
    validated_value = validate_method(validated_value)
                      ^^^^^^^^^^^^^^^^^^^^^^^^^^^^^^^^
  File "/home/shebahub/ShebaHub_Backend/apps/research/serializers.py", line 228, in validate_contract
    is_valid, error_message = validate_upload(value)
                              ^^^^^^^^^^^^^^^^^^^^^^
  File "/home/shebahub/ShebaHub_Backend/apps/profiles/file_security.py", line 211, in validate_upload
    audit_logger.warning(
  File "/usr/lib/python3.12/logging/__init__.py", line 1551, in warning
    self._log(WARNING, msg, args, **kwargs)
  File "/usr/lib/python3.12/logging/__init__.py", line 1682, in _log
    record = self.makeRecord(self.name, level, fn, lno, msg, args,
             ^^^^^^^^^^^^^^^^^^^^^^^^^^^^^^^^^^^^^^^^^^^^^^^^^^^^^
  File "/usr/lib/python3.12/logging/__init__.py", line 1656, in makeRecord
    raise KeyError("Attempt to overwrite %r in LogRecord" % key)
KeyError: "Attempt to overwrite 'filename' in LogRecord"
ERROR 2026-03-05 14:10:14,060 django.security.DisallowedHost Invalid HTTP_HOST header: '51.84.138.91:8085'. You may need to add '51.84.138.91' to ALLOWED_HOSTS.
Traceback (most recent call last):
  File "/home/shebahub/ShebaHub_Backend/venv/lib/python3.12/site-packages/django/core/handlers/exception.py", line 55, in inner
    response = get_response(request)
               ^^^^^^^^^^^^^^^^^^^^^
  File "/home/shebahub/ShebaHub_Backend/venv/lib/python3.12/site-packages/django/utils/deprecation.py", line 133, in __call__
    response = self.process_request(request)
               ^^^^^^^^^^^^^^^^^^^^^^^^^^^^^
  File "/home/shebahub/ShebaHub_Backend/venv/lib/python3.12/site-packages/django/middleware/common.py", line 48, in process_request
    host = request.get_host()
           ^^^^^^^^^^^^^^^^^^
  File "/home/shebahub/ShebaHub_Backend/venv/lib/python3.12/site-packages/django/http/request.py", line 150, in get_host
    raise DisallowedHost(msg)
django.core.exceptions.DisallowedHost: Invalid HTTP_HOST header: '51.84.138.91:8085'. You may need to add '51.84.138.91' to ALLOWED_HOSTS.
ERROR 2026-03-05 14:11:19,239 django.security.DisallowedHost Invalid HTTP_HOST header: '51.84.138.91:8085'. You may need to add '51.84.138.91' to ALLOWED_HOSTS.
Traceback (most recent call last):
  File "/home/shebahub/ShebaHub_Backend/venv/lib/python3.12/site-packages/django/core/handlers/exception.py", line 55, in inner
    response = get_response(request)
               ^^^^^^^^^^^^^^^^^^^^^
  File "/home/shebahub/ShebaHub_Backend/venv/lib/python3.12/site-packages/django/utils/deprecation.py", line 133, in __call__
    response = self.process_request(request)
               ^^^^^^^^^^^^^^^^^^^^^^^^^^^^^
  File "/home/shebahub/ShebaHub_Backend/venv/lib/python3.12/site-packages/django/middleware/common.py", line 48, in process_request
    host = request.get_host()
           ^^^^^^^^^^^^^^^^^^
  File "/home/shebahub/ShebaHub_Backend/venv/lib/python3.12/site-packages/django/http/request.py", line 150, in get_host
    raise DisallowedHost(msg)
django.core.exceptions.DisallowedHost: Invalid HTTP_HOST header: '51.84.138.91:8085'. You may need to add '51.84.138.91' to ALLOWED_HOSTS.
ERROR 2026-03-05 16:14:39,363 django.security.DisallowedHost Invalid HTTP_HOST header: '51.84.138.91:8085'. You may need to add '51.84.138.91' to ALLOWED_HOSTS.
Traceback (most recent call last):
  File "/home/shebahub/ShebaHub_Backend/venv/lib/python3.12/site-packages/django/core/handlers/exception.py", line 55, in inner
    response = get_response(request)
               ^^^^^^^^^^^^^^^^^^^^^
  File "/home/shebahub/ShebaHub_Backend/venv/lib/python3.12/site-packages/django/utils/deprecation.py", line 133, in __call__
    response = self.process_request(request)
               ^^^^^^^^^^^^^^^^^^^^^^^^^^^^^
  File "/home/shebahub/ShebaHub_Backend/venv/lib/python3.12/site-packages/django/middleware/common.py", line 48, in process_request
    host = request.get_host()
           ^^^^^^^^^^^^^^^^^^
  File "/home/shebahub/ShebaHub_Backend/venv/lib/python3.12/site-packages/django/http/request.py", line 150, in get_host
    raise DisallowedHost(msg)
django.core.exceptions.DisallowedHost: Invalid HTTP_HOST header: '51.84.138.91:8085'. You may need to add '51.84.138.91' to ALLOWED_HOSTS.
ERROR 2026-03-05 16:14:49,764 django.security.DisallowedHost Invalid HTTP_HOST header: '51.84.138.91:8085'. You may need to add '51.84.138.91' to ALLOWED_HOSTS.
Traceback (most recent call last):
  File "/home/shebahub/ShebaHub_Backend/venv/lib/python3.12/site-packages/django/core/handlers/exception.py", line 55, in inner
    response = get_response(request)
               ^^^^^^^^^^^^^^^^^^^^^
  File "/home/shebahub/ShebaHub_Backend/venv/lib/python3.12/site-packages/django/utils/deprecation.py", line 133, in __call__
    response = self.process_request(request)
               ^^^^^^^^^^^^^^^^^^^^^^^^^^^^^
  File "/home/shebahub/ShebaHub_Backend/venv/lib/python3.12/site-packages/django/middleware/common.py", line 48, in process_request
    host = request.get_host()
           ^^^^^^^^^^^^^^^^^^
  File "/home/shebahub/ShebaHub_Backend/venv/lib/python3.12/site-packages/django/http/request.py", line 150, in get_host
    raise DisallowedHost(msg)
django.core.exceptions.DisallowedHost: Invalid HTTP_HOST header: '51.84.138.91:8085'. You may need to add '51.84.138.91' to ALLOWED_HOSTS.
INFO 2026-03-05 16:24:48,675 audit User registered successfully: lorenkr20@gmail.com
INFO 2026-03-05 16:25:05,653 audit Mentor profile created: lorenkr20@gmail.com
WARNING 2026-03-05 16:27:24,624 audit Signup validation failed: {'email': [ErrorDetail(string='User with this email already exists.', code='unique')]}
WARNING 2026-03-05 16:27:35,586 audit Signup validation failed: {'email': [ErrorDetail(string='User with this email already exists.', code='unique')]}
WARNING 2026-03-05 16:27:42,428 audit Signup validation failed: {'email': [ErrorDetail(string='User with this email already exists.', code='unique')]}
INFO 2026-03-05 16:28:07,468 audit User registered successfully: test@hotmail.com
INFO 2026-03-05 16:28:28,352 audit Student profile created: test@hotmail.com
INFO 2026-03-05 16:29:05,548 audit User logged in successfully: test@hotmail.com
INFO 2026-03-05 16:29:19,477 audit User logged in successfully: lorenkr20@gmail.com
INFO 2026-03-05 16:31:05,762 audit User registered successfully: try@try.com
INFO 2026-03-05 16:31:23,121 audit Mentor profile created: try@try.com
INFO 2026-03-05 16:38:21,645 audit User logged in successfully: ggg@gmail.com
INFO 2026-03-05 16:39:36,677 audit Mentor profile updated: ggg@gmail.com
INFO 2026-03-05 16:39:54,662 audit Mentor profile updated: ggg@gmail.com
INFO 2026-03-05 16:40:09,501 audit Mentor profile updated: ggg@gmail.com
INFO 2026-03-05 16:40:16,081 audit Mentor profile updated: ggg@gmail.com
INFO 2026-03-05 16:41:43,647 audit User logged in successfully: ggg2@gmail.com
INFO 2026-03-05 16:43:50,907 audit User registered successfully: ggg3@gmail.com
WARNING 2026-03-05 16:43:57,339 audit Failed login attempt for: betty.hv1@gmail.com
INFO 2026-03-05 16:44:03,704 audit User logged in successfully: betty.hv1@gmail.com
INFO 2026-03-05 16:59:03,626 audit User logged in successfully: ggg@gmail.com
INFO 2026-03-05 17:02:09,746 audit User logged in successfully: ggg@gmail.com
INFO 2026-03-05 18:03:43,672 audit User registered successfully: maayan.gilboa@sheba.health.gov.il
INFO 2026-03-05 18:06:11,700 audit Mentor profile created: maayan.gilboa@sheba.health.gov.il
ERROR 2026-03-05 18:11:21,894 django.security.DisallowedHost Invalid HTTP_HOST header: 'mazor.hitheal.org.il'. You may need to add 'mazor.hitheal.org.il' to ALLOWED_HOSTS.
Traceback (most recent call last):
  File "/home/shebahub/ShebaHub_Backend/venv/lib/python3.12/site-packages/django/core/handlers/exception.py", line 55, in inner
    response = get_response(request)
               ^^^^^^^^^^^^^^^^^^^^^
  File "/home/shebahub/ShebaHub_Backend/venv/lib/python3.12/site-packages/django/utils/deprecation.py", line 133, in __call__
    response = self.process_request(request)
               ^^^^^^^^^^^^^^^^^^^^^^^^^^^^^
  File "/home/shebahub/ShebaHub_Backend/venv/lib/python3.12/site-packages/django/middleware/common.py", line 48, in process_request
    host = request.get_host()
           ^^^^^^^^^^^^^^^^^^
  File "/home/shebahub/ShebaHub_Backend/venv/lib/python3.12/site-packages/django/http/request.py", line 150, in get_host
    raise DisallowedHost(msg)
django.core.exceptions.DisallowedHost: Invalid HTTP_HOST header: 'mazor.hitheal.org.il'. You may need to add 'mazor.hitheal.org.il' to ALLOWED_HOSTS.
ERROR 2026-03-05 18:11:22,224 django.security.DisallowedHost Invalid HTTP_HOST header: 'mazor.hitheal.org.il'. You may need to add 'mazor.hitheal.org.il' to ALLOWED_HOSTS.
Traceback (most recent call last):
  File "/home/shebahub/ShebaHub_Backend/venv/lib/python3.12/site-packages/django/core/handlers/exception.py", line 55, in inner
    response = get_response(request)
               ^^^^^^^^^^^^^^^^^^^^^
  File "/home/shebahub/ShebaHub_Backend/venv/lib/python3.12/site-packages/django/utils/deprecation.py", line 133, in __call__
    response = self.process_request(request)
               ^^^^^^^^^^^^^^^^^^^^^^^^^^^^^
  File "/home/shebahub/ShebaHub_Backend/venv/lib/python3.12/site-packages/django/middleware/common.py", line 48, in process_request
    host = request.get_host()
           ^^^^^^^^^^^^^^^^^^
  File "/home/shebahub/ShebaHub_Backend/venv/lib/python3.12/site-packages/django/http/request.py", line 150, in get_host
    raise DisallowedHost(msg)
django.core.exceptions.DisallowedHost: Invalid HTTP_HOST header: 'mazor.hitheal.org.il'. You may need to add 'mazor.hitheal.org.il' to ALLOWED_HOSTS.
WARNING 2026-03-05 18:11:38,046 audit Signup validation failed: {'password': [ErrorDetail(string='This password is too common.', code='invalid')]}
INFO 2026-03-05 18:11:44,169 audit User registered successfully: mayangilboa@yahoo.com
INFO 2026-03-05 18:13:20,733 audit Student profile created: mayangilboa@yahoo.com
ERROR 2026-03-05 19:20:04,297 django.security.DisallowedHost Invalid HTTP_HOST header: '51.84.138.91:8085'. You may need to add '51.84.138.91' to ALLOWED_HOSTS.
Traceback (most recent call last):
  File "/home/shebahub/ShebaHub_Backend/venv/lib/python3.12/site-packages/django/core/handlers/exception.py", line 55, in inner
    response = get_response(request)
               ^^^^^^^^^^^^^^^^^^^^^
  File "/home/shebahub/ShebaHub_Backend/venv/lib/python3.12/site-packages/django/utils/deprecation.py", line 133, in __call__
    response = self.process_request(request)
               ^^^^^^^^^^^^^^^^^^^^^^^^^^^^^
  File "/home/shebahub/ShebaHub_Backend/venv/lib/python3.12/site-packages/django/middleware/common.py", line 48, in process_request
    host = request.get_host()
           ^^^^^^^^^^^^^^^^^^
  File "/home/shebahub/ShebaHub_Backend/venv/lib/python3.12/site-packages/django/http/request.py", line 150, in get_host
    raise DisallowedHost(msg)
django.core.exceptions.DisallowedHost: Invalid HTTP_HOST header: '51.84.138.91:8085'. You may need to add '51.84.138.91' to ALLOWED_HOSTS.
ERROR 2026-03-05 19:20:04,495 django.security.DisallowedHost Invalid HTTP_HOST header: '51.84.138.91:8085'. You may need to add '51.84.138.91' to ALLOWED_HOSTS.
Traceback (most recent call last):
  File "/home/shebahub/ShebaHub_Backend/venv/lib/python3.12/site-packages/django/core/handlers/exception.py", line 55, in inner
    response = get_response(request)
               ^^^^^^^^^^^^^^^^^^^^^
  File "/home/shebahub/ShebaHub_Backend/venv/lib/python3.12/site-packages/django/utils/deprecation.py", line 133, in __call__
    response = self.process_request(request)
               ^^^^^^^^^^^^^^^^^^^^^^^^^^^^^
  File "/home/shebahub/ShebaHub_Backend/venv/lib/python3.12/site-packages/django/middleware/common.py", line 48, in process_request
    host = request.get_host()
           ^^^^^^^^^^^^^^^^^^
  File "/home/shebahub/ShebaHub_Backend/venv/lib/python3.12/site-packages/django/http/request.py", line 150, in get_host
    raise DisallowedHost(msg)
django.core.exceptions.DisallowedHost: Invalid HTTP_HOST header: '51.84.138.91:8085'. You may need to add '51.84.138.91' to ALLOWED_HOSTS.
ERROR 2026-03-05 19:20:04,681 django.security.DisallowedHost Invalid HTTP_HOST header: '51.84.138.91:8085'. You may need to add '51.84.138.91' to ALLOWED_HOSTS.
Traceback (most recent call last):
  File "/home/shebahub/ShebaHub_Backend/venv/lib/python3.12/site-packages/django/core/handlers/exception.py", line 55, in inner
    response = get_response(request)
               ^^^^^^^^^^^^^^^^^^^^^
  File "/home/shebahub/ShebaHub_Backend/venv/lib/python3.12/site-packages/django/utils/deprecation.py", line 133, in __call__
    response = self.process_request(request)
               ^^^^^^^^^^^^^^^^^^^^^^^^^^^^^
  File "/home/shebahub/ShebaHub_Backend/venv/lib/python3.12/site-packages/django/middleware/common.py", line 48, in process_request
    host = request.get_host()
           ^^^^^^^^^^^^^^^^^^
  File "/home/shebahub/ShebaHub_Backend/venv/lib/python3.12/site-packages/django/http/request.py", line 150, in get_host
    raise DisallowedHost(msg)
django.core.exceptions.DisallowedHost: Invalid HTTP_HOST header: '51.84.138.91:8085'. You may need to add '51.84.138.91' to ALLOWED_HOSTS.
ERROR 2026-03-05 19:20:04,874 django.security.DisallowedHost Invalid HTTP_HOST header: '51.84.138.91:8085'. You may need to add '51.84.138.91' to ALLOWED_HOSTS.
Traceback (most recent call last):
  File "/home/shebahub/ShebaHub_Backend/venv/lib/python3.12/site-packages/django/core/handlers/exception.py", line 55, in inner
    response = get_response(request)
               ^^^^^^^^^^^^^^^^^^^^^
  File "/home/shebahub/ShebaHub_Backend/venv/lib/python3.12/site-packages/django/utils/deprecation.py", line 133, in __call__
    response = self.process_request(request)
               ^^^^^^^^^^^^^^^^^^^^^^^^^^^^^
  File "/home/shebahub/ShebaHub_Backend/venv/lib/python3.12/site-packages/django/middleware/common.py", line 48, in process_request
    host = request.get_host()
           ^^^^^^^^^^^^^^^^^^
  File "/home/shebahub/ShebaHub_Backend/venv/lib/python3.12/site-packages/django/http/request.py", line 150, in get_host
    raise DisallowedHost(msg)
django.core.exceptions.DisallowedHost: Invalid HTTP_HOST header: '51.84.138.91:8085'. You may need to add '51.84.138.91' to ALLOWED_HOSTS.
ERROR 2026-03-05 19:20:10,055 django.security.DisallowedHost Invalid HTTP_HOST header: '51.84.138.91:8085'. You may need to add '51.84.138.91' to ALLOWED_HOSTS.
Traceback (most recent call last):
  File "/home/shebahub/ShebaHub_Backend/venv/lib/python3.12/site-packages/django/core/handlers/exception.py", line 55, in inner
    response = get_response(request)
               ^^^^^^^^^^^^^^^^^^^^^
  File "/home/shebahub/ShebaHub_Backend/venv/lib/python3.12/site-packages/django/utils/deprecation.py", line 133, in __call__
    response = self.process_request(request)
               ^^^^^^^^^^^^^^^^^^^^^^^^^^^^^
  File "/home/shebahub/ShebaHub_Backend/venv/lib/python3.12/site-packages/django/middleware/common.py", line 48, in process_request
    host = request.get_host()
           ^^^^^^^^^^^^^^^^^^
  File "/home/shebahub/ShebaHub_Backend/venv/lib/python3.12/site-packages/django/http/request.py", line 150, in get_host
    raise DisallowedHost(msg)
django.core.exceptions.DisallowedHost: Invalid HTTP_HOST header: '51.84.138.91:8085'. You may need to add '51.84.138.91' to ALLOWED_HOSTS.
ERROR 2026-03-05 23:57:21,841 django.security.DisallowedHost Invalid HTTP_HOST header: '51.84.138.91:8085'. You may need to add '51.84.138.91' to ALLOWED_HOSTS.
Traceback (most recent call last):
  File "/home/shebahub/ShebaHub_Backend/venv/lib/python3.12/site-packages/django/core/handlers/exception.py", line 55, in inner
    response = get_response(request)
               ^^^^^^^^^^^^^^^^^^^^^
  File "/home/shebahub/ShebaHub_Backend/venv/lib/python3.12/site-packages/django/utils/deprecation.py", line 133, in __call__
    response = self.process_request(request)
               ^^^^^^^^^^^^^^^^^^^^^^^^^^^^^
  File "/home/shebahub/ShebaHub_Backend/venv/lib/python3.12/site-packages/django/middleware/common.py", line 48, in process_request
    host = request.get_host()
           ^^^^^^^^^^^^^^^^^^
  File "/home/shebahub/ShebaHub_Backend/venv/lib/python3.12/site-packages/django/http/request.py", line 150, in get_host
    raise DisallowedHost(msg)
django.core.exceptions.DisallowedHost: Invalid HTTP_HOST header: '51.84.138.91:8085'. You may need to add '51.84.138.91' to ALLOWED_HOSTS.
ERROR 2026-03-05 23:57:22,560 django.security.DisallowedHost Invalid HTTP_HOST header: '51.84.138.91:8085'. You may need to add '51.84.138.91' to ALLOWED_HOSTS.
Traceback (most recent call last):
  File "/home/shebahub/ShebaHub_Backend/venv/lib/python3.12/site-packages/django/core/handlers/exception.py", line 55, in inner
    response = get_response(request)
               ^^^^^^^^^^^^^^^^^^^^^
  File "/home/shebahub/ShebaHub_Backend/venv/lib/python3.12/site-packages/django/utils/deprecation.py", line 133, in __call__
    response = self.process_request(request)
               ^^^^^^^^^^^^^^^^^^^^^^^^^^^^^
  File "/home/shebahub/ShebaHub_Backend/venv/lib/python3.12/site-packages/django/middleware/common.py", line 48, in process_request
    host = request.get_host()
           ^^^^^^^^^^^^^^^^^^
  File "/home/shebahub/ShebaHub_Backend/venv/lib/python3.12/site-packages/django/http/request.py", line 150, in get_host
    raise DisallowedHost(msg)
django.core.exceptions.DisallowedHost: Invalid HTTP_HOST header: '51.84.138.91:8085'. You may need to add '51.84.138.91' to ALLOWED_HOSTS.
ERROR 2026-03-05 23:57:23,276 django.security.DisallowedHost Invalid HTTP_HOST header: '51.84.138.91:8085'. You may need to add '51.84.138.91' to ALLOWED_HOSTS.
Traceback (most recent call last):
  File "/home/shebahub/ShebaHub_Backend/venv/lib/python3.12/site-packages/django/core/handlers/exception.py", line 55, in inner
    response = get_response(request)
               ^^^^^^^^^^^^^^^^^^^^^
  File "/home/shebahub/ShebaHub_Backend/venv/lib/python3.12/site-packages/django/utils/deprecation.py", line 133, in __call__
    response = self.process_request(request)
               ^^^^^^^^^^^^^^^^^^^^^^^^^^^^^
  File "/home/shebahub/ShebaHub_Backend/venv/lib/python3.12/site-packages/django/middleware/common.py", line 48, in process_request
    host = request.get_host()
           ^^^^^^^^^^^^^^^^^^
  File "/home/shebahub/ShebaHub_Backend/venv/lib/python3.12/site-packages/django/http/request.py", line 150, in get_host
    raise DisallowedHost(msg)
django.core.exceptions.DisallowedHost: Invalid HTTP_HOST header: '51.84.138.91:8085'. You may need to add '51.84.138.91' to ALLOWED_HOSTS.
ERROR 2026-03-05 23:57:23,979 django.security.DisallowedHost Invalid HTTP_HOST header: '51.84.138.91:8085'. You may need to add '51.84.138.91' to ALLOWED_HOSTS.
Traceback (most recent call last):
  File "/home/shebahub/ShebaHub_Backend/venv/lib/python3.12/site-packages/django/core/handlers/exception.py", line 55, in inner
    response = get_response(request)
               ^^^^^^^^^^^^^^^^^^^^^
  File "/home/shebahub/ShebaHub_Backend/venv/lib/python3.12/site-packages/django/utils/deprecation.py", line 133, in __call__
    response = self.process_request(request)
               ^^^^^^^^^^^^^^^^^^^^^^^^^^^^^
  File "/home/shebahub/ShebaHub_Backend/venv/lib/python3.12/site-packages/django/middleware/common.py", line 48, in process_request
    host = request.get_host()
           ^^^^^^^^^^^^^^^^^^
  File "/home/shebahub/ShebaHub_Backend/venv/lib/python3.12/site-packages/django/http/request.py", line 150, in get_host
    raise DisallowedHost(msg)
django.core.exceptions.DisallowedHost: Invalid HTTP_HOST header: '51.84.138.91:8085'. You may need to add '51.84.138.91' to ALLOWED_HOSTS.
ERROR 2026-03-06 10:27:24,122 django.security.DisallowedHost Invalid HTTP_HOST header: '51.84.138.91:8085'. You may need to add '51.84.138.91' to ALLOWED_HOSTS.
Traceback (most recent call last):
  File "/home/shebahub/ShebaHub_Backend/venv/lib/python3.12/site-packages/django/core/handlers/exception.py", line 55, in inner
    response = get_response(request)
               ^^^^^^^^^^^^^^^^^^^^^
  File "/home/shebahub/ShebaHub_Backend/venv/lib/python3.12/site-packages/django/utils/deprecation.py", line 133, in __call__
    response = self.process_request(request)
               ^^^^^^^^^^^^^^^^^^^^^^^^^^^^^
  File "/home/shebahub/ShebaHub_Backend/venv/lib/python3.12/site-packages/django/middleware/common.py", line 48, in process_request
    host = request.get_host()
           ^^^^^^^^^^^^^^^^^^
  File "/home/shebahub/ShebaHub_Backend/venv/lib/python3.12/site-packages/django/http/request.py", line 150, in get_host
    raise DisallowedHost(msg)
django.core.exceptions.DisallowedHost: Invalid HTTP_HOST header: '51.84.138.91:8085'. You may need to add '51.84.138.91' to ALLOWED_HOSTS.
ERROR 2026-03-06 12:39:00,643 django.security.DisallowedHost Invalid HTTP_HOST header: '51.84.138.91:8085'. You may need to add '51.84.138.91' to ALLOWED_HOSTS.
Traceback (most recent call last):
  File "/home/shebahub/ShebaHub_Backend/venv/lib/python3.12/site-packages/django/core/handlers/exception.py", line 55, in inner
    response = get_response(request)
               ^^^^^^^^^^^^^^^^^^^^^
  File "/home/shebahub/ShebaHub_Backend/venv/lib/python3.12/site-packages/django/utils/deprecation.py", line 133, in __call__
    response = self.process_request(request)
               ^^^^^^^^^^^^^^^^^^^^^^^^^^^^^
  File "/home/shebahub/ShebaHub_Backend/venv/lib/python3.12/site-packages/django/middleware/common.py", line 48, in process_request
    host = request.get_host()
           ^^^^^^^^^^^^^^^^^^
  File "/home/shebahub/ShebaHub_Backend/venv/lib/python3.12/site-packages/django/http/request.py", line 150, in get_host
    raise DisallowedHost(msg)
django.core.exceptions.DisallowedHost: Invalid HTTP_HOST header: '51.84.138.91:8085'. You may need to add '51.84.138.91' to ALLOWED_HOSTS.
ERROR 2026-03-06 12:39:01,347 django.security.DisallowedHost Invalid HTTP_HOST header: '51.84.138.91:8085'. You may need to add '51.84.138.91' to ALLOWED_HOSTS.
Traceback (most recent call last):
  File "/home/shebahub/ShebaHub_Backend/venv/lib/python3.12/site-packages/django/core/handlers/exception.py", line 55, in inner
    response = get_response(request)
               ^^^^^^^^^^^^^^^^^^^^^
  File "/home/shebahub/ShebaHub_Backend/venv/lib/python3.12/site-packages/django/utils/deprecation.py", line 133, in __call__
    response = self.process_request(request)
               ^^^^^^^^^^^^^^^^^^^^^^^^^^^^^
  File "/home/shebahub/ShebaHub_Backend/venv/lib/python3.12/site-packages/django/middleware/common.py", line 48, in process_request
    host = request.get_host()
           ^^^^^^^^^^^^^^^^^^
  File "/home/shebahub/ShebaHub_Backend/venv/lib/python3.12/site-packages/django/http/request.py", line 150, in get_host
    raise DisallowedHost(msg)
django.core.exceptions.DisallowedHost: Invalid HTTP_HOST header: '51.84.138.91:8085'. You may need to add '51.84.138.91' to ALLOWED_HOSTS.
ERROR 2026-03-06 12:39:02,055 django.security.DisallowedHost Invalid HTTP_HOST header: '51.84.138.91:8085'. You may need to add '51.84.138.91' to ALLOWED_HOSTS.
Traceback (most recent call last):
  File "/home/shebahub/ShebaHub_Backend/venv/lib/python3.12/site-packages/django/core/handlers/exception.py", line 55, in inner
    response = get_response(request)
               ^^^^^^^^^^^^^^^^^^^^^
  File "/home/shebahub/ShebaHub_Backend/venv/lib/python3.12/site-packages/django/utils/deprecation.py", line 133, in __call__
    response = self.process_request(request)
               ^^^^^^^^^^^^^^^^^^^^^^^^^^^^^
  File "/home/shebahub/ShebaHub_Backend/venv/lib/python3.12/site-packages/django/middleware/common.py", line 48, in process_request
    host = request.get_host()
           ^^^^^^^^^^^^^^^^^^
  File "/home/shebahub/ShebaHub_Backend/venv/lib/python3.12/site-packages/django/http/request.py", line 150, in get_host
    raise DisallowedHost(msg)
django.core.exceptions.DisallowedHost: Invalid HTTP_HOST header: '51.84.138.91:8085'. You may need to add '51.84.138.91' to ALLOWED_HOSTS.
ERROR 2026-03-06 12:39:02,781 django.security.DisallowedHost Invalid HTTP_HOST header: '51.84.138.91:8085'. You may need to add '51.84.138.91' to ALLOWED_HOSTS.
Traceback (most recent call last):
  File "/home/shebahub/ShebaHub_Backend/venv/lib/python3.12/site-packages/django/core/handlers/exception.py", line 55, in inner
    response = get_response(request)
               ^^^^^^^^^^^^^^^^^^^^^
  File "/home/shebahub/ShebaHub_Backend/venv/lib/python3.12/site-packages/django/utils/deprecation.py", line 133, in __call__
    response = self.process_request(request)
               ^^^^^^^^^^^^^^^^^^^^^^^^^^^^^
  File "/home/shebahub/ShebaHub_Backend/venv/lib/python3.12/site-packages/django/middleware/common.py", line 48, in process_request
    host = request.get_host()
           ^^^^^^^^^^^^^^^^^^
  File "/home/shebahub/ShebaHub_Backend/venv/lib/python3.12/site-packages/django/http/request.py", line 150, in get_host
    raise DisallowedHost(msg)
django.core.exceptions.DisallowedHost: Invalid HTTP_HOST header: '51.84.138.91:8085'. You may need to add '51.84.138.91' to ALLOWED_HOSTS.
ERROR 2026-03-06 17:02:11,079 django.security.DisallowedHost Invalid HTTP_HOST header: '51.84.138.91:8085'. You may need to add '51.84.138.91' to ALLOWED_HOSTS.
Traceback (most recent call last):
  File "/home/shebahub/ShebaHub_Backend/venv/lib/python3.12/site-packages/django/core/handlers/exception.py", line 55, in inner
    response = get_response(request)
               ^^^^^^^^^^^^^^^^^^^^^
  File "/home/shebahub/ShebaHub_Backend/venv/lib/python3.12/site-packages/django/utils/deprecation.py", line 133, in __call__
    response = self.process_request(request)
               ^^^^^^^^^^^^^^^^^^^^^^^^^^^^^
  File "/home/shebahub/ShebaHub_Backend/venv/lib/python3.12/site-packages/django/middleware/common.py", line 48, in process_request
    host = request.get_host()
           ^^^^^^^^^^^^^^^^^^
  File "/home/shebahub/ShebaHub_Backend/venv/lib/python3.12/site-packages/django/http/request.py", line 150, in get_host
    raise DisallowedHost(msg)
django.core.exceptions.DisallowedHost: Invalid HTTP_HOST header: '51.84.138.91:8085'. You may need to add '51.84.138.91' to ALLOWED_HOSTS.
ERROR 2026-03-06 17:04:47,938 django.security.DisallowedHost Invalid HTTP_HOST header: '51.84.138.91:8085'. You may need to add '51.84.138.91' to ALLOWED_HOSTS.
Traceback (most recent call last):
  File "/home/shebahub/ShebaHub_Backend/venv/lib/python3.12/site-packages/django/core/handlers/exception.py", line 55, in inner
    response = get_response(request)
               ^^^^^^^^^^^^^^^^^^^^^
  File "/home/shebahub/ShebaHub_Backend/venv/lib/python3.12/site-packages/django/utils/deprecation.py", line 133, in __call__
    response = self.process_request(request)
               ^^^^^^^^^^^^^^^^^^^^^^^^^^^^^
  File "/home/shebahub/ShebaHub_Backend/venv/lib/python3.12/site-packages/django/middleware/common.py", line 48, in process_request
    host = request.get_host()
           ^^^^^^^^^^^^^^^^^^
  File "/home/shebahub/ShebaHub_Backend/venv/lib/python3.12/site-packages/django/http/request.py", line 150, in get_host
    raise DisallowedHost(msg)
django.core.exceptions.DisallowedHost: Invalid HTTP_HOST header: '51.84.138.91:8085'. You may need to add '51.84.138.91' to ALLOWED_HOSTS.
ERROR 2026-03-06 20:45:26,668 django.security.DisallowedHost Invalid HTTP_HOST header: '51.84.138.91:8085'. You may need to add '51.84.138.91' to ALLOWED_HOSTS.
Traceback (most recent call last):
  File "/home/shebahub/ShebaHub_Backend/venv/lib/python3.12/site-packages/django/core/handlers/exception.py", line 55, in inner
    response = get_response(request)
               ^^^^^^^^^^^^^^^^^^^^^
  File "/home/shebahub/ShebaHub_Backend/venv/lib/python3.12/site-packages/django/utils/deprecation.py", line 133, in __call__
    response = self.process_request(request)
               ^^^^^^^^^^^^^^^^^^^^^^^^^^^^^
  File "/home/shebahub/ShebaHub_Backend/venv/lib/python3.12/site-packages/django/middleware/common.py", line 48, in process_request
    host = request.get_host()
           ^^^^^^^^^^^^^^^^^^
  File "/home/shebahub/ShebaHub_Backend/venv/lib/python3.12/site-packages/django/http/request.py", line 150, in get_host
    raise DisallowedHost(msg)
django.core.exceptions.DisallowedHost: Invalid HTTP_HOST header: '51.84.138.91:8085'. You may need to add '51.84.138.91' to ALLOWED_HOSTS.
INFO 2026-03-07 13:13:37,442 audit User logged in successfully: shalom@gmail.com
ERROR 2026-03-07 14:32:37,772 django.security.DisallowedHost Invalid HTTP_HOST header: '51.84.138.91:8085'. You may need to add '51.84.138.91' to ALLOWED_HOSTS.
Traceback (most recent call last):
  File "/home/shebahub/ShebaHub_Backend/venv/lib/python3.12/site-packages/django/core/handlers/exception.py", line 55, in inner
    response = get_response(request)
               ^^^^^^^^^^^^^^^^^^^^^
  File "/home/shebahub/ShebaHub_Backend/venv/lib/python3.12/site-packages/django/utils/deprecation.py", line 133, in __call__
    response = self.process_request(request)
               ^^^^^^^^^^^^^^^^^^^^^^^^^^^^^
  File "/home/shebahub/ShebaHub_Backend/venv/lib/python3.12/site-packages/django/middleware/common.py", line 48, in process_request
    host = request.get_host()
           ^^^^^^^^^^^^^^^^^^
  File "/home/shebahub/ShebaHub_Backend/venv/lib/python3.12/site-packages/django/http/request.py", line 150, in get_host
    raise DisallowedHost(msg)
django.core.exceptions.DisallowedHost: Invalid HTTP_HOST header: '51.84.138.91:8085'. You may need to add '51.84.138.91' to ALLOWED_HOSTS.
ERROR 2026-03-07 14:32:45,186 django.security.DisallowedHost Invalid HTTP_HOST header: '51.84.138.91:8085'. You may need to add '51.84.138.91' to ALLOWED_HOSTS.
Traceback (most recent call last):
  File "/home/shebahub/ShebaHub_Backend/venv/lib/python3.12/site-packages/django/core/handlers/exception.py", line 55, in inner
    response = get_response(request)
               ^^^^^^^^^^^^^^^^^^^^^
  File "/home/shebahub/ShebaHub_Backend/venv/lib/python3.12/site-packages/django/utils/deprecation.py", line 133, in __call__
    response = self.process_request(request)
               ^^^^^^^^^^^^^^^^^^^^^^^^^^^^^
  File "/home/shebahub/ShebaHub_Backend/venv/lib/python3.12/site-packages/django/middleware/common.py", line 48, in process_request
    host = request.get_host()
           ^^^^^^^^^^^^^^^^^^
  File "/home/shebahub/ShebaHub_Backend/venv/lib/python3.12/site-packages/django/http/request.py", line 150, in get_host
    raise DisallowedHost(msg)
django.core.exceptions.DisallowedHost: Invalid HTTP_HOST header: '51.84.138.91:8085'. You may need to add '51.84.138.91' to ALLOWED_HOSTS.
ERROR 2026-03-07 14:33:04,262 django.security.DisallowedHost Invalid HTTP_HOST header: '51.84.138.91:8085'. You may need to add '51.84.138.91' to ALLOWED_HOSTS.
Traceback (most recent call last):
  File "/home/shebahub/ShebaHub_Backend/venv/lib/python3.12/site-packages/django/core/handlers/exception.py", line 55, in inner
    response = get_response(request)
               ^^^^^^^^^^^^^^^^^^^^^
  File "/home/shebahub/ShebaHub_Backend/venv/lib/python3.12/site-packages/django/utils/deprecation.py", line 133, in __call__
    response = self.process_request(request)
               ^^^^^^^^^^^^^^^^^^^^^^^^^^^^^
  File "/home/shebahub/ShebaHub_Backend/venv/lib/python3.12/site-packages/django/middleware/common.py", line 48, in process_request
    host = request.get_host()
           ^^^^^^^^^^^^^^^^^^
  File "/home/shebahub/ShebaHub_Backend/venv/lib/python3.12/site-packages/django/http/request.py", line 150, in get_host
    raise DisallowedHost(msg)
django.core.exceptions.DisallowedHost: Invalid HTTP_HOST header: '51.84.138.91:8085'. You may need to add '51.84.138.91' to ALLOWED_HOSTS.
ERROR 2026-03-07 19:41:12,008 django.security.DisallowedHost Invalid HTTP_HOST header: '51.84.138.91:8085'. You may need to add '51.84.138.91' to ALLOWED_HOSTS.
Traceback (most recent call last):
  File "/home/shebahub/ShebaHub_Backend/venv/lib/python3.12/site-packages/django/core/handlers/exception.py", line 55, in inner
    response = get_response(request)
               ^^^^^^^^^^^^^^^^^^^^^
  File "/home/shebahub/ShebaHub_Backend/venv/lib/python3.12/site-packages/django/utils/deprecation.py", line 133, in __call__
    response = self.process_request(request)
               ^^^^^^^^^^^^^^^^^^^^^^^^^^^^^
  File "/home/shebahub/ShebaHub_Backend/venv/lib/python3.12/site-packages/django/middleware/common.py", line 48, in process_request
    host = request.get_host()
           ^^^^^^^^^^^^^^^^^^
  File "/home/shebahub/ShebaHub_Backend/venv/lib/python3.12/site-packages/django/http/request.py", line 150, in get_host
    raise DisallowedHost(msg)
django.core.exceptions.DisallowedHost: Invalid HTTP_HOST header: '51.84.138.91:8085'. You may need to add '51.84.138.91' to ALLOWED_HOSTS.
ERROR 2026-03-07 21:47:16,157 django.security.DisallowedHost Invalid HTTP_HOST header: '51.84.138.91:8085'. You may need to add '51.84.138.91' to ALLOWED_HOSTS.
Traceback (most recent call last):
  File "/home/shebahub/ShebaHub_Backend/venv/lib/python3.12/site-packages/django/core/handlers/exception.py", line 55, in inner
    response = get_response(request)
               ^^^^^^^^^^^^^^^^^^^^^
  File "/home/shebahub/ShebaHub_Backend/venv/lib/python3.12/site-packages/django/utils/deprecation.py", line 133, in __call__
    response = self.process_request(request)
               ^^^^^^^^^^^^^^^^^^^^^^^^^^^^^
  File "/home/shebahub/ShebaHub_Backend/venv/lib/python3.12/site-packages/django/middleware/common.py", line 48, in process_request
    host = request.get_host()
           ^^^^^^^^^^^^^^^^^^
  File "/home/shebahub/ShebaHub_Backend/venv/lib/python3.12/site-packages/django/http/request.py", line 150, in get_host
    raise DisallowedHost(msg)
django.core.exceptions.DisallowedHost: Invalid HTTP_HOST header: '51.84.138.91:8085'. You may need to add '51.84.138.91' to ALLOWED_HOSTS.
ERROR 2026-03-07 21:49:11,978 django.security.DisallowedHost Invalid HTTP_HOST header: '51.84.138.91:8085'. You may need to add '51.84.138.91' to ALLOWED_HOSTS.
Traceback (most recent call last):
  File "/home/shebahub/ShebaHub_Backend/venv/lib/python3.12/site-packages/django/core/handlers/exception.py", line 55, in inner
    response = get_response(request)
               ^^^^^^^^^^^^^^^^^^^^^
  File "/home/shebahub/ShebaHub_Backend/venv/lib/python3.12/site-packages/django/utils/deprecation.py", line 133, in __call__
    response = self.process_request(request)
               ^^^^^^^^^^^^^^^^^^^^^^^^^^^^^
  File "/home/shebahub/ShebaHub_Backend/venv/lib/python3.12/site-packages/django/middleware/common.py", line 48, in process_request
    host = request.get_host()
           ^^^^^^^^^^^^^^^^^^
  File "/home/shebahub/ShebaHub_Backend/venv/lib/python3.12/site-packages/django/http/request.py", line 150, in get_host
    raise DisallowedHost(msg)
django.core.exceptions.DisallowedHost: Invalid HTTP_HOST header: '51.84.138.91:8085'. You may need to add '51.84.138.91' to ALLOWED_HOSTS.
ERROR 2026-03-07 22:22:33,412 django.security.DisallowedHost Invalid HTTP_HOST header: '51.84.138.91:8085'. You may need to add '51.84.138.91' to ALLOWED_HOSTS.
Traceback (most recent call last):
  File "/home/shebahub/ShebaHub_Backend/venv/lib/python3.12/site-packages/django/core/handlers/exception.py", line 55, in inner
    response = get_response(request)
               ^^^^^^^^^^^^^^^^^^^^^
  File "/home/shebahub/ShebaHub_Backend/venv/lib/python3.12/site-packages/django/utils/deprecation.py", line 133, in __call__
    response = self.process_request(request)
               ^^^^^^^^^^^^^^^^^^^^^^^^^^^^^
  File "/home/shebahub/ShebaHub_Backend/venv/lib/python3.12/site-packages/django/middleware/common.py", line 48, in process_request
    host = request.get_host()
           ^^^^^^^^^^^^^^^^^^
  File "/home/shebahub/ShebaHub_Backend/venv/lib/python3.12/site-packages/django/http/request.py", line 150, in get_host
    raise DisallowedHost(msg)
django.core.exceptions.DisallowedHost: Invalid HTTP_HOST header: '51.84.138.91:8085'. You may need to add '51.84.138.91' to ALLOWED_HOSTS.
ERROR 2026-03-08 00:43:13,649 django.security.DisallowedHost Invalid HTTP_HOST header: '51.84.138.91:8085'. You may need to add '51.84.138.91' to ALLOWED_HOSTS.
Traceback (most recent call last):
  File "/home/shebahub/ShebaHub_Backend/venv/lib/python3.12/site-packages/django/core/handlers/exception.py", line 55, in inner
    response = get_response(request)
               ^^^^^^^^^^^^^^^^^^^^^
  File "/home/shebahub/ShebaHub_Backend/venv/lib/python3.12/site-packages/django/utils/deprecation.py", line 133, in __call__
    response = self.process_request(request)
               ^^^^^^^^^^^^^^^^^^^^^^^^^^^^^
  File "/home/shebahub/ShebaHub_Backend/venv/lib/python3.12/site-packages/django/middleware/common.py", line 48, in process_request
    host = request.get_host()
           ^^^^^^^^^^^^^^^^^^
  File "/home/shebahub/ShebaHub_Backend/venv/lib/python3.12/site-packages/django/http/request.py", line 150, in get_host
    raise DisallowedHost(msg)
django.core.exceptions.DisallowedHost: Invalid HTTP_HOST header: '51.84.138.91:8085'. You may need to add '51.84.138.91' to ALLOWED_HOSTS.
ERROR 2026-03-08 00:43:14,375 django.security.DisallowedHost Invalid HTTP_HOST header: '51.84.138.91:8085'. You may need to add '51.84.138.91' to ALLOWED_HOSTS.
Traceback (most recent call last):
  File "/home/shebahub/ShebaHub_Backend/venv/lib/python3.12/site-packages/django/core/handlers/exception.py", line 55, in inner
    response = get_response(request)
               ^^^^^^^^^^^^^^^^^^^^^
  File "/home/shebahub/ShebaHub_Backend/venv/lib/python3.12/site-packages/django/utils/deprecation.py", line 133, in __call__
    response = self.process_request(request)
               ^^^^^^^^^^^^^^^^^^^^^^^^^^^^^
  File "/home/shebahub/ShebaHub_Backend/venv/lib/python3.12/site-packages/django/middleware/common.py", line 48, in process_request
    host = request.get_host()
           ^^^^^^^^^^^^^^^^^^
  File "/home/shebahub/ShebaHub_Backend/venv/lib/python3.12/site-packages/django/http/request.py", line 150, in get_host
    raise DisallowedHost(msg)
django.core.exceptions.DisallowedHost: Invalid HTTP_HOST header: '51.84.138.91:8085'. You may need to add '51.84.138.91' to ALLOWED_HOSTS.
ERROR 2026-03-08 00:43:15,008 django.security.DisallowedHost Invalid HTTP_HOST header: '51.84.138.91:8085'. You may need to add '51.84.138.91' to ALLOWED_HOSTS.
Traceback (most recent call last):
  File "/home/shebahub/ShebaHub_Backend/venv/lib/python3.12/site-packages/django/core/handlers/exception.py", line 55, in inner
    response = get_response(request)
               ^^^^^^^^^^^^^^^^^^^^^
  File "/home/shebahub/ShebaHub_Backend/venv/lib/python3.12/site-packages/django/utils/deprecation.py", line 133, in __call__
    response = self.process_request(request)
               ^^^^^^^^^^^^^^^^^^^^^^^^^^^^^
  File "/home/shebahub/ShebaHub_Backend/venv/lib/python3.12/site-packages/django/middleware/common.py", line 48, in process_request
    host = request.get_host()
           ^^^^^^^^^^^^^^^^^^
  File "/home/shebahub/ShebaHub_Backend/venv/lib/python3.12/site-packages/django/http/request.py", line 150, in get_host
    raise DisallowedHost(msg)
django.core.exceptions.DisallowedHost: Invalid HTTP_HOST header: '51.84.138.91:8085'. You may need to add '51.84.138.91' to ALLOWED_HOSTS.
ERROR 2026-03-08 00:43:15,628 django.security.DisallowedHost Invalid HTTP_HOST header: '51.84.138.91:8085'. You may need to add '51.84.138.91' to ALLOWED_HOSTS.
Traceback (most recent call last):
  File "/home/shebahub/ShebaHub_Backend/venv/lib/python3.12/site-packages/django/core/handlers/exception.py", line 55, in inner
    response = get_response(request)
               ^^^^^^^^^^^^^^^^^^^^^
  File "/home/shebahub/ShebaHub_Backend/venv/lib/python3.12/site-packages/django/utils/deprecation.py", line 133, in __call__
    response = self.process_request(request)
               ^^^^^^^^^^^^^^^^^^^^^^^^^^^^^
  File "/home/shebahub/ShebaHub_Backend/venv/lib/python3.12/site-packages/django/middleware/common.py", line 48, in process_request
    host = request.get_host()
           ^^^^^^^^^^^^^^^^^^
  File "/home/shebahub/ShebaHub_Backend/venv/lib/python3.12/site-packages/django/http/request.py", line 150, in get_host
    raise DisallowedHost(msg)
django.core.exceptions.DisallowedHost: Invalid HTTP_HOST header: '51.84.138.91:8085'. You may need to add '51.84.138.91' to ALLOWED_HOSTS.
ERROR 2026-03-08 08:01:30,702 django.security.DisallowedHost Invalid HTTP_HOST header: '51.84.138.91:8085'. You may need to add '51.84.138.91' to ALLOWED_HOSTS.
Traceback (most recent call last):
  File "/home/shebahub/ShebaHub_Backend/venv/lib/python3.12/site-packages/django/core/handlers/exception.py", line 55, in inner
    response = get_response(request)
               ^^^^^^^^^^^^^^^^^^^^^
  File "/home/shebahub/ShebaHub_Backend/venv/lib/python3.12/site-packages/django/utils/deprecation.py", line 133, in __call__
    response = self.process_request(request)
               ^^^^^^^^^^^^^^^^^^^^^^^^^^^^^
  File "/home/shebahub/ShebaHub_Backend/venv/lib/python3.12/site-packages/django/middleware/common.py", line 48, in process_request
    host = request.get_host()
           ^^^^^^^^^^^^^^^^^^
  File "/home/shebahub/ShebaHub_Backend/venv/lib/python3.12/site-packages/django/http/request.py", line 150, in get_host
    raise DisallowedHost(msg)
django.core.exceptions.DisallowedHost: Invalid HTTP_HOST header: '51.84.138.91:8085'. You may need to add '51.84.138.91' to ALLOWED_HOSTS.
ERROR 2026-03-08 08:04:39,936 django.security.DisallowedHost Invalid HTTP_HOST header: '51.84.138.91:8085'. You may need to add '51.84.138.91' to ALLOWED_HOSTS.
Traceback (most recent call last):
  File "/home/shebahub/ShebaHub_Backend/venv/lib/python3.12/site-packages/django/core/handlers/exception.py", line 55, in inner
    response = get_response(request)
               ^^^^^^^^^^^^^^^^^^^^^
  File "/home/shebahub/ShebaHub_Backend/venv/lib/python3.12/site-packages/django/utils/deprecation.py", line 133, in __call__
    response = self.process_request(request)
               ^^^^^^^^^^^^^^^^^^^^^^^^^^^^^
  File "/home/shebahub/ShebaHub_Backend/venv/lib/python3.12/site-packages/django/middleware/common.py", line 48, in process_request
    host = request.get_host()
           ^^^^^^^^^^^^^^^^^^
  File "/home/shebahub/ShebaHub_Backend/venv/lib/python3.12/site-packages/django/http/request.py", line 150, in get_host
    raise DisallowedHost(msg)
django.core.exceptions.DisallowedHost: Invalid HTTP_HOST header: '51.84.138.91:8085'. You may need to add '51.84.138.91' to ALLOWED_HOSTS.
INFO 2026-03-08 10:14:00,797 audit User registered successfully: x@gmail.com
INFO 2026-03-08 10:48:00,007 audit User logged in successfully: ggg@gmail.com
INFO 2026-03-08 10:48:14,262 audit User logged in successfully: ggg2@gmail.com
INFO 2026-03-08 10:48:45,712 audit User logged in successfully: ggg3@gmail.com
INFO 2026-03-08 11:13:20,453 audit User logged in successfully: betty.hv1@gmail.com
WARNING 2026-03-08 12:45:24,621 audit Failed login attempt for: qa.tester.sheba@mailinator.com
INFO 2026-03-08 13:32:46,091 audit User logged in successfully: lorenkr20@gmail.com
INFO 2026-03-08 13:38:20,534 audit User logged in successfully: ggg@gmail.com
WARNING 2026-03-08 13:38:54,625 audit Signup validation failed: {'email': [ErrorDetail(string='User with this email already exists.', code='unique')]}
WARNING 2026-03-08 13:39:07,525 audit Signup validation failed: {'email': [ErrorDetail(string='User with this email already exists.', code='unique')]}
INFO 2026-03-08 13:39:16,680 audit User registered successfully: test21@gmail.com
INFO 2026-03-08 13:42:34,401 audit User logged in successfully: ggg2@gmail.com
INFO 2026-03-08 13:44:41,229 audit User logged in successfully: ggg@gmail.com
WARNING 2026-03-08 13:48:47,252 audit Failed login attempt for: admin@sheba.com
WARNING 2026-03-08 13:49:10,161 audit Failed login attempt for: admin@sheba.com
WARNING 2026-03-08 13:49:18,319 audit Failed login attempt for: admin@sheba.com
WARNING 2026-03-08 13:49:20,831 audit Failed login attempt for: admin@sheba.com
WARNING 2026-03-08 13:50:16,825 audit Failed login attempt for: admin@sheba.com
INFO 2026-03-08 14:32:51,874 audit User logged in successfully: lorenkr20@gmail.com
ERROR 2026-03-08 15:30:41,872 django.security.DisallowedHost Invalid HTTP_HOST header: '51.84.138.91:8085'. You may need to add '51.84.138.91' to ALLOWED_HOSTS.
Traceback (most recent call last):
  File "/home/shebahub/ShebaHub_Backend/venv/lib/python3.12/site-packages/django/core/handlers/exception.py", line 55, in inner
    response = get_response(request)
               ^^^^^^^^^^^^^^^^^^^^^
  File "/home/shebahub/ShebaHub_Backend/venv/lib/python3.12/site-packages/django/utils/deprecation.py", line 133, in __call__
    response = self.process_request(request)
               ^^^^^^^^^^^^^^^^^^^^^^^^^^^^^
  File "/home/shebahub/ShebaHub_Backend/venv/lib/python3.12/site-packages/django/middleware/common.py", line 48, in process_request
    host = request.get_host()
           ^^^^^^^^^^^^^^^^^^
  File "/home/shebahub/ShebaHub_Backend/venv/lib/python3.12/site-packages/django/http/request.py", line 150, in get_host
    raise DisallowedHost(msg)
django.core.exceptions.DisallowedHost: Invalid HTTP_HOST header: '51.84.138.91:8085'. You may need to add '51.84.138.91' to ALLOWED_HOSTS.
ERROR 2026-03-08 15:30:45,322 django.security.DisallowedHost Invalid HTTP_HOST header: '51.84.138.91:8085'. You may need to add '51.84.138.91' to ALLOWED_HOSTS.
Traceback (most recent call last):
  File "/home/shebahub/ShebaHub_Backend/venv/lib/python3.12/site-packages/django/core/handlers/exception.py", line 55, in inner
    response = get_response(request)
               ^^^^^^^^^^^^^^^^^^^^^
  File "/home/shebahub/ShebaHub_Backend/venv/lib/python3.12/site-packages/django/utils/deprecation.py", line 133, in __call__
    response = self.process_request(request)
               ^^^^^^^^^^^^^^^^^^^^^^^^^^^^^
  File "/home/shebahub/ShebaHub_Backend/venv/lib/python3.12/site-packages/django/middleware/common.py", line 48, in process_request
    host = request.get_host()
           ^^^^^^^^^^^^^^^^^^
  File "/home/shebahub/ShebaHub_Backend/venv/lib/python3.12/site-packages/django/http/request.py", line 150, in get_host
    raise DisallowedHost(msg)
django.core.exceptions.DisallowedHost: Invalid HTTP_HOST header: '51.84.138.91:8085'. You may need to add '51.84.138.91' to ALLOWED_HOSTS.
ERROR 2026-03-08 15:30:55,509 django.security.DisallowedHost Invalid HTTP_HOST header: '51.84.138.91:8085'. You may need to add '51.84.138.91' to ALLOWED_HOSTS.
Traceback (most recent call last):
  File "/home/shebahub/ShebaHub_Backend/venv/lib/python3.12/site-packages/django/core/handlers/exception.py", line 55, in inner
    response = get_response(request)
               ^^^^^^^^^^^^^^^^^^^^^
  File "/home/shebahub/ShebaHub_Backend/venv/lib/python3.12/site-packages/django/utils/deprecation.py", line 133, in __call__
    response = self.process_request(request)
               ^^^^^^^^^^^^^^^^^^^^^^^^^^^^^
  File "/home/shebahub/ShebaHub_Backend/venv/lib/python3.12/site-packages/django/middleware/common.py", line 48, in process_request
    host = request.get_host()
           ^^^^^^^^^^^^^^^^^^
  File "/home/shebahub/ShebaHub_Backend/venv/lib/python3.12/site-packages/django/http/request.py", line 150, in get_host
    raise DisallowedHost(msg)
django.core.exceptions.DisallowedHost: Invalid HTTP_HOST header: '51.84.138.91:8085'. You may need to add '51.84.138.91' to ALLOWED_HOSTS.
ERROR 2026-03-08 23:26:31,898 django.security.DisallowedHost Invalid HTTP_HOST header: '51.84.138.91:8085'. You may need to add '51.84.138.91' to ALLOWED_HOSTS.
Traceback (most recent call last):
  File "/home/shebahub/ShebaHub_Backend/venv/lib/python3.12/site-packages/django/core/handlers/exception.py", line 55, in inner
    response = get_response(request)
               ^^^^^^^^^^^^^^^^^^^^^
  File "/home/shebahub/ShebaHub_Backend/venv/lib/python3.12/site-packages/django/utils/deprecation.py", line 133, in __call__
    response = self.process_request(request)
               ^^^^^^^^^^^^^^^^^^^^^^^^^^^^^
  File "/home/shebahub/ShebaHub_Backend/venv/lib/python3.12/site-packages/django/middleware/common.py", line 48, in process_request
    host = request.get_host()
           ^^^^^^^^^^^^^^^^^^
  File "/home/shebahub/ShebaHub_Backend/venv/lib/python3.12/site-packages/django/http/request.py", line 150, in get_host
    raise DisallowedHost(msg)
django.core.exceptions.DisallowedHost: Invalid HTTP_HOST header: '51.84.138.91:8085'. You may need to add '51.84.138.91' to ALLOWED_HOSTS.
ERROR 2026-03-09 05:37:52,707 django.security.DisallowedHost Invalid HTTP_HOST header: '51.84.138.91:8085'. You may need to add '51.84.138.91' to ALLOWED_HOSTS.
Traceback (most recent call last):
  File "/home/shebahub/ShebaHub_Backend/venv/lib/python3.12/site-packages/django/core/handlers/exception.py", line 55, in inner
    response = get_response(request)
               ^^^^^^^^^^^^^^^^^^^^^
  File "/home/shebahub/ShebaHub_Backend/venv/lib/python3.12/site-packages/django/utils/deprecation.py", line 133, in __call__
    response = self.process_request(request)
               ^^^^^^^^^^^^^^^^^^^^^^^^^^^^^
  File "/home/shebahub/ShebaHub_Backend/venv/lib/python3.12/site-packages/django/middleware/common.py", line 48, in process_request
    host = request.get_host()
           ^^^^^^^^^^^^^^^^^^
  File "/home/shebahub/ShebaHub_Backend/venv/lib/python3.12/site-packages/django/http/request.py", line 150, in get_host
    raise DisallowedHost(msg)
django.core.exceptions.DisallowedHost: Invalid HTTP_HOST header: '51.84.138.91:8085'. You may need to add '51.84.138.91' to ALLOWED_HOSTS.
ERROR 2026-03-09 05:38:00,262 django.security.DisallowedHost Invalid HTTP_HOST header: '51.84.138.91:8085'. You may need to add '51.84.138.91' to ALLOWED_HOSTS.
Traceback (most recent call last):
  File "/home/shebahub/ShebaHub_Backend/venv/lib/python3.12/site-packages/django/core/handlers/exception.py", line 55, in inner
    response = get_response(request)
               ^^^^^^^^^^^^^^^^^^^^^
  File "/home/shebahub/ShebaHub_Backend/venv/lib/python3.12/site-packages/django/utils/deprecation.py", line 133, in __call__
    response = self.process_request(request)
               ^^^^^^^^^^^^^^^^^^^^^^^^^^^^^
  File "/home/shebahub/ShebaHub_Backend/venv/lib/python3.12/site-packages/django/middleware/common.py", line 48, in process_request
    host = request.get_host()
           ^^^^^^^^^^^^^^^^^^
  File "/home/shebahub/ShebaHub_Backend/venv/lib/python3.12/site-packages/django/http/request.py", line 150, in get_host
    raise DisallowedHost(msg)
django.core.exceptions.DisallowedHost: Invalid HTTP_HOST header: '51.84.138.91:8085'. You may need to add '51.84.138.91' to ALLOWED_HOSTS.
ERROR 2026-03-09 05:38:27,056 django.security.DisallowedHost Invalid HTTP_HOST header: '51.84.138.91:8085'. You may need to add '51.84.138.91' to ALLOWED_HOSTS.
Traceback (most recent call last):
  File "/home/shebahub/ShebaHub_Backend/venv/lib/python3.12/site-packages/django/core/handlers/exception.py", line 55, in inner
    response = get_response(request)
               ^^^^^^^^^^^^^^^^^^^^^
  File "/home/shebahub/ShebaHub_Backend/venv/lib/python3.12/site-packages/django/utils/deprecation.py", line 133, in __call__
    response = self.process_request(request)
               ^^^^^^^^^^^^^^^^^^^^^^^^^^^^^
  File "/home/shebahub/ShebaHub_Backend/venv/lib/python3.12/site-packages/django/middleware/common.py", line 48, in process_request
    host = request.get_host()
           ^^^^^^^^^^^^^^^^^^
  File "/home/shebahub/ShebaHub_Backend/venv/lib/python3.12/site-packages/django/http/request.py", line 150, in get_host
    raise DisallowedHost(msg)
django.core.exceptions.DisallowedHost: Invalid HTTP_HOST header: '51.84.138.91:8085'. You may need to add '51.84.138.91' to ALLOWED_HOSTS.
ERROR 2026-03-09 07:49:59,084 django.security.DisallowedHost Invalid HTTP_HOST header: '51.84.138.91:8085'. You may need to add '51.84.138.91' to ALLOWED_HOSTS.
Traceback (most recent call last):
  File "/home/shebahub/ShebaHub_Backend/venv/lib/python3.12/site-packages/django/core/handlers/exception.py", line 55, in inner
    response = get_response(request)
               ^^^^^^^^^^^^^^^^^^^^^
  File "/home/shebahub/ShebaHub_Backend/venv/lib/python3.12/site-packages/django/utils/deprecation.py", line 133, in __call__
    response = self.process_request(request)
               ^^^^^^^^^^^^^^^^^^^^^^^^^^^^^
  File "/home/shebahub/ShebaHub_Backend/venv/lib/python3.12/site-packages/django/middleware/common.py", line 48, in process_request
    host = request.get_host()
           ^^^^^^^^^^^^^^^^^^
  File "/home/shebahub/ShebaHub_Backend/venv/lib/python3.12/site-packages/django/http/request.py", line 150, in get_host
    raise DisallowedHost(msg)
django.core.exceptions.DisallowedHost: Invalid HTTP_HOST header: '51.84.138.91:8085'. You may need to add '51.84.138.91' to ALLOWED_HOSTS.
INFO 2026-03-09 12:07:52,947 audit User logged in successfully: ggg@gmail.com
INFO 2026-03-09 14:27:13,114 audit User logged in successfully: ggg@gmail.com
INFO 2026-03-09 14:28:24,864 audit User logged in successfully: ggg2@gmail.com
ERROR 2026-03-10 04:37:45,348 django.security.DisallowedHost Invalid HTTP_HOST header: '51.84.138.91:8085'. You may need to add '51.84.138.91' to ALLOWED_HOSTS.
Traceback (most recent call last):
  File "/home/shebahub/ShebaHub_Backend/venv/lib/python3.12/site-packages/django/core/handlers/exception.py", line 55, in inner
    response = get_response(request)
               ^^^^^^^^^^^^^^^^^^^^^
  File "/home/shebahub/ShebaHub_Backend/venv/lib/python3.12/site-packages/django/utils/deprecation.py", line 133, in __call__
    response = self.process_request(request)
               ^^^^^^^^^^^^^^^^^^^^^^^^^^^^^
  File "/home/shebahub/ShebaHub_Backend/venv/lib/python3.12/site-packages/django/middleware/common.py", line 48, in process_request
    host = request.get_host()
           ^^^^^^^^^^^^^^^^^^
  File "/home/shebahub/ShebaHub_Backend/venv/lib/python3.12/site-packages/django/http/request.py", line 150, in get_host
    raise DisallowedHost(msg)
django.core.exceptions.DisallowedHost: Invalid HTTP_HOST header: '51.84.138.91:8085'. You may need to add '51.84.138.91' to ALLOWED_HOSTS.
ERROR 2026-03-10 06:04:29,747 django.security.DisallowedHost Invalid HTTP_HOST header: '51.84.138.91:8085'. You may need to add '51.84.138.91' to ALLOWED_HOSTS.
Traceback (most recent call last):
  File "/home/shebahub/ShebaHub_Backend/venv/lib/python3.12/site-packages/django/core/handlers/exception.py", line 55, in inner
    response = get_response(request)
               ^^^^^^^^^^^^^^^^^^^^^
  File "/home/shebahub/ShebaHub_Backend/venv/lib/python3.12/site-packages/django/utils/deprecation.py", line 133, in __call__
    response = self.process_request(request)
               ^^^^^^^^^^^^^^^^^^^^^^^^^^^^^
  File "/home/shebahub/ShebaHub_Backend/venv/lib/python3.12/site-packages/django/middleware/common.py", line 48, in process_request
    host = request.get_host()
           ^^^^^^^^^^^^^^^^^^
  File "/home/shebahub/ShebaHub_Backend/venv/lib/python3.12/site-packages/django/http/request.py", line 150, in get_host
    raise DisallowedHost(msg)
django.core.exceptions.DisallowedHost: Invalid HTTP_HOST header: '51.84.138.91:8085'. You may need to add '51.84.138.91' to ALLOWED_HOSTS.
ERROR 2026-03-10 06:06:34,593 django.security.DisallowedHost Invalid HTTP_HOST header: '51.84.138.91:8085'. You may need to add '51.84.138.91' to ALLOWED_HOSTS.
Traceback (most recent call last):
  File "/home/shebahub/ShebaHub_Backend/venv/lib/python3.12/site-packages/django/core/handlers/exception.py", line 55, in inner
    response = get_response(request)
               ^^^^^^^^^^^^^^^^^^^^^
  File "/home/shebahub/ShebaHub_Backend/venv/lib/python3.12/site-packages/django/utils/deprecation.py", line 133, in __call__
    response = self.process_request(request)
               ^^^^^^^^^^^^^^^^^^^^^^^^^^^^^
  File "/home/shebahub/ShebaHub_Backend/venv/lib/python3.12/site-packages/django/middleware/common.py", line 48, in process_request
    host = request.get_host()
           ^^^^^^^^^^^^^^^^^^
  File "/home/shebahub/ShebaHub_Backend/venv/lib/python3.12/site-packages/django/http/request.py", line 150, in get_host
    raise DisallowedHost(msg)
django.core.exceptions.DisallowedHost: Invalid HTTP_HOST header: '51.84.138.91:8085'. You may need to add '51.84.138.91' to ALLOWED_HOSTS.
INFO 2026-03-10 11:45:52,269 audit User logged in successfully: ggg@gmail.com
INFO 2026-03-10 13:31:11,753 audit User logged in successfully: ionatan1233@gmail.com
WARNING 2026-03-10 13:31:59,715 audit Signup validation failed: {'email': [ErrorDetail(string='User with this email already exists.', code='unique')]}
WARNING 2026-03-10 13:32:03,441 audit Signup validation failed: {'email': [ErrorDetail(string='User with this email already exists.', code='unique')]}
INFO 2026-03-10 13:32:34,320 audit User logged in successfully: testtest1@gmail.com
INFO 2026-03-10 13:33:18,706 audit User registered successfully: bdika@gmail.com
INFO 2026-03-10 14:44:46,088 audit User logged in successfully: ggg@gmail.com
INFO 2026-03-10 14:45:08,764 audit User logged in successfully: ggg2@gmail.com
INFO 2026-03-10 15:53:59,374 audit User logged in successfully: ggg@gmail.com
INFO 2026-03-10 16:11:54,692 audit User logged in successfully: roy.vivantee@gmail.com
INFO 2026-03-10 16:13:54,414 audit Mentor profile created: roy.vivantee@gmail.com
INFO 2026-03-10 17:31:31,609 audit User logged in successfully: ggg2@gmail.com
INFO 2026-03-10 17:42:23,797 audit Student profile updated: ggg2@gmail.com
ERROR 2026-03-10 17:52:18,791 django.security.DisallowedHost Invalid HTTP_HOST header: '51.84.138.91:8085'. You may need to add '51.84.138.91' to ALLOWED_HOSTS.
Traceback (most recent call last):
  File "/home/shebahub/ShebaHub_Backend/venv/lib/python3.12/site-packages/django/core/handlers/exception.py", line 55, in inner
    response = get_response(request)
               ^^^^^^^^^^^^^^^^^^^^^
  File "/home/shebahub/ShebaHub_Backend/venv/lib/python3.12/site-packages/django/utils/deprecation.py", line 133, in __call__
    response = self.process_request(request)
               ^^^^^^^^^^^^^^^^^^^^^^^^^^^^^
  File "/home/shebahub/ShebaHub_Backend/venv/lib/python3.12/site-packages/django/middleware/common.py", line 48, in process_request
    host = request.get_host()
           ^^^^^^^^^^^^^^^^^^
  File "/home/shebahub/ShebaHub_Backend/venv/lib/python3.12/site-packages/django/http/request.py", line 150, in get_host
    raise DisallowedHost(msg)
django.core.exceptions.DisallowedHost: Invalid HTTP_HOST header: '51.84.138.91:8085'. You may need to add '51.84.138.91' to ALLOWED_HOSTS.
ERROR 2026-03-10 17:54:16,348 django.security.DisallowedHost Invalid HTTP_HOST header: '51.84.138.91:8085'. You may need to add '51.84.138.91' to ALLOWED_HOSTS.
Traceback (most recent call last):
  File "/home/shebahub/ShebaHub_Backend/venv/lib/python3.12/site-packages/django/core/handlers/exception.py", line 55, in inner
    response = get_response(request)
               ^^^^^^^^^^^^^^^^^^^^^
  File "/home/shebahub/ShebaHub_Backend/venv/lib/python3.12/site-packages/django/utils/deprecation.py", line 133, in __call__
    response = self.process_request(request)
               ^^^^^^^^^^^^^^^^^^^^^^^^^^^^^
  File "/home/shebahub/ShebaHub_Backend/venv/lib/python3.12/site-packages/django/middleware/common.py", line 48, in process_request
    host = request.get_host()
           ^^^^^^^^^^^^^^^^^^
  File "/home/shebahub/ShebaHub_Backend/venv/lib/python3.12/site-packages/django/http/request.py", line 150, in get_host
    raise DisallowedHost(msg)
django.core.exceptions.DisallowedHost: Invalid HTTP_HOST header: '51.84.138.91:8085'. You may need to add '51.84.138.91' to ALLOWED_HOSTS.
ERROR 2026-03-11 11:01:17,638 django.security.DisallowedHost Invalid HTTP_HOST header: '51.84.138.91:8085'. You may need to add '51.84.138.91' to ALLOWED_HOSTS.
Traceback (most recent call last):
  File "/home/shebahub/ShebaHub_Backend/venv/lib/python3.12/site-packages/django/core/handlers/exception.py", line 55, in inner
    response = get_response(request)
               ^^^^^^^^^^^^^^^^^^^^^
  File "/home/shebahub/ShebaHub_Backend/venv/lib/python3.12/site-packages/django/utils/deprecation.py", line 133, in __call__
    response = self.process_request(request)
               ^^^^^^^^^^^^^^^^^^^^^^^^^^^^^
  File "/home/shebahub/ShebaHub_Backend/venv/lib/python3.12/site-packages/django/middleware/common.py", line 48, in process_request
    host = request.get_host()
           ^^^^^^^^^^^^^^^^^^
  File "/home/shebahub/ShebaHub_Backend/venv/lib/python3.12/site-packages/django/http/request.py", line 150, in get_host
    raise DisallowedHost(msg)
django.core.exceptions.DisallowedHost: Invalid HTTP_HOST header: '51.84.138.91:8085'. You may need to add '51.84.138.91' to ALLOWED_HOSTS.
ERROR 2026-03-11 11:01:30,199 django.security.DisallowedHost Invalid HTTP_HOST header: '51.84.138.91:8085'. You may need to add '51.84.138.91' to ALLOWED_HOSTS.
Traceback (most recent call last):
  File "/home/shebahub/ShebaHub_Backend/venv/lib/python3.12/site-packages/django/core/handlers/exception.py", line 55, in inner
    response = get_response(request)
               ^^^^^^^^^^^^^^^^^^^^^
  File "/home/shebahub/ShebaHub_Backend/venv/lib/python3.12/site-packages/django/utils/deprecation.py", line 133, in __call__
    response = self.process_request(request)
               ^^^^^^^^^^^^^^^^^^^^^^^^^^^^^
  File "/home/shebahub/ShebaHub_Backend/venv/lib/python3.12/site-packages/django/middleware/common.py", line 48, in process_request
    host = request.get_host()
           ^^^^^^^^^^^^^^^^^^
  File "/home/shebahub/ShebaHub_Backend/venv/lib/python3.12/site-packages/django/http/request.py", line 150, in get_host
    raise DisallowedHost(msg)
django.core.exceptions.DisallowedHost: Invalid HTTP_HOST header: '51.84.138.91:8085'. You may need to add '51.84.138.91' to ALLOWED_HOSTS.
INFO 2026-03-11 13:32:42,450 audit User logged in successfully: ggg2@gmail.com
INFO 2026-03-11 13:46:04,760 audit User logged in successfully: ggg2@gmail.com
INFO 2026-03-11 13:46:09,051 audit User logged in successfully: ggg@gmail.com
ERROR 2026-03-11 15:31:15,368 django.security.DisallowedHost Invalid HTTP_HOST header: '51.84.138.91:8085'. You may need to add '51.84.138.91' to ALLOWED_HOSTS.
Traceback (most recent call last):
  File "/home/shebahub/ShebaHub_Backend/venv/lib/python3.12/site-packages/django/core/handlers/exception.py", line 55, in inner
    response = get_response(request)
               ^^^^^^^^^^^^^^^^^^^^^
  File "/home/shebahub/ShebaHub_Backend/venv/lib/python3.12/site-packages/django/utils/deprecation.py", line 133, in __call__
    response = self.process_request(request)
               ^^^^^^^^^^^^^^^^^^^^^^^^^^^^^
  File "/home/shebahub/ShebaHub_Backend/venv/lib/python3.12/site-packages/django/middleware/common.py", line 48, in process_request
    host = request.get_host()
           ^^^^^^^^^^^^^^^^^^
  File "/home/shebahub/ShebaHub_Backend/venv/lib/python3.12/site-packages/django/http/request.py", line 150, in get_host
    raise DisallowedHost(msg)
django.core.exceptions.DisallowedHost: Invalid HTTP_HOST header: '51.84.138.91:8085'. You may need to add '51.84.138.91' to ALLOWED_HOSTS.
ERROR 2026-03-11 18:42:25,426 django.security.DisallowedHost Invalid HTTP_HOST header: '51.84.138.91:8085'. You may need to add '51.84.138.91' to ALLOWED_HOSTS.
Traceback (most recent call last):
  File "/home/shebahub/ShebaHub_Backend/venv/lib/python3.12/site-packages/django/core/handlers/exception.py", line 55, in inner
    response = get_response(request)
               ^^^^^^^^^^^^^^^^^^^^^
  File "/home/shebahub/ShebaHub_Backend/venv/lib/python3.12/site-packages/django/utils/deprecation.py", line 133, in __call__
    response = self.process_request(request)
               ^^^^^^^^^^^^^^^^^^^^^^^^^^^^^
  File "/home/shebahub/ShebaHub_Backend/venv/lib/python3.12/site-packages/django/middleware/common.py", line 48, in process_request
    host = request.get_host()
           ^^^^^^^^^^^^^^^^^^
  File "/home/shebahub/ShebaHub_Backend/venv/lib/python3.12/site-packages/django/http/request.py", line 150, in get_host
    raise DisallowedHost(msg)
django.core.exceptions.DisallowedHost: Invalid HTTP_HOST header: '51.84.138.91:8085'. You may need to add '51.84.138.91' to ALLOWED_HOSTS.
ERROR 2026-03-11 18:44:37,428 django.security.DisallowedHost Invalid HTTP_HOST header: '51.84.138.91:8085'. You may need to add '51.84.138.91' to ALLOWED_HOSTS.
Traceback (most recent call last):
  File "/home/shebahub/ShebaHub_Backend/venv/lib/python3.12/site-packages/django/core/handlers/exception.py", line 55, in inner
    response = get_response(request)
               ^^^^^^^^^^^^^^^^^^^^^
  File "/home/shebahub/ShebaHub_Backend/venv/lib/python3.12/site-packages/django/utils/deprecation.py", line 133, in __call__
    response = self.process_request(request)
               ^^^^^^^^^^^^^^^^^^^^^^^^^^^^^
  File "/home/shebahub/ShebaHub_Backend/venv/lib/python3.12/site-packages/django/middleware/common.py", line 48, in process_request
    host = request.get_host()
           ^^^^^^^^^^^^^^^^^^
  File "/home/shebahub/ShebaHub_Backend/venv/lib/python3.12/site-packages/django/http/request.py", line 150, in get_host
    raise DisallowedHost(msg)
django.core.exceptions.DisallowedHost: Invalid HTTP_HOST header: '51.84.138.91:8085'. You may need to add '51.84.138.91' to ALLOWED_HOSTS.
ERROR 2026-03-12 09:06:10,075 django.security.DisallowedHost Invalid HTTP_HOST header: '51.84.138.91:8085'. You may need to add '51.84.138.91' to ALLOWED_HOSTS.
Traceback (most recent call last):
  File "/home/shebahub/ShebaHub_Backend/venv/lib/python3.12/site-packages/django/core/handlers/exception.py", line 55, in inner
    response = get_response(request)
               ^^^^^^^^^^^^^^^^^^^^^
  File "/home/shebahub/ShebaHub_Backend/venv/lib/python3.12/site-packages/django/utils/deprecation.py", line 133, in __call__
    response = self.process_request(request)
               ^^^^^^^^^^^^^^^^^^^^^^^^^^^^^
  File "/home/shebahub/ShebaHub_Backend/venv/lib/python3.12/site-packages/django/middleware/common.py", line 48, in process_request
    host = request.get_host()
           ^^^^^^^^^^^^^^^^^^
  File "/home/shebahub/ShebaHub_Backend/venv/lib/python3.12/site-packages/django/http/request.py", line 150, in get_host
    raise DisallowedHost(msg)
django.core.exceptions.DisallowedHost: Invalid HTTP_HOST header: '51.84.138.91:8085'. You may need to add '51.84.138.91' to ALLOWED_HOSTS.
ERROR 2026-03-12 12:08:18,647 django.security.DisallowedHost Invalid HTTP_HOST header: '51.84.138.91:8085'. You may need to add '51.84.138.91' to ALLOWED_HOSTS.
Traceback (most recent call last):
  File "/home/shebahub/ShebaHub_Backend/venv/lib/python3.12/site-packages/django/core/handlers/exception.py", line 55, in inner
    response = get_response(request)
               ^^^^^^^^^^^^^^^^^^^^^
  File "/home/shebahub/ShebaHub_Backend/venv/lib/python3.12/site-packages/django/utils/deprecation.py", line 133, in __call__
    response = self.process_request(request)
               ^^^^^^^^^^^^^^^^^^^^^^^^^^^^^
  File "/home/shebahub/ShebaHub_Backend/venv/lib/python3.12/site-packages/django/middleware/common.py", line 48, in process_request
    host = request.get_host()
           ^^^^^^^^^^^^^^^^^^
  File "/home/shebahub/ShebaHub_Backend/venv/lib/python3.12/site-packages/django/http/request.py", line 150, in get_host
    raise DisallowedHost(msg)
django.core.exceptions.DisallowedHost: Invalid HTTP_HOST header: '51.84.138.91:8085'. You may need to add '51.84.138.91' to ALLOWED_HOSTS.
ERROR 2026-03-12 12:08:41,752 django.security.DisallowedHost Invalid HTTP_HOST header: '51.84.138.91:8085'. You may need to add '51.84.138.91' to ALLOWED_HOSTS.
Traceback (most recent call last):
  File "/home/shebahub/ShebaHub_Backend/venv/lib/python3.12/site-packages/django/core/handlers/exception.py", line 55, in inner
    response = get_response(request)
               ^^^^^^^^^^^^^^^^^^^^^
  File "/home/shebahub/ShebaHub_Backend/venv/lib/python3.12/site-packages/django/utils/deprecation.py", line 133, in __call__
    response = self.process_request(request)
               ^^^^^^^^^^^^^^^^^^^^^^^^^^^^^
  File "/home/shebahub/ShebaHub_Backend/venv/lib/python3.12/site-packages/django/middleware/common.py", line 48, in process_request
    host = request.get_host()
           ^^^^^^^^^^^^^^^^^^
  File "/home/shebahub/ShebaHub_Backend/venv/lib/python3.12/site-packages/django/http/request.py", line 150, in get_host
    raise DisallowedHost(msg)
django.core.exceptions.DisallowedHost: Invalid HTTP_HOST header: '51.84.138.91:8085'. You may need to add '51.84.138.91' to ALLOWED_HOSTS.
INFO 2026-03-12 14:30:39,755 audit Mentor profile updated: ggg@gmail.com
ERROR 2026-03-12 17:03:02,296 django.security.DisallowedHost Invalid HTTP_HOST header: '51.84.138.91:8085'. You may need to add '51.84.138.91' to ALLOWED_HOSTS.
Traceback (most recent call last):
  File "/home/shebahub/ShebaHub_Backend/venv/lib/python3.12/site-packages/django/core/handlers/exception.py", line 55, in inner
    response = get_response(request)
               ^^^^^^^^^^^^^^^^^^^^^
  File "/home/shebahub/ShebaHub_Backend/venv/lib/python3.12/site-packages/django/utils/deprecation.py", line 133, in __call__
    response = self.process_request(request)
               ^^^^^^^^^^^^^^^^^^^^^^^^^^^^^
  File "/home/shebahub/ShebaHub_Backend/venv/lib/python3.12/site-packages/django/middleware/common.py", line 48, in process_request
    host = request.get_host()
           ^^^^^^^^^^^^^^^^^^
  File "/home/shebahub/ShebaHub_Backend/venv/lib/python3.12/site-packages/django/http/request.py", line 150, in get_host
    raise DisallowedHost(msg)
django.core.exceptions.DisallowedHost: Invalid HTTP_HOST header: '51.84.138.91:8085'. You may need to add '51.84.138.91' to ALLOWED_HOSTS.
ERROR 2026-03-13 04:50:30,799 django.security.DisallowedHost Invalid HTTP_HOST header: '51.84.138.91:8085'. You may need to add '51.84.138.91' to ALLOWED_HOSTS.
Traceback (most recent call last):
  File "/home/shebahub/ShebaHub_Backend/venv/lib/python3.12/site-packages/django/core/handlers/exception.py", line 55, in inner
    response = get_response(request)
               ^^^^^^^^^^^^^^^^^^^^^
  File "/home/shebahub/ShebaHub_Backend/venv/lib/python3.12/site-packages/django/utils/deprecation.py", line 133, in __call__
    response = self.process_request(request)
               ^^^^^^^^^^^^^^^^^^^^^^^^^^^^^
  File "/home/shebahub/ShebaHub_Backend/venv/lib/python3.12/site-packages/django/middleware/common.py", line 48, in process_request
    host = request.get_host()
           ^^^^^^^^^^^^^^^^^^
  File "/home/shebahub/ShebaHub_Backend/venv/lib/python3.12/site-packages/django/http/request.py", line 150, in get_host
    raise DisallowedHost(msg)
django.core.exceptions.DisallowedHost: Invalid HTTP_HOST header: '51.84.138.91:8085'. You may need to add '51.84.138.91' to ALLOWED_HOSTS.
ERROR 2026-03-13 05:16:02,726 django.security.DisallowedHost Invalid HTTP_HOST header: '51.84.138.91:8085'. You may need to add '51.84.138.91' to ALLOWED_HOSTS.
Traceback (most recent call last):
  File "/home/shebahub/ShebaHub_Backend/venv/lib/python3.12/site-packages/django/core/handlers/exception.py", line 55, in inner
    response = get_response(request)
               ^^^^^^^^^^^^^^^^^^^^^
  File "/home/shebahub/ShebaHub_Backend/venv/lib/python3.12/site-packages/django/utils/deprecation.py", line 133, in __call__
    response = self.process_request(request)
               ^^^^^^^^^^^^^^^^^^^^^^^^^^^^^
  File "/home/shebahub/ShebaHub_Backend/venv/lib/python3.12/site-packages/django/middleware/common.py", line 48, in process_request
    host = request.get_host()
           ^^^^^^^^^^^^^^^^^^
  File "/home/shebahub/ShebaHub_Backend/venv/lib/python3.12/site-packages/django/http/request.py", line 150, in get_host
    raise DisallowedHost(msg)
django.core.exceptions.DisallowedHost: Invalid HTTP_HOST header: '51.84.138.91:8085'. You may need to add '51.84.138.91' to ALLOWED_HOSTS.
ERROR 2026-03-13 13:03:15,793 django.security.DisallowedHost Invalid HTTP_HOST header: '51.84.138.91:8085'. You may need to add '51.84.138.91' to ALLOWED_HOSTS.
Traceback (most recent call last):
  File "/home/shebahub/ShebaHub_Backend/venv/lib/python3.12/site-packages/django/core/handlers/exception.py", line 55, in inner
    response = get_response(request)
               ^^^^^^^^^^^^^^^^^^^^^
  File "/home/shebahub/ShebaHub_Backend/venv/lib/python3.12/site-packages/django/utils/deprecation.py", line 133, in __call__
    response = self.process_request(request)
               ^^^^^^^^^^^^^^^^^^^^^^^^^^^^^
  File "/home/shebahub/ShebaHub_Backend/venv/lib/python3.12/site-packages/django/middleware/common.py", line 48, in process_request
    host = request.get_host()
           ^^^^^^^^^^^^^^^^^^
  File "/home/shebahub/ShebaHub_Backend/venv/lib/python3.12/site-packages/django/http/request.py", line 150, in get_host
    raise DisallowedHost(msg)
django.core.exceptions.DisallowedHost: Invalid HTTP_HOST header: '51.84.138.91:8085'. You may need to add '51.84.138.91' to ALLOWED_HOSTS.
ERROR 2026-03-13 13:05:29,174 django.security.DisallowedHost Invalid HTTP_HOST header: '51.84.138.91:8085'. You may need to add '51.84.138.91' to ALLOWED_HOSTS.
Traceback (most recent call last):
  File "/home/shebahub/ShebaHub_Backend/venv/lib/python3.12/site-packages/django/core/handlers/exception.py", line 55, in inner
    response = get_response(request)
               ^^^^^^^^^^^^^^^^^^^^^
  File "/home/shebahub/ShebaHub_Backend/venv/lib/python3.12/site-packages/django/utils/deprecation.py", line 133, in __call__
    response = self.process_request(request)
               ^^^^^^^^^^^^^^^^^^^^^^^^^^^^^
  File "/home/shebahub/ShebaHub_Backend/venv/lib/python3.12/site-packages/django/middleware/common.py", line 48, in process_request
    host = request.get_host()
           ^^^^^^^^^^^^^^^^^^
  File "/home/shebahub/ShebaHub_Backend/venv/lib/python3.12/site-packages/django/http/request.py", line 150, in get_host
    raise DisallowedHost(msg)
django.core.exceptions.DisallowedHost: Invalid HTTP_HOST header: '51.84.138.91:8085'. You may need to add '51.84.138.91' to ALLOWED_HOSTS.
ERROR 2026-03-13 13:08:31,281 django.security.DisallowedHost Invalid HTTP_HOST header: '51.84.138.91:8085'. You may need to add '51.84.138.91' to ALLOWED_HOSTS.
Traceback (most recent call last):
  File "/home/shebahub/ShebaHub_Backend/venv/lib/python3.12/site-packages/django/core/handlers/exception.py", line 55, in inner
    response = get_response(request)
               ^^^^^^^^^^^^^^^^^^^^^
  File "/home/shebahub/ShebaHub_Backend/venv/lib/python3.12/site-packages/django/utils/deprecation.py", line 133, in __call__
    response = self.process_request(request)
               ^^^^^^^^^^^^^^^^^^^^^^^^^^^^^
  File "/home/shebahub/ShebaHub_Backend/venv/lib/python3.12/site-packages/django/middleware/common.py", line 48, in process_request
    host = request.get_host()
           ^^^^^^^^^^^^^^^^^^
  File "/home/shebahub/ShebaHub_Backend/venv/lib/python3.12/site-packages/django/http/request.py", line 150, in get_host
    raise DisallowedHost(msg)
django.core.exceptions.DisallowedHost: Invalid HTTP_HOST header: '51.84.138.91:8085'. You may need to add '51.84.138.91' to ALLOWED_HOSTS.
ERROR 2026-03-13 13:16:53,891 django.security.DisallowedHost Invalid HTTP_HOST header: '51.84.138.91:8085'. You may need to add '51.84.138.91' to ALLOWED_HOSTS.
Traceback (most recent call last):
  File "/home/shebahub/ShebaHub_Backend/venv/lib/python3.12/site-packages/django/core/handlers/exception.py", line 55, in inner
    response = get_response(request)
               ^^^^^^^^^^^^^^^^^^^^^
  File "/home/shebahub/ShebaHub_Backend/venv/lib/python3.12/site-packages/django/utils/deprecation.py", line 133, in __call__
    response = self.process_request(request)
               ^^^^^^^^^^^^^^^^^^^^^^^^^^^^^
  File "/home/shebahub/ShebaHub_Backend/venv/lib/python3.12/site-packages/django/middleware/common.py", line 48, in process_request
    host = request.get_host()
           ^^^^^^^^^^^^^^^^^^
  File "/home/shebahub/ShebaHub_Backend/venv/lib/python3.12/site-packages/django/http/request.py", line 150, in get_host
    raise DisallowedHost(msg)
django.core.exceptions.DisallowedHost: Invalid HTTP_HOST header: '51.84.138.91:8085'. You may need to add '51.84.138.91' to ALLOWED_HOSTS.
ERROR 2026-03-13 17:37:26,036 django.security.DisallowedHost Invalid HTTP_HOST header: '51.84.138.91:8085'. You may need to add '51.84.138.91' to ALLOWED_HOSTS.
Traceback (most recent call last):
  File "/home/shebahub/ShebaHub_Backend/venv/lib/python3.12/site-packages/django/core/handlers/exception.py", line 55, in inner
    response = get_response(request)
               ^^^^^^^^^^^^^^^^^^^^^
  File "/home/shebahub/ShebaHub_Backend/venv/lib/python3.12/site-packages/django/utils/deprecation.py", line 133, in __call__
    response = self.process_request(request)
               ^^^^^^^^^^^^^^^^^^^^^^^^^^^^^
  File "/home/shebahub/ShebaHub_Backend/venv/lib/python3.12/site-packages/django/middleware/common.py", line 48, in process_request
    host = request.get_host()
           ^^^^^^^^^^^^^^^^^^
  File "/home/shebahub/ShebaHub_Backend/venv/lib/python3.12/site-packages/django/http/request.py", line 150, in get_host
    raise DisallowedHost(msg)
django.core.exceptions.DisallowedHost: Invalid HTTP_HOST header: '51.84.138.91:8085'. You may need to add '51.84.138.91' to ALLOWED_HOSTS.
ERROR 2026-03-13 20:28:27,611 django.security.DisallowedHost Invalid HTTP_HOST header: '51.84.138.91:8085'. You may need to add '51.84.138.91' to ALLOWED_HOSTS.
Traceback (most recent call last):
  File "/home/shebahub/ShebaHub_Backend/venv/lib/python3.12/site-packages/django/core/handlers/exception.py", line 55, in inner
    response = get_response(request)
               ^^^^^^^^^^^^^^^^^^^^^
  File "/home/shebahub/ShebaHub_Backend/venv/lib/python3.12/site-packages/django/utils/deprecation.py", line 133, in __call__
    response = self.process_request(request)
               ^^^^^^^^^^^^^^^^^^^^^^^^^^^^^
  File "/home/shebahub/ShebaHub_Backend/venv/lib/python3.12/site-packages/django/middleware/common.py", line 48, in process_request
    host = request.get_host()
           ^^^^^^^^^^^^^^^^^^
  File "/home/shebahub/ShebaHub_Backend/venv/lib/python3.12/site-packages/django/http/request.py", line 150, in get_host
    raise DisallowedHost(msg)
django.core.exceptions.DisallowedHost: Invalid HTTP_HOST header: '51.84.138.91:8085'. You may need to add '51.84.138.91' to ALLOWED_HOSTS.
ERROR 2026-03-13 20:58:48,271 django.security.DisallowedHost Invalid HTTP_HOST header: '51.84.138.91:8085'. You may need to add '51.84.138.91' to ALLOWED_HOSTS.
Traceback (most recent call last):
  File "/home/shebahub/ShebaHub_Backend/venv/lib/python3.12/site-packages/django/core/handlers/exception.py", line 55, in inner
    response = get_response(request)
               ^^^^^^^^^^^^^^^^^^^^^
  File "/home/shebahub/ShebaHub_Backend/venv/lib/python3.12/site-packages/django/utils/deprecation.py", line 133, in __call__
    response = self.process_request(request)
               ^^^^^^^^^^^^^^^^^^^^^^^^^^^^^
  File "/home/shebahub/ShebaHub_Backend/venv/lib/python3.12/site-packages/django/middleware/common.py", line 48, in process_request
    host = request.get_host()
           ^^^^^^^^^^^^^^^^^^
  File "/home/shebahub/ShebaHub_Backend/venv/lib/python3.12/site-packages/django/http/request.py", line 150, in get_host
    raise DisallowedHost(msg)
django.core.exceptions.DisallowedHost: Invalid HTTP_HOST header: '51.84.138.91:8085'. You may need to add '51.84.138.91' to ALLOWED_HOSTS.
ERROR 2026-03-13 22:07:15,108 django.security.DisallowedHost Invalid HTTP_HOST header: '51.84.138.91:8085'. You may need to add '51.84.138.91' to ALLOWED_HOSTS.
Traceback (most recent call last):
  File "/home/shebahub/ShebaHub_Backend/venv/lib/python3.12/site-packages/django/core/handlers/exception.py", line 55, in inner
    response = get_response(request)
               ^^^^^^^^^^^^^^^^^^^^^
  File "/home/shebahub/ShebaHub_Backend/venv/lib/python3.12/site-packages/django/utils/deprecation.py", line 133, in __call__
    response = self.process_request(request)
               ^^^^^^^^^^^^^^^^^^^^^^^^^^^^^
  File "/home/shebahub/ShebaHub_Backend/venv/lib/python3.12/site-packages/django/middleware/common.py", line 48, in process_request
    host = request.get_host()
           ^^^^^^^^^^^^^^^^^^
  File "/home/shebahub/ShebaHub_Backend/venv/lib/python3.12/site-packages/django/http/request.py", line 150, in get_host
    raise DisallowedHost(msg)
django.core.exceptions.DisallowedHost: Invalid HTTP_HOST header: '51.84.138.91:8085'. You may need to add '51.84.138.91' to ALLOWED_HOSTS.
ERROR 2026-03-13 22:07:32,979 django.security.DisallowedHost Invalid HTTP_HOST header: '51.84.138.91:8085'. You may need to add '51.84.138.91' to ALLOWED_HOSTS.
Traceback (most recent call last):
  File "/home/shebahub/ShebaHub_Backend/venv/lib/python3.12/site-packages/django/core/handlers/exception.py", line 55, in inner
    response = get_response(request)
               ^^^^^^^^^^^^^^^^^^^^^
  File "/home/shebahub/ShebaHub_Backend/venv/lib/python3.12/site-packages/django/utils/deprecation.py", line 133, in __call__
    response = self.process_request(request)
               ^^^^^^^^^^^^^^^^^^^^^^^^^^^^^
  File "/home/shebahub/ShebaHub_Backend/venv/lib/python3.12/site-packages/django/middleware/common.py", line 48, in process_request
    host = request.get_host()
           ^^^^^^^^^^^^^^^^^^
  File "/home/shebahub/ShebaHub_Backend/venv/lib/python3.12/site-packages/django/http/request.py", line 150, in get_host
    raise DisallowedHost(msg)
django.core.exceptions.DisallowedHost: Invalid HTTP_HOST header: '51.84.138.91:8085'. You may need to add '51.84.138.91' to ALLOWED_HOSTS.
INFO 2026-03-14 13:14:43,388 audit User logged in successfully: ggg@gmail.com
ERROR 2026-03-15 00:55:45,998 django.security.DisallowedHost Invalid HTTP_HOST header: '51.84.138.91:8085'. You may need to add '51.84.138.91' to ALLOWED_HOSTS.
Traceback (most recent call last):
  File "/home/shebahub/ShebaHub_Backend/venv/lib/python3.12/site-packages/django/core/handlers/exception.py", line 55, in inner
    response = get_response(request)
               ^^^^^^^^^^^^^^^^^^^^^
  File "/home/shebahub/ShebaHub_Backend/venv/lib/python3.12/site-packages/django/utils/deprecation.py", line 133, in __call__
    response = self.process_request(request)
               ^^^^^^^^^^^^^^^^^^^^^^^^^^^^^
  File "/home/shebahub/ShebaHub_Backend/venv/lib/python3.12/site-packages/django/middleware/common.py", line 48, in process_request
    host = request.get_host()
           ^^^^^^^^^^^^^^^^^^
  File "/home/shebahub/ShebaHub_Backend/venv/lib/python3.12/site-packages/django/http/request.py", line 150, in get_host
    raise DisallowedHost(msg)
django.core.exceptions.DisallowedHost: Invalid HTTP_HOST header: '51.84.138.91:8085'. You may need to add '51.84.138.91' to ALLOWED_HOSTS.
ERROR 2026-03-15 00:55:47,036 django.security.DisallowedHost Invalid HTTP_HOST header: '51.84.138.91:8085'. You may need to add '51.84.138.91' to ALLOWED_HOSTS.
Traceback (most recent call last):
  File "/home/shebahub/ShebaHub_Backend/venv/lib/python3.12/site-packages/django/core/handlers/exception.py", line 55, in inner
    response = get_response(request)
               ^^^^^^^^^^^^^^^^^^^^^
  File "/home/shebahub/ShebaHub_Backend/venv/lib/python3.12/site-packages/django/utils/deprecation.py", line 133, in __call__
    response = self.process_request(request)
               ^^^^^^^^^^^^^^^^^^^^^^^^^^^^^
  File "/home/shebahub/ShebaHub_Backend/venv/lib/python3.12/site-packages/django/middleware/common.py", line 48, in process_request
    host = request.get_host()
           ^^^^^^^^^^^^^^^^^^
  File "/home/shebahub/ShebaHub_Backend/venv/lib/python3.12/site-packages/django/http/request.py", line 150, in get_host
    raise DisallowedHost(msg)
django.core.exceptions.DisallowedHost: Invalid HTTP_HOST header: '51.84.138.91:8085'. You may need to add '51.84.138.91' to ALLOWED_HOSTS.
ERROR 2026-03-15 00:55:48,008 django.security.DisallowedHost Invalid HTTP_HOST header: '51.84.138.91:8085'. You may need to add '51.84.138.91' to ALLOWED_HOSTS.
Traceback (most recent call last):
  File "/home/shebahub/ShebaHub_Backend/venv/lib/python3.12/site-packages/django/core/handlers/exception.py", line 55, in inner
    response = get_response(request)
               ^^^^^^^^^^^^^^^^^^^^^
  File "/home/shebahub/ShebaHub_Backend/venv/lib/python3.12/site-packages/django/utils/deprecation.py", line 133, in __call__
    response = self.process_request(request)
               ^^^^^^^^^^^^^^^^^^^^^^^^^^^^^
  File "/home/shebahub/ShebaHub_Backend/venv/lib/python3.12/site-packages/django/middleware/common.py", line 48, in process_request
    host = request.get_host()
           ^^^^^^^^^^^^^^^^^^
  File "/home/shebahub/ShebaHub_Backend/venv/lib/python3.12/site-packages/django/http/request.py", line 150, in get_host
    raise DisallowedHost(msg)
django.core.exceptions.DisallowedHost: Invalid HTTP_HOST header: '51.84.138.91:8085'. You may need to add '51.84.138.91' to ALLOWED_HOSTS.
ERROR 2026-03-15 00:55:48,953 django.security.DisallowedHost Invalid HTTP_HOST header: '51.84.138.91:8085'. You may need to add '51.84.138.91' to ALLOWED_HOSTS.
Traceback (most recent call last):
  File "/home/shebahub/ShebaHub_Backend/venv/lib/python3.12/site-packages/django/core/handlers/exception.py", line 55, in inner
    response = get_response(request)
               ^^^^^^^^^^^^^^^^^^^^^
  File "/home/shebahub/ShebaHub_Backend/venv/lib/python3.12/site-packages/django/utils/deprecation.py", line 133, in __call__
    response = self.process_request(request)
               ^^^^^^^^^^^^^^^^^^^^^^^^^^^^^
  File "/home/shebahub/ShebaHub_Backend/venv/lib/python3.12/site-packages/django/middleware/common.py", line 48, in process_request
    host = request.get_host()
           ^^^^^^^^^^^^^^^^^^
  File "/home/shebahub/ShebaHub_Backend/venv/lib/python3.12/site-packages/django/http/request.py", line 150, in get_host
    raise DisallowedHost(msg)
django.core.exceptions.DisallowedHost: Invalid HTTP_HOST header: '51.84.138.91:8085'. You may need to add '51.84.138.91' to ALLOWED_HOSTS.
WARNING 2026-03-15 11:13:12,819 audit Failed login attempt for: qa.tester.sheba@mailinator.com
WARNING 2026-03-15 11:13:22,313 audit Failed login attempt for: roy.vivantee@gmail.com
WARNING 2026-03-15 11:13:27,092 audit Failed login attempt for: roy.vivantee@gmail.com
WARNING 2026-03-15 11:13:33,478 audit Failed login attempt for: roy.vivantee@gmail.com
INFO 2026-03-15 11:13:47,062 audit Password reset requested for: roy.vivantee@gmail.com
ERROR 2026-03-15 12:05:37,505 django.security.DisallowedHost Invalid HTTP_HOST header: '51.84.138.91:8085'. You may need to add '51.84.138.91' to ALLOWED_HOSTS.
Traceback (most recent call last):
  File "/home/shebahub/ShebaHub_Backend/venv/lib/python3.12/site-packages/django/core/handlers/exception.py", line 55, in inner
    response = get_response(request)
               ^^^^^^^^^^^^^^^^^^^^^
  File "/home/shebahub/ShebaHub_Backend/venv/lib/python3.12/site-packages/django/utils/deprecation.py", line 133, in __call__
    response = self.process_request(request)
               ^^^^^^^^^^^^^^^^^^^^^^^^^^^^^
  File "/home/shebahub/ShebaHub_Backend/venv/lib/python3.12/site-packages/django/middleware/common.py", line 48, in process_request
    host = request.get_host()
           ^^^^^^^^^^^^^^^^^^
  File "/home/shebahub/ShebaHub_Backend/venv/lib/python3.12/site-packages/django/http/request.py", line 150, in get_host
    raise DisallowedHost(msg)
django.core.exceptions.DisallowedHost: Invalid HTTP_HOST header: '51.84.138.91:8085'. You may need to add '51.84.138.91' to ALLOWED_HOSTS.
ERROR 2026-03-15 17:19:53,516 django.security.DisallowedHost Invalid HTTP_HOST header: '51.84.138.91'. You may need to add '51.84.138.91' to ALLOWED_HOSTS.
Traceback (most recent call last):
  File "/home/shebahub/ShebaHub_Backend/venv/lib/python3.12/site-packages/django/core/handlers/exception.py", line 55, in inner
    response = get_response(request)
               ^^^^^^^^^^^^^^^^^^^^^
  File "/home/shebahub/ShebaHub_Backend/venv/lib/python3.12/site-packages/django/utils/deprecation.py", line 133, in __call__
    response = self.process_request(request)
               ^^^^^^^^^^^^^^^^^^^^^^^^^^^^^
  File "/home/shebahub/ShebaHub_Backend/venv/lib/python3.12/site-packages/django/middleware/common.py", line 48, in process_request
    host = request.get_host()
           ^^^^^^^^^^^^^^^^^^
  File "/home/shebahub/ShebaHub_Backend/venv/lib/python3.12/site-packages/django/http/request.py", line 150, in get_host
    raise DisallowedHost(msg)
django.core.exceptions.DisallowedHost: Invalid HTTP_HOST header: '51.84.138.91'. You may need to add '51.84.138.91' to ALLOWED_HOSTS.
ERROR 2026-03-15 17:29:07,933 django.security.DisallowedHost Invalid HTTP_HOST header: '51.84.138.91:8085'. You may need to add '51.84.138.91' to ALLOWED_HOSTS.
Traceback (most recent call last):
  File "/home/shebahub/ShebaHub_Backend/venv/lib/python3.12/site-packages/django/core/handlers/exception.py", line 55, in inner
    response = get_response(request)
               ^^^^^^^^^^^^^^^^^^^^^
  File "/home/shebahub/ShebaHub_Backend/venv/lib/python3.12/site-packages/django/utils/deprecation.py", line 133, in __call__
    response = self.process_request(request)
               ^^^^^^^^^^^^^^^^^^^^^^^^^^^^^
  File "/home/shebahub/ShebaHub_Backend/venv/lib/python3.12/site-packages/django/middleware/common.py", line 48, in process_request
    host = request.get_host()
           ^^^^^^^^^^^^^^^^^^
  File "/home/shebahub/ShebaHub_Backend/venv/lib/python3.12/site-packages/django/http/request.py", line 150, in get_host
    raise DisallowedHost(msg)
django.core.exceptions.DisallowedHost: Invalid HTTP_HOST header: '51.84.138.91:8085'. You may need to add '51.84.138.91' to ALLOWED_HOSTS.
ERROR 2026-03-16 01:46:00,356 django.security.DisallowedHost Invalid HTTP_HOST header: '51.84.138.91:8085'. You may need to add '51.84.138.91' to ALLOWED_HOSTS.
Traceback (most recent call last):
  File "/home/shebahub/ShebaHub_Backend/venv/lib/python3.12/site-packages/django/core/handlers/exception.py", line 55, in inner
    response = get_response(request)
               ^^^^^^^^^^^^^^^^^^^^^
  File "/home/shebahub/ShebaHub_Backend/venv/lib/python3.12/site-packages/django/utils/deprecation.py", line 133, in __call__
    response = self.process_request(request)
               ^^^^^^^^^^^^^^^^^^^^^^^^^^^^^
  File "/home/shebahub/ShebaHub_Backend/venv/lib/python3.12/site-packages/django/middleware/common.py", line 48, in process_request
    host = request.get_host()
           ^^^^^^^^^^^^^^^^^^
  File "/home/shebahub/ShebaHub_Backend/venv/lib/python3.12/site-packages/django/http/request.py", line 150, in get_host
    raise DisallowedHost(msg)
django.core.exceptions.DisallowedHost: Invalid HTTP_HOST header: '51.84.138.91:8085'. You may need to add '51.84.138.91' to ALLOWED_HOSTS.
ERROR 2026-03-16 01:46:52,741 django.security.DisallowedHost Invalid HTTP_HOST header: '51.84.138.91:8085'. You may need to add '51.84.138.91' to ALLOWED_HOSTS.
Traceback (most recent call last):
  File "/home/shebahub/ShebaHub_Backend/venv/lib/python3.12/site-packages/django/core/handlers/exception.py", line 55, in inner
    response = get_response(request)
               ^^^^^^^^^^^^^^^^^^^^^
  File "/home/shebahub/ShebaHub_Backend/venv/lib/python3.12/site-packages/django/utils/deprecation.py", line 133, in __call__
    response = self.process_request(request)
               ^^^^^^^^^^^^^^^^^^^^^^^^^^^^^
  File "/home/shebahub/ShebaHub_Backend/venv/lib/python3.12/site-packages/django/middleware/common.py", line 48, in process_request
    host = request.get_host()
           ^^^^^^^^^^^^^^^^^^
  File "/home/shebahub/ShebaHub_Backend/venv/lib/python3.12/site-packages/django/http/request.py", line 150, in get_host
    raise DisallowedHost(msg)
django.core.exceptions.DisallowedHost: Invalid HTTP_HOST header: '51.84.138.91:8085'. You may need to add '51.84.138.91' to ALLOWED_HOSTS.
WARNING 2026-03-16 07:02:51,834 audit Failed login attempt for: chen.mayer@sheba.health.gov.il
INFO 2026-03-16 07:03:40,636 audit User registered successfully: chen.mayer@sheba.health.gov.il
INFO 2026-03-16 08:21:49,923 audit User registered successfully: e0526540555@gmail.com
ERROR 2026-03-16 18:11:36,266 django.security.DisallowedHost Invalid HTTP_HOST header: '51.84.138.91:8085'. You may need to add '51.84.138.91' to ALLOWED_HOSTS.
Traceback (most recent call last):
  File "/home/shebahub/ShebaHub_Backend/venv/lib/python3.12/site-packages/django/core/handlers/exception.py", line 55, in inner
    response = get_response(request)
               ^^^^^^^^^^^^^^^^^^^^^
  File "/home/shebahub/ShebaHub_Backend/venv/lib/python3.12/site-packages/django/utils/deprecation.py", line 133, in __call__
    response = self.process_request(request)
               ^^^^^^^^^^^^^^^^^^^^^^^^^^^^^
  File "/home/shebahub/ShebaHub_Backend/venv/lib/python3.12/site-packages/django/middleware/common.py", line 48, in process_request
    host = request.get_host()
           ^^^^^^^^^^^^^^^^^^
  File "/home/shebahub/ShebaHub_Backend/venv/lib/python3.12/site-packages/django/http/request.py", line 150, in get_host
    raise DisallowedHost(msg)
django.core.exceptions.DisallowedHost: Invalid HTTP_HOST header: '51.84.138.91:8085'. You may need to add '51.84.138.91' to ALLOWED_HOSTS.
ERROR 2026-03-16 23:52:49,375 django.security.DisallowedHost Invalid HTTP_HOST header: '51.84.138.91:8085'. You may need to add '51.84.138.91' to ALLOWED_HOSTS.
Traceback (most recent call last):
  File "/home/shebahub/ShebaHub_Backend/venv/lib/python3.12/site-packages/django/core/handlers/exception.py", line 55, in inner
    response = get_response(request)
               ^^^^^^^^^^^^^^^^^^^^^
  File "/home/shebahub/ShebaHub_Backend/venv/lib/python3.12/site-packages/django/utils/deprecation.py", line 133, in __call__
    response = self.process_request(request)
               ^^^^^^^^^^^^^^^^^^^^^^^^^^^^^
  File "/home/shebahub/ShebaHub_Backend/venv/lib/python3.12/site-packages/django/middleware/common.py", line 48, in process_request
    host = request.get_host()
           ^^^^^^^^^^^^^^^^^^
  File "/home/shebahub/ShebaHub_Backend/venv/lib/python3.12/site-packages/django/http/request.py", line 150, in get_host
    raise DisallowedHost(msg)
django.core.exceptions.DisallowedHost: Invalid HTTP_HOST header: '51.84.138.91:8085'. You may need to add '51.84.138.91' to ALLOWED_HOSTS.
ERROR 2026-03-16 23:52:49,807 django.security.DisallowedHost Invalid HTTP_HOST header: '51.84.138.91:8085'. You may need to add '51.84.138.91' to ALLOWED_HOSTS.
Traceback (most recent call last):
  File "/home/shebahub/ShebaHub_Backend/venv/lib/python3.12/site-packages/django/core/handlers/exception.py", line 55, in inner
    response = get_response(request)
               ^^^^^^^^^^^^^^^^^^^^^
  File "/home/shebahub/ShebaHub_Backend/venv/lib/python3.12/site-packages/django/utils/deprecation.py", line 133, in __call__
    response = self.process_request(request)
               ^^^^^^^^^^^^^^^^^^^^^^^^^^^^^
  File "/home/shebahub/ShebaHub_Backend/venv/lib/python3.12/site-packages/django/middleware/common.py", line 48, in process_request
    host = request.get_host()
           ^^^^^^^^^^^^^^^^^^
  File "/home/shebahub/ShebaHub_Backend/venv/lib/python3.12/site-packages/django/http/request.py", line 150, in get_host
    raise DisallowedHost(msg)
django.core.exceptions.DisallowedHost: Invalid HTTP_HOST header: '51.84.138.91:8085'. You may need to add '51.84.138.91' to ALLOWED_HOSTS.
ERROR 2026-03-16 23:52:50,233 django.security.DisallowedHost Invalid HTTP_HOST header: '51.84.138.91:8085'. You may need to add '51.84.138.91' to ALLOWED_HOSTS.
Traceback (most recent call last):
  File "/home/shebahub/ShebaHub_Backend/venv/lib/python3.12/site-packages/django/core/handlers/exception.py", line 55, in inner
    response = get_response(request)
               ^^^^^^^^^^^^^^^^^^^^^
  File "/home/shebahub/ShebaHub_Backend/venv/lib/python3.12/site-packages/django/utils/deprecation.py", line 133, in __call__
    response = self.process_request(request)
               ^^^^^^^^^^^^^^^^^^^^^^^^^^^^^
  File "/home/shebahub/ShebaHub_Backend/venv/lib/python3.12/site-packages/django/middleware/common.py", line 48, in process_request
    host = request.get_host()
           ^^^^^^^^^^^^^^^^^^
  File "/home/shebahub/ShebaHub_Backend/venv/lib/python3.12/site-packages/django/http/request.py", line 150, in get_host
    raise DisallowedHost(msg)
django.core.exceptions.DisallowedHost: Invalid HTTP_HOST header: '51.84.138.91:8085'. You may need to add '51.84.138.91' to ALLOWED_HOSTS.
ERROR 2026-03-16 23:52:50,685 django.security.DisallowedHost Invalid HTTP_HOST header: '51.84.138.91:8085'. You may need to add '51.84.138.91' to ALLOWED_HOSTS.
Traceback (most recent call last):
  File "/home/shebahub/ShebaHub_Backend/venv/lib/python3.12/site-packages/django/core/handlers/exception.py", line 55, in inner
    response = get_response(request)
               ^^^^^^^^^^^^^^^^^^^^^
  File "/home/shebahub/ShebaHub_Backend/venv/lib/python3.12/site-packages/django/utils/deprecation.py", line 133, in __call__
    response = self.process_request(request)
               ^^^^^^^^^^^^^^^^^^^^^^^^^^^^^
  File "/home/shebahub/ShebaHub_Backend/venv/lib/python3.12/site-packages/django/middleware/common.py", line 48, in process_request
    host = request.get_host()
           ^^^^^^^^^^^^^^^^^^
  File "/home/shebahub/ShebaHub_Backend/venv/lib/python3.12/site-packages/django/http/request.py", line 150, in get_host
    raise DisallowedHost(msg)
django.core.exceptions.DisallowedHost: Invalid HTTP_HOST header: '51.84.138.91:8085'. You may need to add '51.84.138.91' to ALLOWED_HOSTS.
ERROR 2026-03-17 18:16:26,733 django.security.DisallowedHost Invalid HTTP_HOST header: '51.84.138.91:8085'. You may need to add '51.84.138.91' to ALLOWED_HOSTS.
Traceback (most recent call last):
  File "/home/shebahub/ShebaHub_Backend/venv/lib/python3.12/site-packages/django/core/handlers/exception.py", line 55, in inner
    response = get_response(request)
               ^^^^^^^^^^^^^^^^^^^^^
  File "/home/shebahub/ShebaHub_Backend/venv/lib/python3.12/site-packages/django/utils/deprecation.py", line 133, in __call__
    response = self.process_request(request)
               ^^^^^^^^^^^^^^^^^^^^^^^^^^^^^
  File "/home/shebahub/ShebaHub_Backend/venv/lib/python3.12/site-packages/django/middleware/common.py", line 48, in process_request
    host = request.get_host()
           ^^^^^^^^^^^^^^^^^^
  File "/home/shebahub/ShebaHub_Backend/venv/lib/python3.12/site-packages/django/http/request.py", line 150, in get_host
    raise DisallowedHost(msg)
django.core.exceptions.DisallowedHost: Invalid HTTP_HOST header: '51.84.138.91:8085'. You may need to add '51.84.138.91' to ALLOWED_HOSTS.
INFO 2026-03-17 21:21:50,386 audit User logged in successfully: lorenkr20@gmail.com
INFO 2026-03-17 21:22:29,508 audit User registered successfully: student5@gmail.com
INFO 2026-03-17 21:24:09,181 audit Student profile created: student5@gmail.com
ERROR 2026-03-17 23:04:27,038 django.security.DisallowedHost Invalid HTTP_HOST header: '51.84.138.91:8085'. You may need to add '51.84.138.91' to ALLOWED_HOSTS.
Traceback (most recent call last):
  File "/home/shebahub/ShebaHub_Backend/venv/lib/python3.12/site-packages/django/core/handlers/exception.py", line 55, in inner
    response = get_response(request)
               ^^^^^^^^^^^^^^^^^^^^^
  File "/home/shebahub/ShebaHub_Backend/venv/lib/python3.12/site-packages/django/utils/deprecation.py", line 133, in __call__
    response = self.process_request(request)
               ^^^^^^^^^^^^^^^^^^^^^^^^^^^^^
  File "/home/shebahub/ShebaHub_Backend/venv/lib/python3.12/site-packages/django/middleware/common.py", line 48, in process_request
    host = request.get_host()
           ^^^^^^^^^^^^^^^^^^
  File "/home/shebahub/ShebaHub_Backend/venv/lib/python3.12/site-packages/django/http/request.py", line 150, in get_host
    raise DisallowedHost(msg)
django.core.exceptions.DisallowedHost: Invalid HTTP_HOST header: '51.84.138.91:8085'. You may need to add '51.84.138.91' to ALLOWED_HOSTS.
INFO 2026-03-18 12:16:01,674 audit User logged in successfully: ggg@gmail.com
INFO 2026-03-18 17:58:41,488 audit User logged in successfully: ggg@gmail.com
ERROR 2026-03-18 18:06:53,047 django.security.DisallowedHost Invalid HTTP_HOST header: '51.84.138.91:8085'. You may need to add '51.84.138.91' to ALLOWED_HOSTS.
Traceback (most recent call last):
  File "/home/shebahub/ShebaHub_Backend/venv/lib/python3.12/site-packages/django/core/handlers/exception.py", line 55, in inner
    response = get_response(request)
               ^^^^^^^^^^^^^^^^^^^^^
  File "/home/shebahub/ShebaHub_Backend/venv/lib/python3.12/site-packages/django/utils/deprecation.py", line 133, in __call__
    response = self.process_request(request)
               ^^^^^^^^^^^^^^^^^^^^^^^^^^^^^
  File "/home/shebahub/ShebaHub_Backend/venv/lib/python3.12/site-packages/django/middleware/common.py", line 48, in process_request
    host = request.get_host()
           ^^^^^^^^^^^^^^^^^^
  File "/home/shebahub/ShebaHub_Backend/venv/lib/python3.12/site-packages/django/http/request.py", line 150, in get_host
    raise DisallowedHost(msg)
django.core.exceptions.DisallowedHost: Invalid HTTP_HOST header: '51.84.138.91:8085'. You may need to add '51.84.138.91' to ALLOWED_HOSTS.
ERROR 2026-03-19 01:01:24,026 django.security.DisallowedHost Invalid HTTP_HOST header: '51.84.138.91:8085'. You may need to add '51.84.138.91' to ALLOWED_HOSTS.
Traceback (most recent call last):
  File "/home/shebahub/ShebaHub_Backend/venv/lib/python3.12/site-packages/django/core/handlers/exception.py", line 55, in inner
    response = get_response(request)
               ^^^^^^^^^^^^^^^^^^^^^
  File "/home/shebahub/ShebaHub_Backend/venv/lib/python3.12/site-packages/django/utils/deprecation.py", line 133, in __call__
    response = self.process_request(request)
               ^^^^^^^^^^^^^^^^^^^^^^^^^^^^^
  File "/home/shebahub/ShebaHub_Backend/venv/lib/python3.12/site-packages/django/middleware/common.py", line 48, in process_request
    host = request.get_host()
           ^^^^^^^^^^^^^^^^^^
  File "/home/shebahub/ShebaHub_Backend/venv/lib/python3.12/site-packages/django/http/request.py", line 150, in get_host
    raise DisallowedHost(msg)
django.core.exceptions.DisallowedHost: Invalid HTTP_HOST header: '51.84.138.91:8085'. You may need to add '51.84.138.91' to ALLOWED_HOSTS.
ERROR 2026-03-19 18:44:22,302 django.security.DisallowedHost Invalid HTTP_HOST header: '51.84.138.91:8085'. You may need to add '51.84.138.91' to ALLOWED_HOSTS.
Traceback (most recent call last):
  File "/home/shebahub/ShebaHub_Backend/venv/lib/python3.12/site-packages/django/core/handlers/exception.py", line 55, in inner
    response = get_response(request)
               ^^^^^^^^^^^^^^^^^^^^^
  File "/home/shebahub/ShebaHub_Backend/venv/lib/python3.12/site-packages/django/utils/deprecation.py", line 133, in __call__
    response = self.process_request(request)
               ^^^^^^^^^^^^^^^^^^^^^^^^^^^^^
  File "/home/shebahub/ShebaHub_Backend/venv/lib/python3.12/site-packages/django/middleware/common.py", line 48, in process_request
    host = request.get_host()
           ^^^^^^^^^^^^^^^^^^
  File "/home/shebahub/ShebaHub_Backend/venv/lib/python3.12/site-packages/django/http/request.py", line 150, in get_host
    raise DisallowedHost(msg)
django.core.exceptions.DisallowedHost: Invalid HTTP_HOST header: '51.84.138.91:8085'. You may need to add '51.84.138.91' to ALLOWED_HOSTS.
ERROR 2026-03-19 19:29:11,025 django.security.DisallowedHost Invalid HTTP_HOST header: 'shamir.hitheal.org.il:8085'. You may need to add 'shamir.hitheal.org.il' to ALLOWED_HOSTS.
Traceback (most recent call last):
  File "/home/shebahub/ShebaHub_Backend/venv/lib/python3.12/site-packages/django/core/handlers/exception.py", line 55, in inner
    response = get_response(request)
               ^^^^^^^^^^^^^^^^^^^^^
  File "/home/shebahub/ShebaHub_Backend/venv/lib/python3.12/site-packages/django/utils/deprecation.py", line 133, in __call__
    response = self.process_request(request)
               ^^^^^^^^^^^^^^^^^^^^^^^^^^^^^
  File "/home/shebahub/ShebaHub_Backend/venv/lib/python3.12/site-packages/django/middleware/common.py", line 48, in process_request
    host = request.get_host()
           ^^^^^^^^^^^^^^^^^^
  File "/home/shebahub/ShebaHub_Backend/venv/lib/python3.12/site-packages/django/http/request.py", line 150, in get_host
    raise DisallowedHost(msg)
django.core.exceptions.DisallowedHost: Invalid HTTP_HOST header: 'shamir.hitheal.org.il:8085'. You may need to add 'shamir.hitheal.org.il' to ALLOWED_HOSTS.
ERROR 2026-03-20 17:37:14,316 django.security.DisallowedHost Invalid HTTP_HOST header: '51.84.138.91:8085'. You may need to add '51.84.138.91' to ALLOWED_HOSTS.
Traceback (most recent call last):
  File "/home/shebahub/ShebaHub_Backend/venv/lib/python3.12/site-packages/django/core/handlers/exception.py", line 55, in inner
    response = get_response(request)
               ^^^^^^^^^^^^^^^^^^^^^
  File "/home/shebahub/ShebaHub_Backend/venv/lib/python3.12/site-packages/django/utils/deprecation.py", line 133, in __call__
    response = self.process_request(request)
               ^^^^^^^^^^^^^^^^^^^^^^^^^^^^^
  File "/home/shebahub/ShebaHub_Backend/venv/lib/python3.12/site-packages/django/middleware/common.py", line 48, in process_request
    host = request.get_host()
           ^^^^^^^^^^^^^^^^^^
  File "/home/shebahub/ShebaHub_Backend/venv/lib/python3.12/site-packages/django/http/request.py", line 150, in get_host
    raise DisallowedHost(msg)
django.core.exceptions.DisallowedHost: Invalid HTTP_HOST header: '51.84.138.91:8085'. You may need to add '51.84.138.91' to ALLOWED_HOSTS.
INFO 2026-03-21 14:10:40,487 audit User logged in successfully: ggg@gmail.com
ERROR 2026-03-21 18:15:11,269 django.security.DisallowedHost Invalid HTTP_HOST header: '51.84.138.91:8085'. You may need to add '51.84.138.91' to ALLOWED_HOSTS.
Traceback (most recent call last):
  File "/home/shebahub/ShebaHub_Backend/venv/lib/python3.12/site-packages/django/core/handlers/exception.py", line 55, in inner
    response = get_response(request)
               ^^^^^^^^^^^^^^^^^^^^^
  File "/home/shebahub/ShebaHub_Backend/venv/lib/python3.12/site-packages/django/utils/deprecation.py", line 133, in __call__
    response = self.process_request(request)
               ^^^^^^^^^^^^^^^^^^^^^^^^^^^^^
  File "/home/shebahub/ShebaHub_Backend/venv/lib/python3.12/site-packages/django/middleware/common.py", line 48, in process_request
    host = request.get_host()
           ^^^^^^^^^^^^^^^^^^
  File "/home/shebahub/ShebaHub_Backend/venv/lib/python3.12/site-packages/django/http/request.py", line 150, in get_host
    raise DisallowedHost(msg)
django.core.exceptions.DisallowedHost: Invalid HTTP_HOST header: '51.84.138.91:8085'. You may need to add '51.84.138.91' to ALLOWED_HOSTS.
ERROR 2026-03-21 18:39:42,319 django.security.DisallowedHost Invalid HTTP_HOST header: '51.84.138.91:8085'. You may need to add '51.84.138.91' to ALLOWED_HOSTS.
Traceback (most recent call last):
  File "/home/shebahub/ShebaHub_Backend/venv/lib/python3.12/site-packages/django/core/handlers/exception.py", line 55, in inner
    response = get_response(request)
               ^^^^^^^^^^^^^^^^^^^^^
  File "/home/shebahub/ShebaHub_Backend/venv/lib/python3.12/site-packages/django/utils/deprecation.py", line 133, in __call__
    response = self.process_request(request)
               ^^^^^^^^^^^^^^^^^^^^^^^^^^^^^
  File "/home/shebahub/ShebaHub_Backend/venv/lib/python3.12/site-packages/django/middleware/common.py", line 48, in process_request
    host = request.get_host()
           ^^^^^^^^^^^^^^^^^^
  File "/home/shebahub/ShebaHub_Backend/venv/lib/python3.12/site-packages/django/http/request.py", line 150, in get_host
    raise DisallowedHost(msg)
django.core.exceptions.DisallowedHost: Invalid HTTP_HOST header: '51.84.138.91:8085'. You may need to add '51.84.138.91' to ALLOWED_HOSTS.
ERROR 2026-03-21 18:42:12,691 django.security.DisallowedHost Invalid HTTP_HOST header: '51.84.138.91:8085'. You may need to add '51.84.138.91' to ALLOWED_HOSTS.
Traceback (most recent call last):
  File "/home/shebahub/ShebaHub_Backend/venv/lib/python3.12/site-packages/django/core/handlers/exception.py", line 55, in inner
    response = get_response(request)
               ^^^^^^^^^^^^^^^^^^^^^
  File "/home/shebahub/ShebaHub_Backend/venv/lib/python3.12/site-packages/django/utils/deprecation.py", line 133, in __call__
    response = self.process_request(request)
               ^^^^^^^^^^^^^^^^^^^^^^^^^^^^^
  File "/home/shebahub/ShebaHub_Backend/venv/lib/python3.12/site-packages/django/middleware/common.py", line 48, in process_request
    host = request.get_host()
           ^^^^^^^^^^^^^^^^^^
  File "/home/shebahub/ShebaHub_Backend/venv/lib/python3.12/site-packages/django/http/request.py", line 150, in get_host
    raise DisallowedHost(msg)
django.core.exceptions.DisallowedHost: Invalid HTTP_HOST header: '51.84.138.91:8085'. You may need to add '51.84.138.91' to ALLOWED_HOSTS.
ERROR 2026-03-21 20:16:29,523 django.security.DisallowedHost Invalid HTTP_HOST header: '51.84.138.91:8085'. You may need to add '51.84.138.91' to ALLOWED_HOSTS.
Traceback (most recent call last):
  File "/home/shebahub/ShebaHub_Backend/venv/lib/python3.12/site-packages/django/core/handlers/exception.py", line 55, in inner
    response = get_response(request)
               ^^^^^^^^^^^^^^^^^^^^^
  File "/home/shebahub/ShebaHub_Backend/venv/lib/python3.12/site-packages/django/utils/deprecation.py", line 133, in __call__
    response = self.process_request(request)
               ^^^^^^^^^^^^^^^^^^^^^^^^^^^^^
  File "/home/shebahub/ShebaHub_Backend/venv/lib/python3.12/site-packages/django/middleware/common.py", line 48, in process_request
    host = request.get_host()
           ^^^^^^^^^^^^^^^^^^
  File "/home/shebahub/ShebaHub_Backend/venv/lib/python3.12/site-packages/django/http/request.py", line 150, in get_host
    raise DisallowedHost(msg)
django.core.exceptions.DisallowedHost: Invalid HTTP_HOST header: '51.84.138.91:8085'. You may need to add '51.84.138.91' to ALLOWED_HOSTS.
ERROR 2026-03-21 20:16:51,276 django.security.DisallowedHost Invalid HTTP_HOST header: '51.84.138.91:8085'. You may need to add '51.84.138.91' to ALLOWED_HOSTS.
Traceback (most recent call last):
  File "/home/shebahub/ShebaHub_Backend/venv/lib/python3.12/site-packages/django/core/handlers/exception.py", line 55, in inner
    response = get_response(request)
               ^^^^^^^^^^^^^^^^^^^^^
  File "/home/shebahub/ShebaHub_Backend/venv/lib/python3.12/site-packages/django/utils/deprecation.py", line 133, in __call__
    response = self.process_request(request)
               ^^^^^^^^^^^^^^^^^^^^^^^^^^^^^
  File "/home/shebahub/ShebaHub_Backend/venv/lib/python3.12/site-packages/django/middleware/common.py", line 48, in process_request
    host = request.get_host()
           ^^^^^^^^^^^^^^^^^^
  File "/home/shebahub/ShebaHub_Backend/venv/lib/python3.12/site-packages/django/http/request.py", line 150, in get_host
    raise DisallowedHost(msg)
django.core.exceptions.DisallowedHost: Invalid HTTP_HOST header: '51.84.138.91:8085'. You may need to add '51.84.138.91' to ALLOWED_HOSTS.
ERROR 2026-03-21 23:58:18,501 django.security.DisallowedHost Invalid HTTP_HOST header: '51.84.138.91:8085'. You may need to add '51.84.138.91' to ALLOWED_HOSTS.
Traceback (most recent call last):
  File "/home/shebahub/ShebaHub_Backend/venv/lib/python3.12/site-packages/django/core/handlers/exception.py", line 55, in inner
    response = get_response(request)
               ^^^^^^^^^^^^^^^^^^^^^
  File "/home/shebahub/ShebaHub_Backend/venv/lib/python3.12/site-packages/django/utils/deprecation.py", line 133, in __call__
    response = self.process_request(request)
               ^^^^^^^^^^^^^^^^^^^^^^^^^^^^^
  File "/home/shebahub/ShebaHub_Backend/venv/lib/python3.12/site-packages/django/middleware/common.py", line 48, in process_request
    host = request.get_host()
           ^^^^^^^^^^^^^^^^^^
  File "/home/shebahub/ShebaHub_Backend/venv/lib/python3.12/site-packages/django/http/request.py", line 150, in get_host
    raise DisallowedHost(msg)
django.core.exceptions.DisallowedHost: Invalid HTTP_HOST header: '51.84.138.91:8085'. You may need to add '51.84.138.91' to ALLOWED_HOSTS.
ERROR 2026-03-22 11:01:07,116 django.security.DisallowedHost Invalid HTTP_HOST header: '51.84.138.91:8085'. You may need to add '51.84.138.91' to ALLOWED_HOSTS.
Traceback (most recent call last):
  File "/home/shebahub/ShebaHub_Backend/venv/lib/python3.12/site-packages/django/core/handlers/exception.py", line 55, in inner
    response = get_response(request)
               ^^^^^^^^^^^^^^^^^^^^^
  File "/home/shebahub/ShebaHub_Backend/venv/lib/python3.12/site-packages/django/utils/deprecation.py", line 133, in __call__
    response = self.process_request(request)
               ^^^^^^^^^^^^^^^^^^^^^^^^^^^^^
  File "/home/shebahub/ShebaHub_Backend/venv/lib/python3.12/site-packages/django/middleware/common.py", line 48, in process_request
    host = request.get_host()
           ^^^^^^^^^^^^^^^^^^
  File "/home/shebahub/ShebaHub_Backend/venv/lib/python3.12/site-packages/django/http/request.py", line 150, in get_host
    raise DisallowedHost(msg)
django.core.exceptions.DisallowedHost: Invalid HTTP_HOST header: '51.84.138.91:8085'. You may need to add '51.84.138.91' to ALLOWED_HOSTS.
INFO 2026-03-22 13:22:56,292 audit User logged in successfully: ionatan1233@gmail.com
WARNING 2026-03-22 13:22:59,922 audit Failed login attempt for: admin@sheba.com
WARNING 2026-03-22 13:23:15,416 audit Failed login attempt for: admin@sheba.com
WARNING 2026-03-22 13:23:30,208 audit Failed login attempt for: qa.tester.sheba@mailinator.com
INFO 2026-03-22 13:23:39,960 audit User registered successfully: testtesttest@gmail.com
WARNING 2026-03-22 13:23:40,630 audit Failed login attempt for: roy.vivantee@gmail.com
INFO 2026-03-22 13:24:21,355 audit Password reset requested for: roy.vivantee@gmail.com
WARNING 2026-03-22 13:28:28,339 audit Signup validation failed: {'email': [ErrorDetail(string='User with this email already exists.', code='unique')]}
WARNING 2026-03-22 13:28:39,691 audit Account locked after 5 failed attempts: roy.vivantee@gmail.com
WARNING 2026-03-22 13:28:39,691 audit Failed login attempt for: roy.vivantee@gmail.com
WARNING 2026-03-22 13:28:43,447 audit Login attempt on locked account: roy.vivantee@gmail.com
INFO 2026-03-22 13:29:47,718 audit User registered successfully: qa1.tester.sheba@mailinator.com
INFO 2026-03-22 13:32:05,178 audit User logged in successfully: ggg@gmail.com
ERROR 2026-03-22 13:44:05,943 django.security.DisallowedHost Invalid HTTP_HOST header: 'localhost:8085'. You may need to add 'localhost' to ALLOWED_HOSTS.
Traceback (most recent call last):
  File "/home/shebahub/ShebaHub_Backend/venv/lib/python3.12/site-packages/django/core/handlers/exception.py", line 55, in inner
    response = get_response(request)
               ^^^^^^^^^^^^^^^^^^^^^
  File "/home/shebahub/ShebaHub_Backend/venv/lib/python3.12/site-packages/django/utils/deprecation.py", line 133, in __call__
    response = self.process_request(request)
               ^^^^^^^^^^^^^^^^^^^^^^^^^^^^^
  File "/home/shebahub/ShebaHub_Backend/venv/lib/python3.12/site-packages/django/middleware/security.py", line 28, in process_request
    host = self.redirect_host or request.get_host()
                                 ^^^^^^^^^^^^^^^^^^
  File "/home/shebahub/ShebaHub_Backend/venv/lib/python3.12/site-packages/django/http/request.py", line 150, in get_host
    raise DisallowedHost(msg)
django.core.exceptions.DisallowedHost: Invalid HTTP_HOST header: 'localhost:8085'. You may need to add 'localhost' to ALLOWED_HOSTS.
INFO 2026-03-22 13:46:18,737 audit User logged in successfully: ggg@gmail.com
ERROR 2026-03-22 17:04:26,398 django.security.DisallowedHost Invalid HTTP_HOST header: '51.84.138.91:8085'. You may need to add '51.84.138.91' to ALLOWED_HOSTS.
Traceback (most recent call last):
  File "/home/shebahub/ShebaHub_Backend/venv/lib/python3.12/site-packages/django/core/handlers/exception.py", line 55, in inner
    response = get_response(request)
               ^^^^^^^^^^^^^^^^^^^^^
  File "/home/shebahub/ShebaHub_Backend/venv/lib/python3.12/site-packages/django/utils/deprecation.py", line 133, in __call__
    response = self.process_request(request)
               ^^^^^^^^^^^^^^^^^^^^^^^^^^^^^
  File "/home/shebahub/ShebaHub_Backend/venv/lib/python3.12/site-packages/django/middleware/common.py", line 48, in process_request
    host = request.get_host()
           ^^^^^^^^^^^^^^^^^^
  File "/home/shebahub/ShebaHub_Backend/venv/lib/python3.12/site-packages/django/http/request.py", line 150, in get_host
    raise DisallowedHost(msg)
django.core.exceptions.DisallowedHost: Invalid HTTP_HOST header: '51.84.138.91:8085'. You may need to add '51.84.138.91' to ALLOWED_HOSTS.
ERROR 2026-03-22 19:14:16,960 django.security.DisallowedHost Invalid HTTP_HOST header: '51.84.138.91:8085'. You may need to add '51.84.138.91' to ALLOWED_HOSTS.
Traceback (most recent call last):
  File "/home/shebahub/ShebaHub_Backend/venv/lib/python3.12/site-packages/django/core/handlers/exception.py", line 55, in inner
    response = get_response(request)
               ^^^^^^^^^^^^^^^^^^^^^
  File "/home/shebahub/ShebaHub_Backend/venv/lib/python3.12/site-packages/django/utils/deprecation.py", line 133, in __call__
    response = self.process_request(request)
               ^^^^^^^^^^^^^^^^^^^^^^^^^^^^^
  File "/home/shebahub/ShebaHub_Backend/venv/lib/python3.12/site-packages/django/middleware/common.py", line 48, in process_request
    host = request.get_host()
           ^^^^^^^^^^^^^^^^^^
  File "/home/shebahub/ShebaHub_Backend/venv/lib/python3.12/site-packages/django/http/request.py", line 150, in get_host
    raise DisallowedHost(msg)
django.core.exceptions.DisallowedHost: Invalid HTTP_HOST header: '51.84.138.91:8085'. You may need to add '51.84.138.91' to ALLOWED_HOSTS.
ERROR 2026-03-22 19:14:20,919 django.security.DisallowedHost Invalid HTTP_HOST header: '51.84.138.91:8085'. You may need to add '51.84.138.91' to ALLOWED_HOSTS.
Traceback (most recent call last):
  File "/home/shebahub/ShebaHub_Backend/venv/lib/python3.12/site-packages/django/core/handlers/exception.py", line 55, in inner
    response = get_response(request)
               ^^^^^^^^^^^^^^^^^^^^^
  File "/home/shebahub/ShebaHub_Backend/venv/lib/python3.12/site-packages/django/utils/deprecation.py", line 133, in __call__
    response = self.process_request(request)
               ^^^^^^^^^^^^^^^^^^^^^^^^^^^^^
  File "/home/shebahub/ShebaHub_Backend/venv/lib/python3.12/site-packages/django/middleware/common.py", line 48, in process_request
    host = request.get_host()
           ^^^^^^^^^^^^^^^^^^
  File "/home/shebahub/ShebaHub_Backend/venv/lib/python3.12/site-packages/django/http/request.py", line 150, in get_host
    raise DisallowedHost(msg)
django.core.exceptions.DisallowedHost: Invalid HTTP_HOST header: '51.84.138.91:8085'. You may need to add '51.84.138.91' to ALLOWED_HOSTS.
ERROR 2026-03-22 19:14:31,687 django.security.DisallowedHost Invalid HTTP_HOST header: '51.84.138.91:8085'. You may need to add '51.84.138.91' to ALLOWED_HOSTS.
Traceback (most recent call last):
  File "/home/shebahub/ShebaHub_Backend/venv/lib/python3.12/site-packages/django/core/handlers/exception.py", line 55, in inner
    response = get_response(request)
               ^^^^^^^^^^^^^^^^^^^^^
  File "/home/shebahub/ShebaHub_Backend/venv/lib/python3.12/site-packages/django/utils/deprecation.py", line 133, in __call__
    response = self.process_request(request)
               ^^^^^^^^^^^^^^^^^^^^^^^^^^^^^
  File "/home/shebahub/ShebaHub_Backend/venv/lib/python3.12/site-packages/django/middleware/common.py", line 48, in process_request
    host = request.get_host()
           ^^^^^^^^^^^^^^^^^^
  File "/home/shebahub/ShebaHub_Backend/venv/lib/python3.12/site-packages/django/http/request.py", line 150, in get_host
    raise DisallowedHost(msg)
django.core.exceptions.DisallowedHost: Invalid HTTP_HOST header: '51.84.138.91:8085'. You may need to add '51.84.138.91' to ALLOWED_HOSTS.
INFO 2026-03-22 19:53:18,584 audit User logged in successfully: ggg@gmail.com
INFO 2026-03-23 08:05:24,372 audit User logged in successfully: roy.vivantee@gmail.com
WARNING 2026-03-23 08:06:02,358 audit Failed login attempt for: admin@sheba.com
ERROR 2026-03-23 08:25:53,455 django.security.DisallowedHost Invalid HTTP_HOST header: '51.84.138.91:8085'. You may need to add '51.84.138.91' to ALLOWED_HOSTS.
Traceback (most recent call last):
  File "/home/shebahub/ShebaHub_Backend/venv/lib/python3.12/site-packages/django/core/handlers/exception.py", line 55, in inner
    response = get_response(request)
               ^^^^^^^^^^^^^^^^^^^^^
  File "/home/shebahub/ShebaHub_Backend/venv/lib/python3.12/site-packages/django/utils/deprecation.py", line 133, in __call__
    response = self.process_request(request)
               ^^^^^^^^^^^^^^^^^^^^^^^^^^^^^
  File "/home/shebahub/ShebaHub_Backend/venv/lib/python3.12/site-packages/django/middleware/common.py", line 48, in process_request
    host = request.get_host()
           ^^^^^^^^^^^^^^^^^^
  File "/home/shebahub/ShebaHub_Backend/venv/lib/python3.12/site-packages/django/http/request.py", line 150, in get_host
    raise DisallowedHost(msg)
django.core.exceptions.DisallowedHost: Invalid HTTP_HOST header: '51.84.138.91:8085'. You may need to add '51.84.138.91' to ALLOWED_HOSTS.
ERROR 2026-03-23 08:25:54,435 django.security.DisallowedHost Invalid HTTP_HOST header: '51.84.138.91:8085'. You may need to add '51.84.138.91' to ALLOWED_HOSTS.
Traceback (most recent call last):
  File "/home/shebahub/ShebaHub_Backend/venv/lib/python3.12/site-packages/django/core/handlers/exception.py", line 55, in inner
    response = get_response(request)
               ^^^^^^^^^^^^^^^^^^^^^
  File "/home/shebahub/ShebaHub_Backend/venv/lib/python3.12/site-packages/django/utils/deprecation.py", line 133, in __call__
    response = self.process_request(request)
               ^^^^^^^^^^^^^^^^^^^^^^^^^^^^^
  File "/home/shebahub/ShebaHub_Backend/venv/lib/python3.12/site-packages/django/middleware/common.py", line 48, in process_request
    host = request.get_host()
           ^^^^^^^^^^^^^^^^^^
  File "/home/shebahub/ShebaHub_Backend/venv/lib/python3.12/site-packages/django/http/request.py", line 150, in get_host
    raise DisallowedHost(msg)
django.core.exceptions.DisallowedHost: Invalid HTTP_HOST header: '51.84.138.91:8085'. You may need to add '51.84.138.91' to ALLOWED_HOSTS.
ERROR 2026-03-23 08:25:55,409 django.security.DisallowedHost Invalid HTTP_HOST header: '51.84.138.91:8085'. You may need to add '51.84.138.91' to ALLOWED_HOSTS.
Traceback (most recent call last):
  File "/home/shebahub/ShebaHub_Backend/venv/lib/python3.12/site-packages/django/core/handlers/exception.py", line 55, in inner
    response = get_response(request)
               ^^^^^^^^^^^^^^^^^^^^^
  File "/home/shebahub/ShebaHub_Backend/venv/lib/python3.12/site-packages/django/utils/deprecation.py", line 133, in __call__
    response = self.process_request(request)
               ^^^^^^^^^^^^^^^^^^^^^^^^^^^^^
  File "/home/shebahub/ShebaHub_Backend/venv/lib/python3.12/site-packages/django/middleware/common.py", line 48, in process_request
    host = request.get_host()
           ^^^^^^^^^^^^^^^^^^
  File "/home/shebahub/ShebaHub_Backend/venv/lib/python3.12/site-packages/django/http/request.py", line 150, in get_host
    raise DisallowedHost(msg)
django.core.exceptions.DisallowedHost: Invalid HTTP_HOST header: '51.84.138.91:8085'. You may need to add '51.84.138.91' to ALLOWED_HOSTS.
ERROR 2026-03-23 08:25:56,444 django.security.DisallowedHost Invalid HTTP_HOST header: '51.84.138.91:8085'. You may need to add '51.84.138.91' to ALLOWED_HOSTS.
Traceback (most recent call last):
  File "/home/shebahub/ShebaHub_Backend/venv/lib/python3.12/site-packages/django/core/handlers/exception.py", line 55, in inner
    response = get_response(request)
               ^^^^^^^^^^^^^^^^^^^^^
  File "/home/shebahub/ShebaHub_Backend/venv/lib/python3.12/site-packages/django/utils/deprecation.py", line 133, in __call__
    response = self.process_request(request)
               ^^^^^^^^^^^^^^^^^^^^^^^^^^^^^
  File "/home/shebahub/ShebaHub_Backend/venv/lib/python3.12/site-packages/django/middleware/common.py", line 48, in process_request
    host = request.get_host()
           ^^^^^^^^^^^^^^^^^^
  File "/home/shebahub/ShebaHub_Backend/venv/lib/python3.12/site-packages/django/http/request.py", line 150, in get_host
    raise DisallowedHost(msg)
django.core.exceptions.DisallowedHost: Invalid HTTP_HOST header: '51.84.138.91:8085'. You may need to add '51.84.138.91' to ALLOWED_HOSTS.
INFO 2026-03-23 08:44:17,402 audit User logged in successfully: ggg@gmail.com
ERROR 2026-03-23 11:36:34,900 django.security.DisallowedHost Invalid HTTP_HOST header: 'localhost:8085'. You may need to add 'localhost' to ALLOWED_HOSTS.
Traceback (most recent call last):
  File "/home/shebahub/ShebaHub_Backend/venv/lib/python3.12/site-packages/django/core/handlers/exception.py", line 55, in inner
    response = get_response(request)
               ^^^^^^^^^^^^^^^^^^^^^
  File "/home/shebahub/ShebaHub_Backend/venv/lib/python3.12/site-packages/django/utils/deprecation.py", line 133, in __call__
    response = self.process_request(request)
               ^^^^^^^^^^^^^^^^^^^^^^^^^^^^^
  File "/home/shebahub/ShebaHub_Backend/venv/lib/python3.12/site-packages/django/middleware/security.py", line 28, in process_request
    host = self.redirect_host or request.get_host()
                                 ^^^^^^^^^^^^^^^^^^
  File "/home/shebahub/ShebaHub_Backend/venv/lib/python3.12/site-packages/django/http/request.py", line 150, in get_host
    raise DisallowedHost(msg)
django.core.exceptions.DisallowedHost: Invalid HTTP_HOST header: 'localhost:8085'. You may need to add 'localhost' to ALLOWED_HOSTS.
INFO 2026-03-23 11:40:49,364 audit Password reset requested for: roy.vivantee@gmail.com
INFO 2026-03-23 11:41:15,611 audit Env-admin user auto-provisioned
INFO 2026-03-23 11:41:15,612 audit User logged in successfully: admin@sheba.com
INFO 2026-03-23 11:44:49,744 audit Contact message sent: from=admin@sheba.com to user #007b4128-8810-4186-9105-9c4374aef132
WARNING 2026-03-23 11:44:49,747 audit Skipping email to unverified user test@hotmail.com
INFO 2026-03-23 11:53:20,224 audit Password reset requested for: roy.vivantee@gmail.com
INFO 2026-03-23 11:54:15,583 audit Password reset requested for: roy.vivantee@gmail.com
INFO 2026-03-23 12:03:46,823 audit Password reset requested for: roy.vivantee@gmail.com
INFO 2026-03-23 12:07:41,072 audit Password reset requested for: roy.vivantee@gmail.com
INFO 2026-03-23 12:11:15,301 audit User logged in successfully: admin@sheba.com
INFO 2026-03-23 12:12:58,269 audit User registered successfully: royvivante01@gmail.com
INFO 2026-03-23 12:14:44,834 audit Student profile created: royvivante01@gmail.com
INFO 2026-03-23 12:15:23,022 audit Verification email resent: royvivante01@gmail.com
INFO 2026-03-23 12:17:10,554 audit User logged in successfully: ionatan1233@gmail.com
INFO 2026-03-23 12:17:51,387 audit User registered successfully: testtest12@gmail.com
INFO 2026-03-23 12:18:49,532 audit User logged in successfully: royvivante01@gmail.com
INFO 2026-03-23 12:20:23,372 audit Password reset requested for: ionatan1233@gmail.com
INFO 2026-03-23 12:21:49,765 audit Password reset requested for: roy.vivantee@gmail.com
INFO 2026-03-23 12:22:32,655 audit Password reset requested for: ionatan1233@gmail.com
INFO 2026-03-23 12:23:09,914 audit Password reset completed for: ionatan1233@gmail.com
INFO 2026-03-23 12:23:16,485 audit User logged in successfully: ionatan1233@gmail.com
INFO 2026-03-23 12:23:16,926 audit Password reset completed for: roy.vivantee@gmail.com
INFO 2026-03-23 12:23:50,221 audit Password reset requested for: roy.vivantee@gmail.com
WARNING 2026-03-23 12:24:21,451 audit Failed env-admin login attempt
WARNING 2026-03-23 12:24:21,456 audit Failed login attempt for: admin@sheba.com
INFO 2026-03-23 12:24:31,332 audit User logged in successfully: admin@sheba.com
INFO 2026-03-23 12:24:44,824 audit User logged in successfully: royvivante01@gmail.com
INFO 2026-03-23 12:25:58,282 audit Verification email resent: royvivante01@gmail.com
INFO 2026-03-23 12:26:10,458 audit Email verified: royvivante01@gmail.com
INFO 2026-03-23 12:29:34,117 audit User logged in successfully: admin@sheba.com
ERROR 2026-03-23 12:53:11,117 django.security.DisallowedHost Invalid HTTP_HOST header: '51.84.138.91:8085'. You may need to add '51.84.138.91' to ALLOWED_HOSTS.
Traceback (most recent call last):
  File "/home/shebahub/ShebaHub_Backend/venv/lib/python3.12/site-packages/django/core/handlers/exception.py", line 55, in inner
    response = get_response(request)
               ^^^^^^^^^^^^^^^^^^^^^
  File "/home/shebahub/ShebaHub_Backend/venv/lib/python3.12/site-packages/django/utils/deprecation.py", line 133, in __call__
    response = self.process_request(request)
               ^^^^^^^^^^^^^^^^^^^^^^^^^^^^^
  File "/home/shebahub/ShebaHub_Backend/venv/lib/python3.12/site-packages/django/middleware/common.py", line 48, in process_request
    host = request.get_host()
           ^^^^^^^^^^^^^^^^^^
  File "/home/shebahub/ShebaHub_Backend/venv/lib/python3.12/site-packages/django/http/request.py", line 150, in get_host
    raise DisallowedHost(msg)
django.core.exceptions.DisallowedHost: Invalid HTTP_HOST header: '51.84.138.91:8085'. You may need to add '51.84.138.91' to ALLOWED_HOSTS.
ERROR 2026-03-23 12:53:11,859 django.security.DisallowedHost Invalid HTTP_HOST header: '51.84.138.91:8085'. You may need to add '51.84.138.91' to ALLOWED_HOSTS.
Traceback (most recent call last):
  File "/home/shebahub/ShebaHub_Backend/venv/lib/python3.12/site-packages/django/core/handlers/exception.py", line 55, in inner
    response = get_response(request)
               ^^^^^^^^^^^^^^^^^^^^^
  File "/home/shebahub/ShebaHub_Backend/venv/lib/python3.12/site-packages/django/utils/deprecation.py", line 133, in __call__
    response = self.process_request(request)
               ^^^^^^^^^^^^^^^^^^^^^^^^^^^^^
  File "/home/shebahub/ShebaHub_Backend/venv/lib/python3.12/site-packages/django/middleware/common.py", line 48, in process_request
    host = request.get_host()
           ^^^^^^^^^^^^^^^^^^
  File "/home/shebahub/ShebaHub_Backend/venv/lib/python3.12/site-packages/django/http/request.py", line 150, in get_host
    raise DisallowedHost(msg)
django.core.exceptions.DisallowedHost: Invalid HTTP_HOST header: '51.84.138.91:8085'. You may need to add '51.84.138.91' to ALLOWED_HOSTS.
ERROR 2026-03-23 12:53:12,568 django.security.DisallowedHost Invalid HTTP_HOST header: '51.84.138.91:8085'. You may need to add '51.84.138.91' to ALLOWED_HOSTS.
Traceback (most recent call last):
  File "/home/shebahub/ShebaHub_Backend/venv/lib/python3.12/site-packages/django/core/handlers/exception.py", line 55, in inner
    response = get_response(request)
               ^^^^^^^^^^^^^^^^^^^^^
  File "/home/shebahub/ShebaHub_Backend/venv/lib/python3.12/site-packages/django/utils/deprecation.py", line 133, in __call__
    response = self.process_request(request)
               ^^^^^^^^^^^^^^^^^^^^^^^^^^^^^
  File "/home/shebahub/ShebaHub_Backend/venv/lib/python3.12/site-packages/django/middleware/common.py", line 48, in process_request
    host = request.get_host()
           ^^^^^^^^^^^^^^^^^^
  File "/home/shebahub/ShebaHub_Backend/venv/lib/python3.12/site-packages/django/http/request.py", line 150, in get_host
    raise DisallowedHost(msg)
django.core.exceptions.DisallowedHost: Invalid HTTP_HOST header: '51.84.138.91:8085'. You may need to add '51.84.138.91' to ALLOWED_HOSTS.
ERROR 2026-03-23 12:53:13,276 django.security.DisallowedHost Invalid HTTP_HOST header: '51.84.138.91:8085'. You may need to add '51.84.138.91' to ALLOWED_HOSTS.
Traceback (most recent call last):
  File "/home/shebahub/ShebaHub_Backend/venv/lib/python3.12/site-packages/django/core/handlers/exception.py", line 55, in inner
    response = get_response(request)
               ^^^^^^^^^^^^^^^^^^^^^
  File "/home/shebahub/ShebaHub_Backend/venv/lib/python3.12/site-packages/django/utils/deprecation.py", line 133, in __call__
    response = self.process_request(request)
               ^^^^^^^^^^^^^^^^^^^^^^^^^^^^^
  File "/home/shebahub/ShebaHub_Backend/venv/lib/python3.12/site-packages/django/middleware/common.py", line 48, in process_request
    host = request.get_host()
           ^^^^^^^^^^^^^^^^^^
  File "/home/shebahub/ShebaHub_Backend/venv/lib/python3.12/site-packages/django/http/request.py", line 150, in get_host
    raise DisallowedHost(msg)
django.core.exceptions.DisallowedHost: Invalid HTTP_HOST header: '51.84.138.91:8085'. You may need to add '51.84.138.91' to ALLOWED_HOSTS.
INFO 2026-03-23 12:54:54,161 audit User logged in successfully: ggg@gmail.com
INFO 2026-03-23 13:29:53,889 audit User logged in successfully: ggg@gmail.com
INFO 2026-03-23 13:29:59,844 audit Mentor profile updated: ggg@gmail.com
INFO 2026-03-23 15:27:15,387 audit User logged in successfully: royvivante01@gmail.com
WARNING 2026-03-23 15:28:22,055 audit Failed login attempt for: roy.vivantee@gmail.com
INFO 2026-03-23 15:28:26,562 audit Password reset requested for: roy.vivantee@gmail.com
INFO 2026-03-23 15:28:52,140 audit Password reset completed for: roy.vivantee@gmail.com
WARNING 2026-03-23 15:29:17,703 audit Failed login attempt for: roy.vivantee@gmail.com
WARNING 2026-03-23 15:29:23,425 audit Failed login attempt for: roy.vivantee@gmail.com
INFO 2026-03-23 15:29:26,245 audit User logged in successfully: roy.vivantee@gmail.com
INFO 2026-03-23 15:29:31,934 audit Verification email resent: roy.vivantee@gmail.com
INFO 2026-03-23 15:29:40,466 audit Email verified: roy.vivantee@gmail.com
INFO 2026-03-23 15:30:31,230 audit Mentor profile updated: roy.vivantee@gmail.com
INFO 2026-03-23 15:37:01,401 audit User logged in successfully: ggg@gmail.com
INFO 2026-03-23 15:38:31,968 audit User logged in successfully: ggg2@gmail.com
INFO 2026-03-23 15:38:40,764 audit User logged in successfully: ggg3@gmail.com
INFO 2026-03-23 15:38:45,021 audit User logged in successfully: ggg@gmail.com
WARNING 2026-03-23 15:48:37,072 audit Signup validation failed: {'email': [ErrorDetail(string='User with this email already exists.', code='unique')]}
WARNING 2026-03-23 15:48:58,961 audit Signup validation failed: {'email': [ErrorDetail(string='User with this email already exists.', code='unique')]}
INFO 2026-03-23 15:50:26,307 audit User registered successfully: screen@gmail.com
INFO 2026-03-23 15:52:18,074 audit Student profile created: screen@gmail.com
WARNING 2026-03-23 16:24:16,993 audit Signup validation failed: {'email': [ErrorDetail(string='User with this email already exists.', code='unique')]}
INFO 2026-03-23 16:24:31,704 audit User registered successfully: betty.hv@gmail.com
WARNING 2026-03-23 16:31:27,510 audit Failed env-admin login attempt
WARNING 2026-03-23 16:31:27,514 audit Failed login attempt for: admin@sheba.com
INFO 2026-03-23 16:31:37,869 audit User logged in successfully: admin@sheba.com
INFO 2026-03-23 16:32:56,394 audit User registered successfully: bella@gmail.com
ERROR 2026-03-23 16:34:15,979 django.security.DisallowedHost Invalid HTTP_HOST header: '51.84.138.91:8085'. You may need to add '51.84.138.91' to ALLOWED_HOSTS.
Traceback (most recent call last):
  File "/home/shebahub/ShebaHub_Backend/venv/lib/python3.12/site-packages/django/core/handlers/exception.py", line 55, in inner
    response = get_response(request)
               ^^^^^^^^^^^^^^^^^^^^^
  File "/home/shebahub/ShebaHub_Backend/venv/lib/python3.12/site-packages/django/utils/deprecation.py", line 133, in __call__
    response = self.process_request(request)
               ^^^^^^^^^^^^^^^^^^^^^^^^^^^^^
  File "/home/shebahub/ShebaHub_Backend/venv/lib/python3.12/site-packages/django/middleware/common.py", line 48, in process_request
    host = request.get_host()
           ^^^^^^^^^^^^^^^^^^
  File "/home/shebahub/ShebaHub_Backend/venv/lib/python3.12/site-packages/django/http/request.py", line 150, in get_host
    raise DisallowedHost(msg)
django.core.exceptions.DisallowedHost: Invalid HTTP_HOST header: '51.84.138.91:8085'. You may need to add '51.84.138.91' to ALLOWED_HOSTS.
WARNING 2026-03-23 16:49:30,886 audit Failed env-admin login attempt
WARNING 2026-03-23 16:49:30,890 audit Failed login attempt for: admin@sheba.com
INFO 2026-03-23 16:49:34,361 audit User logged in successfully: admin@sheba.com
INFO 2026-03-23 17:15:09,689 audit User logged in successfully: ggg@gmail.com
INFO 2026-03-23 18:08:00,603 audit User logged in successfully: ggg@gmail.com
ERROR 2026-03-23 21:52:23,731 django.security.DisallowedHost Invalid HTTP_HOST header: '51.84.138.91:8085'. You may need to add '51.84.138.91' to ALLOWED_HOSTS.
Traceback (most recent call last):
  File "/home/shebahub/ShebaHub_Backend/venv/lib/python3.12/site-packages/django/core/handlers/exception.py", line 55, in inner
    response = get_response(request)
               ^^^^^^^^^^^^^^^^^^^^^
  File "/home/shebahub/ShebaHub_Backend/venv/lib/python3.12/site-packages/django/utils/deprecation.py", line 133, in __call__
    response = self.process_request(request)
               ^^^^^^^^^^^^^^^^^^^^^^^^^^^^^
  File "/home/shebahub/ShebaHub_Backend/venv/lib/python3.12/site-packages/django/middleware/common.py", line 48, in process_request
    host = request.get_host()
           ^^^^^^^^^^^^^^^^^^
  File "/home/shebahub/ShebaHub_Backend/venv/lib/python3.12/site-packages/django/http/request.py", line 150, in get_host
    raise DisallowedHost(msg)
django.core.exceptions.DisallowedHost: Invalid HTTP_HOST header: '51.84.138.91:8085'. You may need to add '51.84.138.91' to ALLOWED_HOSTS.
ERROR 2026-03-23 21:52:28,411 django.security.DisallowedHost Invalid HTTP_HOST header: '51.84.138.91:8085'. You may need to add '51.84.138.91' to ALLOWED_HOSTS.
Traceback (most recent call last):
  File "/home/shebahub/ShebaHub_Backend/venv/lib/python3.12/site-packages/django/core/handlers/exception.py", line 55, in inner
    response = get_response(request)
               ^^^^^^^^^^^^^^^^^^^^^
  File "/home/shebahub/ShebaHub_Backend/venv/lib/python3.12/site-packages/django/utils/deprecation.py", line 133, in __call__
    response = self.process_request(request)
               ^^^^^^^^^^^^^^^^^^^^^^^^^^^^^
  File "/home/shebahub/ShebaHub_Backend/venv/lib/python3.12/site-packages/django/middleware/common.py", line 48, in process_request
    host = request.get_host()
           ^^^^^^^^^^^^^^^^^^
  File "/home/shebahub/ShebaHub_Backend/venv/lib/python3.12/site-packages/django/http/request.py", line 150, in get_host
    raise DisallowedHost(msg)
django.core.exceptions.DisallowedHost: Invalid HTTP_HOST header: '51.84.138.91:8085'. You may need to add '51.84.138.91' to ALLOWED_HOSTS.
ERROR 2026-03-23 21:52:44,940 django.security.DisallowedHost Invalid HTTP_HOST header: '51.84.138.91:8085'. You may need to add '51.84.138.91' to ALLOWED_HOSTS.
Traceback (most recent call last):
  File "/home/shebahub/ShebaHub_Backend/venv/lib/python3.12/site-packages/django/core/handlers/exception.py", line 55, in inner
    response = get_response(request)
               ^^^^^^^^^^^^^^^^^^^^^
  File "/home/shebahub/ShebaHub_Backend/venv/lib/python3.12/site-packages/django/utils/deprecation.py", line 133, in __call__
    response = self.process_request(request)
               ^^^^^^^^^^^^^^^^^^^^^^^^^^^^^
  File "/home/shebahub/ShebaHub_Backend/venv/lib/python3.12/site-packages/django/middleware/common.py", line 48, in process_request
    host = request.get_host()
           ^^^^^^^^^^^^^^^^^^
  File "/home/shebahub/ShebaHub_Backend/venv/lib/python3.12/site-packages/django/http/request.py", line 150, in get_host
    raise DisallowedHost(msg)
django.core.exceptions.DisallowedHost: Invalid HTTP_HOST header: '51.84.138.91:8085'. You may need to add '51.84.138.91' to ALLOWED_HOSTS.
INFO 2026-03-24 09:41:43,227 audit User logged in successfully: ggg@gmail.com
INFO 2026-03-24 12:12:20,756 audit User logged in successfully: ggg@gmail.com
INFO 2026-03-24 12:14:55,412 audit User logged in successfully: admin@sheba.com
WARNING 2026-03-24 14:17:26,030 audit Signup validation failed: {'email': [ErrorDetail(string='User with this email already exists.', code='unique')]}
WARNING 2026-03-24 14:17:52,954 audit Signup validation failed: {'email': [ErrorDetail(string='User with this email already exists.', code='unique')]}
INFO 2026-03-24 14:18:16,853 audit User registered successfully: maayangilboa@tau.ac.il
INFO 2026-03-24 14:44:12,764 audit Mentor profile created: maayangilboa@tau.ac.il
INFO 2026-03-24 14:44:12,924 audit Document uploaded to mentor profile: maayangilboa@tau.ac.il
INFO 2026-03-24 14:46:55,736 audit User logged in successfully: lorenkr20@gmail.com
INFO 2026-03-24 14:52:16,852 audit Email verified: maayangilboa@tau.ac.il
WARNING 2026-03-24 14:52:57,321 audit Failed login attempt for: maayan.gilboa@sheba.gov.il
WARNING 2026-03-24 14:53:03,745 audit Failed login attempt for: maayan.gilboa@sheba.health.gov.il
WARNING 2026-03-24 14:53:13,800 audit Failed login attempt for: mayangilboa@yahoo.com
INFO 2026-03-24 14:53:36,741 audit User logged in successfully: maayangilboa@tau.ac.il
INFO 2026-03-24 14:56:46,999 audit Mentor profile updated: maayangilboa@tau.ac.il
INFO 2026-03-24 14:56:48,954 audit Mentor avatar uploaded: maayangilboa@tau.ac.il
WARNING 2026-03-24 14:59:27,961 audit Failed login attempt for: qa.tester.sheba@mailinator.com
INFO 2026-03-24 14:59:33,937 audit Mentor profile updated: maayangilboa@tau.ac.il
INFO 2026-03-24 14:59:34,131 audit Mentor avatar uploaded: maayangilboa@tau.ac.il
INFO 2026-03-24 14:59:52,363 audit User logged in successfully: royvivante01@gmail.com
INFO 2026-03-24 15:00:02,199 audit Student profile updated: royvivante01@gmail.com
INFO 2026-03-24 15:00:02,372 audit Student avatar uploaded: royvivante01@gmail.com
INFO 2026-03-24 15:05:46,020 audit User logged in successfully: admin@sheba.com
INFO 2026-03-24 15:06:27,920 audit User logged in successfully: admin@sheba.com
WARNING 2026-03-24 15:24:19,262 audit Failed login attempt for: ggg@gmail.com
WARNING 2026-03-24 15:24:24,316 audit Failed login attempt for: ggg@gmail.com
WARNING 2026-03-24 15:32:31,071 audit Failed login attempt for: ggg@gmail.com
WARNING 2026-03-24 15:44:14,924 audit Failed login attempt for: ggg@gmail.com
WARNING 2026-03-24 15:44:39,734 audit Signup validation failed: {'email': [ErrorDetail(string='User with this email already exists.', code='unique')]}
WARNING 2026-03-24 15:44:43,882 audit Account locked after 5 failed attempts: ggg@gmail.com
WARNING 2026-03-24 15:44:43,882 audit Failed login attempt for: ggg@gmail.com
WARNING 2026-03-24 15:45:48,575 audit Failed login attempt for: royvivante01@gmail.com
WARNING 2026-03-24 15:45:49,741 audit Failed login attempt for: royvivante01@gmail.com
WARNING 2026-03-24 15:46:07,219 audit Failed login attempt for: roy.vivantee@gmail.com
WARNING 2026-03-24 15:46:15,723 audit Failed login attempt for: roy.vivantee@gmail.com
WARNING 2026-03-24 15:46:18,889 audit Failed login attempt for: roy.vivantee@gmail.com
WARNING 2026-03-24 15:46:22,613 audit Failed login attempt for: roy.vivantee@gmail.com
WARNING 2026-03-24 15:46:59,645 audit Failed env-admin login attempt
WARNING 2026-03-24 15:46:59,650 audit Failed login attempt for: admin@sheba.com
WARNING 2026-03-24 15:47:09,183 audit Failed env-admin login attempt
WARNING 2026-03-24 15:47:09,187 audit Failed login attempt for: admin@sheba.com
WARNING 2026-03-24 15:47:34,978 audit Failed env-admin login attempt
WARNING 2026-03-24 15:47:34,982 audit Failed login attempt for: admin@sheba.com
WARNING 2026-03-24 15:47:57,053 audit Failed env-admin login attempt
WARNING 2026-03-24 15:47:57,058 audit Failed login attempt for: admin@sheba.com
WARNING 2026-03-24 15:48:04,887 audit Failed env-admin login attempt
WARNING 2026-03-24 15:48:04,893 audit Account locked after 5 failed attempts: admin@sheba.com
WARNING 2026-03-24 15:48:04,893 audit Failed login attempt for: admin@sheba.com
WARNING 2026-03-24 16:01:54,324 audit Login attempt on locked account: admin@sheba.com
WARNING 2026-03-24 16:18:50,747 audit Failed env-admin login attempt
WARNING 2026-03-24 16:20:53,302 audit Failed env-admin login attempt
WARNING 2026-03-24 16:20:53,310 audit Account locked after 5 failed attempts: admin@sheba.com
WARNING 2026-03-24 16:20:53,310 audit Failed login attempt for: admin@sheba.com
WARNING 2026-03-24 16:20:59,195 audit Login attempt on locked account: admin@sheba.com
WARNING 2026-03-24 16:21:16,492 audit Failed login attempt for: qa.tester.sheba@mailinator.com
WARNING 2026-03-24 16:21:34,748 audit Failed login attempt for: royvivante01@gmail.com
INFO 2026-03-24 16:21:51,511 audit Password reset requested for: royvivante01@gmail.com
INFO 2026-03-24 16:22:18,407 audit Password reset completed for: royvivante01@gmail.com
WARNING 2026-03-24 16:22:26,324 audit Failed login attempt for: royvivante01@gmail.com
INFO 2026-03-24 16:22:40,740 audit Password reset requested for: roy.vivantee@gmail.com
INFO 2026-03-24 16:24:41,825 audit Password reset requested for: roy.vivantee@gmail.com
INFO 2026-03-24 16:25:07,304 audit Password reset completed for: roy.vivantee@gmail.com
INFO 2026-03-24 16:25:21,998 audit User logged in successfully: roy.vivantee@gmail.com
WARNING 2026-03-24 16:26:03,282 audit Failed login attempt for: ionatan1233@gmail.com
INFO 2026-03-24 16:27:37,090 audit User logged in successfully: maayangilboa@tau.ac.il
WARNING 2026-03-24 16:28:06,903 audit Signup validation failed: {'password': [ErrorDetail(string='This password is too common.', code='invalid'), ErrorDetail(string='This password is entirely numeric.', code='invalid'), ErrorDetail(string='This password is too common. Please choose a more unique password.', code='invalid')]}
WARNING 2026-03-24 16:28:16,968 audit Signup validation failed: {'password': [ErrorDetail(string='This password is too common.', code='invalid'), ErrorDetail(string='This password is too common. Please choose a more unique password.', code='invalid')]}
INFO 2026-03-24 16:28:32,300 audit User registered successfully: hicmaidqqrcuxhmghk@nesopf.com
INFO 2026-03-24 16:29:23,127 audit Mentor profile created: hicmaidqqrcuxhmghk@nesopf.com
WARNING 2026-03-24 16:29:29,302 audit Account locked after 5 failed attempts: ggg@gmail.com
WARNING 2026-03-24 16:29:29,302 audit Failed login attempt for: ggg@gmail.com
INFO 2026-03-24 16:31:38,888 audit Document downloaded: Mayan_Gilboa_DFG_CV230326.pdf
WARNING 2026-03-24 16:33:41,793 audit Login attempt on locked account: admin@sheba.com
WARNING 2026-03-24 16:35:01,228 audit Login attempt on locked account: ggg@gmail.com
ERROR 2026-03-24 19:06:46,009 django.security.DisallowedHost Invalid HTTP_HOST header: '51.84.138.91:8085'. You may need to add '51.84.138.91' to ALLOWED_HOSTS.
Traceback (most recent call last):
  File "/home/shebahub/ShebaHub_Backend/venv/lib/python3.12/site-packages/django/core/handlers/exception.py", line 55, in inner
    response = get_response(request)
               ^^^^^^^^^^^^^^^^^^^^^
  File "/home/shebahub/ShebaHub_Backend/venv/lib/python3.12/site-packages/django/utils/deprecation.py", line 133, in __call__
    response = self.process_request(request)
               ^^^^^^^^^^^^^^^^^^^^^^^^^^^^^
  File "/home/shebahub/ShebaHub_Backend/venv/lib/python3.12/site-packages/django/middleware/common.py", line 48, in process_request
    host = request.get_host()
           ^^^^^^^^^^^^^^^^^^
  File "/home/shebahub/ShebaHub_Backend/venv/lib/python3.12/site-packages/django/http/request.py", line 150, in get_host
    raise DisallowedHost(msg)
django.core.exceptions.DisallowedHost: Invalid HTTP_HOST header: '51.84.138.91:8085'. You may need to add '51.84.138.91' to ALLOWED_HOSTS.
ERROR 2026-03-24 19:27:34,035 django.security.DisallowedHost Invalid HTTP_HOST header: '51.84.138.91:8085'. You may need to add '51.84.138.91' to ALLOWED_HOSTS.
Traceback (most recent call last):
  File "/home/shebahub/ShebaHub_Backend/venv/lib/python3.12/site-packages/django/core/handlers/exception.py", line 55, in inner
    response = get_response(request)
               ^^^^^^^^^^^^^^^^^^^^^
  File "/home/shebahub/ShebaHub_Backend/venv/lib/python3.12/site-packages/django/utils/deprecation.py", line 133, in __call__
    response = self.process_request(request)
               ^^^^^^^^^^^^^^^^^^^^^^^^^^^^^
  File "/home/shebahub/ShebaHub_Backend/venv/lib/python3.12/site-packages/django/middleware/common.py", line 48, in process_request
    host = request.get_host()
           ^^^^^^^^^^^^^^^^^^
  File "/home/shebahub/ShebaHub_Backend/venv/lib/python3.12/site-packages/django/http/request.py", line 150, in get_host
    raise DisallowedHost(msg)
django.core.exceptions.DisallowedHost: Invalid HTTP_HOST header: '51.84.138.91:8085'. You may need to add '51.84.138.91' to ALLOWED_HOSTS.
WARNING 2026-03-24 20:02:48,268 audit Account locked after 5 failed attempts: ggg@gmail.com
WARNING 2026-03-24 20:02:48,268 audit Failed login attempt for: ggg@gmail.com
WARNING 2026-03-24 20:02:48,509 audit Login attempt on locked account: ggg@gmail.com
ERROR 2026-03-24 22:47:54,165 django.security.DisallowedHost Invalid HTTP_HOST header: '51.84.138.91:8085'. You may need to add '51.84.138.91' to ALLOWED_HOSTS.
Traceback (most recent call last):
  File "/home/shebahub/ShebaHub_Backend/venv/lib/python3.12/site-packages/django/core/handlers/exception.py", line 55, in inner
    response = get_response(request)
               ^^^^^^^^^^^^^^^^^^^^^
  File "/home/shebahub/ShebaHub_Backend/venv/lib/python3.12/site-packages/django/utils/deprecation.py", line 133, in __call__
    response = self.process_request(request)
               ^^^^^^^^^^^^^^^^^^^^^^^^^^^^^
  File "/home/shebahub/ShebaHub_Backend/venv/lib/python3.12/site-packages/django/middleware/common.py", line 48, in process_request
    host = request.get_host()
           ^^^^^^^^^^^^^^^^^^
  File "/home/shebahub/ShebaHub_Backend/venv/lib/python3.12/site-packages/django/http/request.py", line 150, in get_host
    raise DisallowedHost(msg)
django.core.exceptions.DisallowedHost: Invalid HTTP_HOST header: '51.84.138.91:8085'. You may need to add '51.84.138.91' to ALLOWED_HOSTS.
ERROR 2026-03-24 22:49:21,262 django.security.DisallowedHost Invalid HTTP_HOST header: '51.84.138.91:8085'. You may need to add '51.84.138.91' to ALLOWED_HOSTS.
Traceback (most recent call last):
  File "/home/shebahub/ShebaHub_Backend/venv/lib/python3.12/site-packages/django/core/handlers/exception.py", line 55, in inner
    response = get_response(request)
               ^^^^^^^^^^^^^^^^^^^^^
  File "/home/shebahub/ShebaHub_Backend/venv/lib/python3.12/site-packages/django/utils/deprecation.py", line 133, in __call__
    response = self.process_request(request)
               ^^^^^^^^^^^^^^^^^^^^^^^^^^^^^
  File "/home/shebahub/ShebaHub_Backend/venv/lib/python3.12/site-packages/django/middleware/common.py", line 48, in process_request
    host = request.get_host()
           ^^^^^^^^^^^^^^^^^^
  File "/home/shebahub/ShebaHub_Backend/venv/lib/python3.12/site-packages/django/http/request.py", line 150, in get_host
    raise DisallowedHost(msg)
django.core.exceptions.DisallowedHost: Invalid HTTP_HOST header: '51.84.138.91:8085'. You may need to add '51.84.138.91' to ALLOWED_HOSTS.
WARNING 2026-03-25 00:29:35,112 audit Failed env-admin login attempt
WARNING 2026-03-25 00:29:35,120 audit Account locked after 5 failed attempts: admin@sheba.com
WARNING 2026-03-25 00:29:35,120 audit Failed login attempt for: admin@sheba.com
WARNING 2026-03-25 00:30:11,209 audit Login attempt on locked account: admin@sheba.com
INFO 2026-03-25 00:30:39,428 audit User logged in successfully: roy.vivantee@gmail.com
ERROR 2026-03-25 00:44:10,468 django.security.DisallowedHost Invalid HTTP_HOST header: '51.84.138.91:8085'. You may need to add '51.84.138.91' to ALLOWED_HOSTS.
Traceback (most recent call last):
  File "/home/shebahub/ShebaHub_Backend/venv/lib/python3.12/site-packages/django/core/handlers/exception.py", line 55, in inner
    response = get_response(request)
               ^^^^^^^^^^^^^^^^^^^^^
  File "/home/shebahub/ShebaHub_Backend/venv/lib/python3.12/site-packages/django/utils/deprecation.py", line 133, in __call__
    response = self.process_request(request)
               ^^^^^^^^^^^^^^^^^^^^^^^^^^^^^
  File "/home/shebahub/ShebaHub_Backend/venv/lib/python3.12/site-packages/django/middleware/common.py", line 48, in process_request
    host = request.get_host()
           ^^^^^^^^^^^^^^^^^^
  File "/home/shebahub/ShebaHub_Backend/venv/lib/python3.12/site-packages/django/http/request.py", line 150, in get_host
    raise DisallowedHost(msg)
django.core.exceptions.DisallowedHost: Invalid HTTP_HOST header: '51.84.138.91:8085'. You may need to add '51.84.138.91' to ALLOWED_HOSTS.
ERROR 2026-03-25 00:44:11,332 django.security.DisallowedHost Invalid HTTP_HOST header: '51.84.138.91:8085'. You may need to add '51.84.138.91' to ALLOWED_HOSTS.
Traceback (most recent call last):
  File "/home/shebahub/ShebaHub_Backend/venv/lib/python3.12/site-packages/django/core/handlers/exception.py", line 55, in inner
    response = get_response(request)
               ^^^^^^^^^^^^^^^^^^^^^
  File "/home/shebahub/ShebaHub_Backend/venv/lib/python3.12/site-packages/django/utils/deprecation.py", line 133, in __call__
    response = self.process_request(request)
               ^^^^^^^^^^^^^^^^^^^^^^^^^^^^^
  File "/home/shebahub/ShebaHub_Backend/venv/lib/python3.12/site-packages/django/middleware/common.py", line 48, in process_request
    host = request.get_host()
           ^^^^^^^^^^^^^^^^^^
  File "/home/shebahub/ShebaHub_Backend/venv/lib/python3.12/site-packages/django/http/request.py", line 150, in get_host
    raise DisallowedHost(msg)
django.core.exceptions.DisallowedHost: Invalid HTTP_HOST header: '51.84.138.91:8085'. You may need to add '51.84.138.91' to ALLOWED_HOSTS.
ERROR 2026-03-25 00:44:12,229 django.security.DisallowedHost Invalid HTTP_HOST header: '51.84.138.91:8085'. You may need to add '51.84.138.91' to ALLOWED_HOSTS.
Traceback (most recent call last):
  File "/home/shebahub/ShebaHub_Backend/venv/lib/python3.12/site-packages/django/core/handlers/exception.py", line 55, in inner
    response = get_response(request)
               ^^^^^^^^^^^^^^^^^^^^^
  File "/home/shebahub/ShebaHub_Backend/venv/lib/python3.12/site-packages/django/utils/deprecation.py", line 133, in __call__
    response = self.process_request(request)
               ^^^^^^^^^^^^^^^^^^^^^^^^^^^^^
  File "/home/shebahub/ShebaHub_Backend/venv/lib/python3.12/site-packages/django/middleware/common.py", line 48, in process_request
    host = request.get_host()
           ^^^^^^^^^^^^^^^^^^
  File "/home/shebahub/ShebaHub_Backend/venv/lib/python3.12/site-packages/django/http/request.py", line 150, in get_host
    raise DisallowedHost(msg)
django.core.exceptions.DisallowedHost: Invalid HTTP_HOST header: '51.84.138.91:8085'. You may need to add '51.84.138.91' to ALLOWED_HOSTS.
ERROR 2026-03-25 00:44:13,138 django.security.DisallowedHost Invalid HTTP_HOST header: '51.84.138.91:8085'. You may need to add '51.84.138.91' to ALLOWED_HOSTS.
Traceback (most recent call last):
  File "/home/shebahub/ShebaHub_Backend/venv/lib/python3.12/site-packages/django/core/handlers/exception.py", line 55, in inner
    response = get_response(request)
               ^^^^^^^^^^^^^^^^^^^^^
  File "/home/shebahub/ShebaHub_Backend/venv/lib/python3.12/site-packages/django/utils/deprecation.py", line 133, in __call__
    response = self.process_request(request)
               ^^^^^^^^^^^^^^^^^^^^^^^^^^^^^
  File "/home/shebahub/ShebaHub_Backend/venv/lib/python3.12/site-packages/django/middleware/common.py", line 48, in process_request
    host = request.get_host()
           ^^^^^^^^^^^^^^^^^^
  File "/home/shebahub/ShebaHub_Backend/venv/lib/python3.12/site-packages/django/http/request.py", line 150, in get_host
    raise DisallowedHost(msg)
django.core.exceptions.DisallowedHost: Invalid HTTP_HOST header: '51.84.138.91:8085'. You may need to add '51.84.138.91' to ALLOWED_HOSTS.
ERROR 2026-03-25 02:26:10,330 django.security.DisallowedHost Invalid HTTP_HOST header: '51.84.138.91:8085'. You may need to add '51.84.138.91' to ALLOWED_HOSTS.
Traceback (most recent call last):
  File "/home/shebahub/ShebaHub_Backend/venv/lib/python3.12/site-packages/django/core/handlers/exception.py", line 55, in inner
    response = get_response(request)
               ^^^^^^^^^^^^^^^^^^^^^
  File "/home/shebahub/ShebaHub_Backend/venv/lib/python3.12/site-packages/django/utils/deprecation.py", line 133, in __call__
    response = self.process_request(request)
               ^^^^^^^^^^^^^^^^^^^^^^^^^^^^^
  File "/home/shebahub/ShebaHub_Backend/venv/lib/python3.12/site-packages/django/middleware/common.py", line 48, in process_request
    host = request.get_host()
           ^^^^^^^^^^^^^^^^^^
  File "/home/shebahub/ShebaHub_Backend/venv/lib/python3.12/site-packages/django/http/request.py", line 150, in get_host
    raise DisallowedHost(msg)
django.core.exceptions.DisallowedHost: Invalid HTTP_HOST header: '51.84.138.91:8085'. You may need to add '51.84.138.91' to ALLOWED_HOSTS.
INFO 2026-03-25 08:02:38,560 audit User logged in successfully: maayangilboa@tau.ac.il
INFO 2026-03-25 10:18:23,067 audit User logged in successfully: roy.vivantee@gmail.com
WARNING 2026-03-25 10:19:04,266 audit Failed login attempt for: royvivante01@gmail.com
INFO 2026-03-25 10:19:27,224 audit User logged in successfully: royvivante01@gmail.com
INFO 2026-03-25 10:21:32,579 audit Student profile updated: royvivante01@gmail.com
INFO 2026-03-25 10:21:32,651 audit Document uploaded to student profile: royvivante01@gmail.com
INFO 2026-03-25 11:17:12,835 audit User logged in successfully: maayangilboa@tau.ac.il
WARNING 2026-03-25 12:15:14,137 audit Account locked after 5 failed attempts: ggg@gmail.com
WARNING 2026-03-25 12:15:14,138 audit Failed login attempt for: ggg@gmail.com
ERROR 2026-03-25 12:36:58,931 django.security.DisallowedHost Invalid HTTP_HOST header: '51.84.138.91:8085'. You may need to add '51.84.138.91' to ALLOWED_HOSTS.
Traceback (most recent call last):
  File "/home/shebahub/ShebaHub_Backend/venv/lib/python3.12/site-packages/django/core/handlers/exception.py", line 55, in inner
    response = get_response(request)
               ^^^^^^^^^^^^^^^^^^^^^
  File "/home/shebahub/ShebaHub_Backend/venv/lib/python3.12/site-packages/django/utils/deprecation.py", line 133, in __call__
    response = self.process_request(request)
               ^^^^^^^^^^^^^^^^^^^^^^^^^^^^^
  File "/home/shebahub/ShebaHub_Backend/venv/lib/python3.12/site-packages/django/middleware/common.py", line 48, in process_request
    host = request.get_host()
           ^^^^^^^^^^^^^^^^^^
  File "/home/shebahub/ShebaHub_Backend/venv/lib/python3.12/site-packages/django/http/request.py", line 150, in get_host
    raise DisallowedHost(msg)
django.core.exceptions.DisallowedHost: Invalid HTTP_HOST header: '51.84.138.91:8085'. You may need to add '51.84.138.91' to ALLOWED_HOSTS.
ERROR 2026-03-25 12:36:59,374 django.security.DisallowedHost Invalid HTTP_HOST header: '51.84.138.91:8085'. You may need to add '51.84.138.91' to ALLOWED_HOSTS.
Traceback (most recent call last):
  File "/home/shebahub/ShebaHub_Backend/venv/lib/python3.12/site-packages/django/core/handlers/exception.py", line 55, in inner
    response = get_response(request)
               ^^^^^^^^^^^^^^^^^^^^^
  File "/home/shebahub/ShebaHub_Backend/venv/lib/python3.12/site-packages/django/utils/deprecation.py", line 133, in __call__
    response = self.process_request(request)
               ^^^^^^^^^^^^^^^^^^^^^^^^^^^^^
  File "/home/shebahub/ShebaHub_Backend/venv/lib/python3.12/site-packages/django/middleware/common.py", line 48, in process_request
    host = request.get_host()
           ^^^^^^^^^^^^^^^^^^
  File "/home/shebahub/ShebaHub_Backend/venv/lib/python3.12/site-packages/django/http/request.py", line 150, in get_host
    raise DisallowedHost(msg)
django.core.exceptions.DisallowedHost: Invalid HTTP_HOST header: '51.84.138.91:8085'. You may need to add '51.84.138.91' to ALLOWED_HOSTS.
ERROR 2026-03-25 12:36:59,817 django.security.DisallowedHost Invalid HTTP_HOST header: '51.84.138.91:8085'. You may need to add '51.84.138.91' to ALLOWED_HOSTS.
Traceback (most recent call last):
  File "/home/shebahub/ShebaHub_Backend/venv/lib/python3.12/site-packages/django/core/handlers/exception.py", line 55, in inner
    response = get_response(request)
               ^^^^^^^^^^^^^^^^^^^^^
  File "/home/shebahub/ShebaHub_Backend/venv/lib/python3.12/site-packages/django/utils/deprecation.py", line 133, in __call__
    response = self.process_request(request)
               ^^^^^^^^^^^^^^^^^^^^^^^^^^^^^
  File "/home/shebahub/ShebaHub_Backend/venv/lib/python3.12/site-packages/django/middleware/common.py", line 48, in process_request
    host = request.get_host()
           ^^^^^^^^^^^^^^^^^^
  File "/home/shebahub/ShebaHub_Backend/venv/lib/python3.12/site-packages/django/http/request.py", line 150, in get_host
    raise DisallowedHost(msg)
django.core.exceptions.DisallowedHost: Invalid HTTP_HOST header: '51.84.138.91:8085'. You may need to add '51.84.138.91' to ALLOWED_HOSTS.
ERROR 2026-03-25 12:37:00,260 django.security.DisallowedHost Invalid HTTP_HOST header: '51.84.138.91:8085'. You may need to add '51.84.138.91' to ALLOWED_HOSTS.
Traceback (most recent call last):
  File "/home/shebahub/ShebaHub_Backend/venv/lib/python3.12/site-packages/django/core/handlers/exception.py", line 55, in inner
    response = get_response(request)
               ^^^^^^^^^^^^^^^^^^^^^
  File "/home/shebahub/ShebaHub_Backend/venv/lib/python3.12/site-packages/django/utils/deprecation.py", line 133, in __call__
    response = self.process_request(request)
               ^^^^^^^^^^^^^^^^^^^^^^^^^^^^^
  File "/home/shebahub/ShebaHub_Backend/venv/lib/python3.12/site-packages/django/middleware/common.py", line 48, in process_request
    host = request.get_host()
           ^^^^^^^^^^^^^^^^^^
  File "/home/shebahub/ShebaHub_Backend/venv/lib/python3.12/site-packages/django/http/request.py", line 150, in get_host
    raise DisallowedHost(msg)
django.core.exceptions.DisallowedHost: Invalid HTTP_HOST header: '51.84.138.91:8085'. You may need to add '51.84.138.91' to ALLOWED_HOSTS.
ERROR 2026-03-25 20:25:58,496 django.security.DisallowedHost Invalid HTTP_HOST header: '51.84.138.91:8085'. You may need to add '51.84.138.91' to ALLOWED_HOSTS.
Traceback (most recent call last):
  File "/home/shebahub/ShebaHub_Backend/venv/lib/python3.12/site-packages/django/core/handlers/exception.py", line 55, in inner
    response = get_response(request)
               ^^^^^^^^^^^^^^^^^^^^^
  File "/home/shebahub/ShebaHub_Backend/venv/lib/python3.12/site-packages/django/utils/deprecation.py", line 133, in __call__
    response = self.process_request(request)
               ^^^^^^^^^^^^^^^^^^^^^^^^^^^^^
  File "/home/shebahub/ShebaHub_Backend/venv/lib/python3.12/site-packages/django/middleware/common.py", line 48, in process_request
    host = request.get_host()
           ^^^^^^^^^^^^^^^^^^
  File "/home/shebahub/ShebaHub_Backend/venv/lib/python3.12/site-packages/django/http/request.py", line 150, in get_host
    raise DisallowedHost(msg)
django.core.exceptions.DisallowedHost: Invalid HTTP_HOST header: '51.84.138.91:8085'. You may need to add '51.84.138.91' to ALLOWED_HOSTS.
ERROR 2026-03-25 20:26:36,837 django.security.DisallowedHost Invalid HTTP_HOST header: '51.84.138.91:8085'. You may need to add '51.84.138.91' to ALLOWED_HOSTS.
Traceback (most recent call last):
  File "/home/shebahub/ShebaHub_Backend/venv/lib/python3.12/site-packages/django/core/handlers/exception.py", line 55, in inner
    response = get_response(request)
               ^^^^^^^^^^^^^^^^^^^^^
  File "/home/shebahub/ShebaHub_Backend/venv/lib/python3.12/site-packages/django/utils/deprecation.py", line 133, in __call__
    response = self.process_request(request)
               ^^^^^^^^^^^^^^^^^^^^^^^^^^^^^
  File "/home/shebahub/ShebaHub_Backend/venv/lib/python3.12/site-packages/django/middleware/common.py", line 48, in process_request
    host = request.get_host()
           ^^^^^^^^^^^^^^^^^^
  File "/home/shebahub/ShebaHub_Backend/venv/lib/python3.12/site-packages/django/http/request.py", line 150, in get_host
    raise DisallowedHost(msg)
django.core.exceptions.DisallowedHost: Invalid HTTP_HOST header: '51.84.138.91:8085'. You may need to add '51.84.138.91' to ALLOWED_HOSTS.
ERROR 2026-03-25 20:55:07,665 django.security.DisallowedHost Invalid HTTP_HOST header: '51.84.138.91:8085'. You may need to add '51.84.138.91' to ALLOWED_HOSTS.
Traceback (most recent call last):
  File "/home/shebahub/ShebaHub_Backend/venv/lib/python3.12/site-packages/django/core/handlers/exception.py", line 55, in inner
    response = get_response(request)
               ^^^^^^^^^^^^^^^^^^^^^
  File "/home/shebahub/ShebaHub_Backend/venv/lib/python3.12/site-packages/django/utils/deprecation.py", line 133, in __call__
    response = self.process_request(request)
               ^^^^^^^^^^^^^^^^^^^^^^^^^^^^^
  File "/home/shebahub/ShebaHub_Backend/venv/lib/python3.12/site-packages/django/middleware/common.py", line 48, in process_request
    host = request.get_host()
           ^^^^^^^^^^^^^^^^^^
  File "/home/shebahub/ShebaHub_Backend/venv/lib/python3.12/site-packages/django/http/request.py", line 150, in get_host
    raise DisallowedHost(msg)
django.core.exceptions.DisallowedHost: Invalid HTTP_HOST header: '51.84.138.91:8085'. You may need to add '51.84.138.91' to ALLOWED_HOSTS.
INFO 2026-03-25 21:24:52,985 audit User logged in successfully: roy.vivantee@gmail.com
ERROR 2026-03-25 23:55:53,726 django.security.DisallowedHost Invalid HTTP_HOST header: '51.84.138.91:8085'. You may need to add '51.84.138.91' to ALLOWED_HOSTS.
Traceback (most recent call last):
  File "/home/shebahub/ShebaHub_Backend/venv/lib/python3.12/site-packages/django/core/handlers/exception.py", line 55, in inner
    response = get_response(request)
               ^^^^^^^^^^^^^^^^^^^^^
  File "/home/shebahub/ShebaHub_Backend/venv/lib/python3.12/site-packages/django/utils/deprecation.py", line 133, in __call__
    response = self.process_request(request)
               ^^^^^^^^^^^^^^^^^^^^^^^^^^^^^
  File "/home/shebahub/ShebaHub_Backend/venv/lib/python3.12/site-packages/django/middleware/common.py", line 48, in process_request
    host = request.get_host()
           ^^^^^^^^^^^^^^^^^^
  File "/home/shebahub/ShebaHub_Backend/venv/lib/python3.12/site-packages/django/http/request.py", line 150, in get_host
    raise DisallowedHost(msg)
django.core.exceptions.DisallowedHost: Invalid HTTP_HOST header: '51.84.138.91:8085'. You may need to add '51.84.138.91' to ALLOWED_HOSTS.
ERROR 2026-03-25 23:56:21,320 django.security.DisallowedHost Invalid HTTP_HOST header: '51.84.138.91:8085'. You may need to add '51.84.138.91' to ALLOWED_HOSTS.
Traceback (most recent call last):
  File "/home/shebahub/ShebaHub_Backend/venv/lib/python3.12/site-packages/django/core/handlers/exception.py", line 55, in inner
    response = get_response(request)
               ^^^^^^^^^^^^^^^^^^^^^
  File "/home/shebahub/ShebaHub_Backend/venv/lib/python3.12/site-packages/django/utils/deprecation.py", line 133, in __call__
    response = self.process_request(request)
               ^^^^^^^^^^^^^^^^^^^^^^^^^^^^^
  File "/home/shebahub/ShebaHub_Backend/venv/lib/python3.12/site-packages/django/middleware/common.py", line 48, in process_request
    host = request.get_host()
           ^^^^^^^^^^^^^^^^^^
  File "/home/shebahub/ShebaHub_Backend/venv/lib/python3.12/site-packages/django/http/request.py", line 150, in get_host
    raise DisallowedHost(msg)
django.core.exceptions.DisallowedHost: Invalid HTTP_HOST header: '51.84.138.91:8085'. You may need to add '51.84.138.91' to ALLOWED_HOSTS.
ERROR 2026-03-26 12:29:42,854 django.security.DisallowedHost Invalid HTTP_HOST header: '51.84.138.91:8085'. You may need to add '51.84.138.91' to ALLOWED_HOSTS.
Traceback (most recent call last):
  File "/home/shebahub/ShebaHub_Backend/venv/lib/python3.12/site-packages/django/core/handlers/exception.py", line 55, in inner
    response = get_response(request)
               ^^^^^^^^^^^^^^^^^^^^^
  File "/home/shebahub/ShebaHub_Backend/venv/lib/python3.12/site-packages/django/utils/deprecation.py", line 133, in __call__
    response = self.process_request(request)
               ^^^^^^^^^^^^^^^^^^^^^^^^^^^^^
  File "/home/shebahub/ShebaHub_Backend/venv/lib/python3.12/site-packages/django/middleware/common.py", line 48, in process_request
    host = request.get_host()
           ^^^^^^^^^^^^^^^^^^
  File "/home/shebahub/ShebaHub_Backend/venv/lib/python3.12/site-packages/django/http/request.py", line 150, in get_host
    raise DisallowedHost(msg)
django.core.exceptions.DisallowedHost: Invalid HTTP_HOST header: '51.84.138.91:8085'. You may need to add '51.84.138.91' to ALLOWED_HOSTS.
ERROR 2026-03-26 12:29:43,617 django.security.DisallowedHost Invalid HTTP_HOST header: '51.84.138.91:8085'. You may need to add '51.84.138.91' to ALLOWED_HOSTS.
Traceback (most recent call last):
  File "/home/shebahub/ShebaHub_Backend/venv/lib/python3.12/site-packages/django/core/handlers/exception.py", line 55, in inner
    response = get_response(request)
               ^^^^^^^^^^^^^^^^^^^^^
  File "/home/shebahub/ShebaHub_Backend/venv/lib/python3.12/site-packages/django/utils/deprecation.py", line 133, in __call__
    response = self.process_request(request)
               ^^^^^^^^^^^^^^^^^^^^^^^^^^^^^
  File "/home/shebahub/ShebaHub_Backend/venv/lib/python3.12/site-packages/django/middleware/common.py", line 48, in process_request
    host = request.get_host()
           ^^^^^^^^^^^^^^^^^^
  File "/home/shebahub/ShebaHub_Backend/venv/lib/python3.12/site-packages/django/http/request.py", line 150, in get_host
    raise DisallowedHost(msg)
django.core.exceptions.DisallowedHost: Invalid HTTP_HOST header: '51.84.138.91:8085'. You may need to add '51.84.138.91' to ALLOWED_HOSTS.
ERROR 2026-03-26 12:29:44,324 django.security.DisallowedHost Invalid HTTP_HOST header: '51.84.138.91:8085'. You may need to add '51.84.138.91' to ALLOWED_HOSTS.
Traceback (most recent call last):
  File "/home/shebahub/ShebaHub_Backend/venv/lib/python3.12/site-packages/django/core/handlers/exception.py", line 55, in inner
    response = get_response(request)
               ^^^^^^^^^^^^^^^^^^^^^
  File "/home/shebahub/ShebaHub_Backend/venv/lib/python3.12/site-packages/django/utils/deprecation.py", line 133, in __call__
    response = self.process_request(request)
               ^^^^^^^^^^^^^^^^^^^^^^^^^^^^^
  File "/home/shebahub/ShebaHub_Backend/venv/lib/python3.12/site-packages/django/middleware/common.py", line 48, in process_request
    host = request.get_host()
           ^^^^^^^^^^^^^^^^^^
  File "/home/shebahub/ShebaHub_Backend/venv/lib/python3.12/site-packages/django/http/request.py", line 150, in get_host
    raise DisallowedHost(msg)
django.core.exceptions.DisallowedHost: Invalid HTTP_HOST header: '51.84.138.91:8085'. You may need to add '51.84.138.91' to ALLOWED_HOSTS.
ERROR 2026-03-26 12:29:45,040 django.security.DisallowedHost Invalid HTTP_HOST header: '51.84.138.91:8085'. You may need to add '51.84.138.91' to ALLOWED_HOSTS.
Traceback (most recent call last):
  File "/home/shebahub/ShebaHub_Backend/venv/lib/python3.12/site-packages/django/core/handlers/exception.py", line 55, in inner
    response = get_response(request)
               ^^^^^^^^^^^^^^^^^^^^^
  File "/home/shebahub/ShebaHub_Backend/venv/lib/python3.12/site-packages/django/utils/deprecation.py", line 133, in __call__
    response = self.process_request(request)
               ^^^^^^^^^^^^^^^^^^^^^^^^^^^^^
  File "/home/shebahub/ShebaHub_Backend/venv/lib/python3.12/site-packages/django/middleware/common.py", line 48, in process_request
    host = request.get_host()
           ^^^^^^^^^^^^^^^^^^
  File "/home/shebahub/ShebaHub_Backend/venv/lib/python3.12/site-packages/django/http/request.py", line 150, in get_host
    raise DisallowedHost(msg)
django.core.exceptions.DisallowedHost: Invalid HTTP_HOST header: '51.84.138.91:8085'. You may need to add '51.84.138.91' to ALLOWED_HOSTS.
ERROR 2026-03-26 18:21:31,818 django.security.DisallowedHost Invalid HTTP_HOST header: '51.84.138.91:8085'. You may need to add '51.84.138.91' to ALLOWED_HOSTS.
Traceback (most recent call last):
  File "/home/shebahub/ShebaHub_Backend/venv/lib/python3.12/site-packages/django/core/handlers/exception.py", line 55, in inner
    response = get_response(request)
               ^^^^^^^^^^^^^^^^^^^^^
  File "/home/shebahub/ShebaHub_Backend/venv/lib/python3.12/site-packages/django/utils/deprecation.py", line 133, in __call__
    response = self.process_request(request)
               ^^^^^^^^^^^^^^^^^^^^^^^^^^^^^
  File "/home/shebahub/ShebaHub_Backend/venv/lib/python3.12/site-packages/django/middleware/common.py", line 48, in process_request
    host = request.get_host()
           ^^^^^^^^^^^^^^^^^^
  File "/home/shebahub/ShebaHub_Backend/venv/lib/python3.12/site-packages/django/http/request.py", line 150, in get_host
    raise DisallowedHost(msg)
django.core.exceptions.DisallowedHost: Invalid HTTP_HOST header: '51.84.138.91:8085'. You may need to add '51.84.138.91' to ALLOWED_HOSTS.
ERROR 2026-03-27 01:01:41,261 django.security.DisallowedHost Invalid HTTP_HOST header: '51.84.138.91:8085'. You may need to add '51.84.138.91' to ALLOWED_HOSTS.
Traceback (most recent call last):
  File "/home/shebahub/ShebaHub_Backend/venv/lib/python3.12/site-packages/django/core/handlers/exception.py", line 55, in inner
    response = get_response(request)
               ^^^^^^^^^^^^^^^^^^^^^
  File "/home/shebahub/ShebaHub_Backend/venv/lib/python3.12/site-packages/django/utils/deprecation.py", line 133, in __call__
    response = self.process_request(request)
               ^^^^^^^^^^^^^^^^^^^^^^^^^^^^^
  File "/home/shebahub/ShebaHub_Backend/venv/lib/python3.12/site-packages/django/middleware/common.py", line 48, in process_request
    host = request.get_host()
           ^^^^^^^^^^^^^^^^^^
  File "/home/shebahub/ShebaHub_Backend/venv/lib/python3.12/site-packages/django/http/request.py", line 150, in get_host
    raise DisallowedHost(msg)
django.core.exceptions.DisallowedHost: Invalid HTTP_HOST header: '51.84.138.91:8085'. You may need to add '51.84.138.91' to ALLOWED_HOSTS.
ERROR 2026-03-27 01:02:20,332 django.security.DisallowedHost Invalid HTTP_HOST header: '51.84.138.91:8085'. You may need to add '51.84.138.91' to ALLOWED_HOSTS.
Traceback (most recent call last):
  File "/home/shebahub/ShebaHub_Backend/venv/lib/python3.12/site-packages/django/core/handlers/exception.py", line 55, in inner
    response = get_response(request)
               ^^^^^^^^^^^^^^^^^^^^^
  File "/home/shebahub/ShebaHub_Backend/venv/lib/python3.12/site-packages/django/utils/deprecation.py", line 133, in __call__
    response = self.process_request(request)
               ^^^^^^^^^^^^^^^^^^^^^^^^^^^^^
  File "/home/shebahub/ShebaHub_Backend/venv/lib/python3.12/site-packages/django/middleware/common.py", line 48, in process_request
    host = request.get_host()
           ^^^^^^^^^^^^^^^^^^
  File "/home/shebahub/ShebaHub_Backend/venv/lib/python3.12/site-packages/django/http/request.py", line 150, in get_host
    raise DisallowedHost(msg)
django.core.exceptions.DisallowedHost: Invalid HTTP_HOST header: '51.84.138.91:8085'. You may need to add '51.84.138.91' to ALLOWED_HOSTS.
WARNING 2026-03-27 12:17:48,049 audit Failed login attempt for: lorenkr20@gmail.com
WARNING 2026-03-27 12:18:11,423 audit Signup validation failed: {'email': [ErrorDetail(string='User with this email already exists.', code='unique')]}
INFO 2026-03-27 12:18:24,584 audit User registered successfully: lorenkr16@gmail.com
ERROR 2026-03-27 19:34:03,417 django.security.DisallowedHost Invalid HTTP_HOST header: '51.84.138.91:8085'. You may need to add '51.84.138.91' to ALLOWED_HOSTS.
Traceback (most recent call last):
  File "/home/shebahub/ShebaHub_Backend/venv/lib/python3.12/site-packages/django/core/handlers/exception.py", line 55, in inner
    response = get_response(request)
               ^^^^^^^^^^^^^^^^^^^^^
  File "/home/shebahub/ShebaHub_Backend/venv/lib/python3.12/site-packages/django/utils/deprecation.py", line 133, in __call__
    response = self.process_request(request)
               ^^^^^^^^^^^^^^^^^^^^^^^^^^^^^
  File "/home/shebahub/ShebaHub_Backend/venv/lib/python3.12/site-packages/django/middleware/common.py", line 48, in process_request
    host = request.get_host()
           ^^^^^^^^^^^^^^^^^^
  File "/home/shebahub/ShebaHub_Backend/venv/lib/python3.12/site-packages/django/http/request.py", line 150, in get_host
    raise DisallowedHost(msg)
django.core.exceptions.DisallowedHost: Invalid HTTP_HOST header: '51.84.138.91:8085'. You may need to add '51.84.138.91' to ALLOWED_HOSTS.
ERROR 2026-03-27 20:11:15,463 django.security.DisallowedHost Invalid HTTP_HOST header: '51.84.138.91:8085'. You may need to add '51.84.138.91' to ALLOWED_HOSTS.
Traceback (most recent call last):
  File "/home/shebahub/ShebaHub_Backend/venv/lib/python3.12/site-packages/django/core/handlers/exception.py", line 55, in inner
    response = get_response(request)
               ^^^^^^^^^^^^^^^^^^^^^
  File "/home/shebahub/ShebaHub_Backend/venv/lib/python3.12/site-packages/django/utils/deprecation.py", line 133, in __call__
    response = self.process_request(request)
               ^^^^^^^^^^^^^^^^^^^^^^^^^^^^^
  File "/home/shebahub/ShebaHub_Backend/venv/lib/python3.12/site-packages/django/middleware/common.py", line 48, in process_request
    host = request.get_host()
           ^^^^^^^^^^^^^^^^^^
  File "/home/shebahub/ShebaHub_Backend/venv/lib/python3.12/site-packages/django/http/request.py", line 150, in get_host
    raise DisallowedHost(msg)
django.core.exceptions.DisallowedHost: Invalid HTTP_HOST header: '51.84.138.91:8085'. You may need to add '51.84.138.91' to ALLOWED_HOSTS.
ERROR 2026-03-28 06:05:43,367 django.security.DisallowedHost Invalid HTTP_HOST header: '51.84.138.91:8085'. You may need to add '51.84.138.91' to ALLOWED_HOSTS.
Traceback (most recent call last):
  File "/home/shebahub/ShebaHub_Backend/venv/lib/python3.12/site-packages/django/core/handlers/exception.py", line 55, in inner
    response = get_response(request)
               ^^^^^^^^^^^^^^^^^^^^^
  File "/home/shebahub/ShebaHub_Backend/venv/lib/python3.12/site-packages/django/utils/deprecation.py", line 133, in __call__
    response = self.process_request(request)
               ^^^^^^^^^^^^^^^^^^^^^^^^^^^^^
  File "/home/shebahub/ShebaHub_Backend/venv/lib/python3.12/site-packages/django/middleware/common.py", line 48, in process_request
    host = request.get_host()
           ^^^^^^^^^^^^^^^^^^
  File "/home/shebahub/ShebaHub_Backend/venv/lib/python3.12/site-packages/django/http/request.py", line 150, in get_host
    raise DisallowedHost(msg)
django.core.exceptions.DisallowedHost: Invalid HTTP_HOST header: '51.84.138.91:8085'. You may need to add '51.84.138.91' to ALLOWED_HOSTS.
ERROR 2026-03-28 06:06:06,055 django.security.DisallowedHost Invalid HTTP_HOST header: '51.84.138.91:8085'. You may need to add '51.84.138.91' to ALLOWED_HOSTS.
Traceback (most recent call last):
  File "/home/shebahub/ShebaHub_Backend/venv/lib/python3.12/site-packages/django/core/handlers/exception.py", line 55, in inner
    response = get_response(request)
               ^^^^^^^^^^^^^^^^^^^^^
  File "/home/shebahub/ShebaHub_Backend/venv/lib/python3.12/site-packages/django/utils/deprecation.py", line 133, in __call__
    response = self.process_request(request)
               ^^^^^^^^^^^^^^^^^^^^^^^^^^^^^
  File "/home/shebahub/ShebaHub_Backend/venv/lib/python3.12/site-packages/django/middleware/common.py", line 48, in process_request
    host = request.get_host()
           ^^^^^^^^^^^^^^^^^^
  File "/home/shebahub/ShebaHub_Backend/venv/lib/python3.12/site-packages/django/http/request.py", line 150, in get_host
    raise DisallowedHost(msg)
django.core.exceptions.DisallowedHost: Invalid HTTP_HOST header: '51.84.138.91:8085'. You may need to add '51.84.138.91' to ALLOWED_HOSTS.
ERROR 2026-03-28 18:47:57,299 django.security.DisallowedHost Invalid HTTP_HOST header: '51.84.138.91:8085'. You may need to add '51.84.138.91' to ALLOWED_HOSTS.
Traceback (most recent call last):
  File "/home/shebahub/ShebaHub_Backend/venv/lib/python3.12/site-packages/django/core/handlers/exception.py", line 55, in inner
    response = get_response(request)
               ^^^^^^^^^^^^^^^^^^^^^
  File "/home/shebahub/ShebaHub_Backend/venv/lib/python3.12/site-packages/django/utils/deprecation.py", line 133, in __call__
    response = self.process_request(request)
               ^^^^^^^^^^^^^^^^^^^^^^^^^^^^^
  File "/home/shebahub/ShebaHub_Backend/venv/lib/python3.12/site-packages/django/middleware/common.py", line 48, in process_request
    host = request.get_host()
           ^^^^^^^^^^^^^^^^^^
  File "/home/shebahub/ShebaHub_Backend/venv/lib/python3.12/site-packages/django/http/request.py", line 150, in get_host
    raise DisallowedHost(msg)
django.core.exceptions.DisallowedHost: Invalid HTTP_HOST header: '51.84.138.91:8085'. You may need to add '51.84.138.91' to ALLOWED_HOSTS.
ERROR 2026-03-28 23:51:18,859 django.security.DisallowedHost Invalid HTTP_HOST header: '51.84.138.91:8085'. You may need to add '51.84.138.91' to ALLOWED_HOSTS.
Traceback (most recent call last):
  File "/home/shebahub/ShebaHub_Backend/venv/lib/python3.12/site-packages/django/core/handlers/exception.py", line 55, in inner
    response = get_response(request)
               ^^^^^^^^^^^^^^^^^^^^^
  File "/home/shebahub/ShebaHub_Backend/venv/lib/python3.12/site-packages/django/utils/deprecation.py", line 133, in __call__
    response = self.process_request(request)
               ^^^^^^^^^^^^^^^^^^^^^^^^^^^^^
  File "/home/shebahub/ShebaHub_Backend/venv/lib/python3.12/site-packages/django/middleware/common.py", line 48, in process_request
    host = request.get_host()
           ^^^^^^^^^^^^^^^^^^
  File "/home/shebahub/ShebaHub_Backend/venv/lib/python3.12/site-packages/django/http/request.py", line 150, in get_host
    raise DisallowedHost(msg)
django.core.exceptions.DisallowedHost: Invalid HTTP_HOST header: '51.84.138.91:8085'. You may need to add '51.84.138.91' to ALLOWED_HOSTS.
ERROR 2026-03-28 23:54:23,248 django.security.DisallowedHost Invalid HTTP_HOST header: '51.84.138.91:8085'. You may need to add '51.84.138.91' to ALLOWED_HOSTS.
Traceback (most recent call last):
  File "/home/shebahub/ShebaHub_Backend/venv/lib/python3.12/site-packages/django/core/handlers/exception.py", line 55, in inner
    response = get_response(request)
               ^^^^^^^^^^^^^^^^^^^^^
  File "/home/shebahub/ShebaHub_Backend/venv/lib/python3.12/site-packages/django/utils/deprecation.py", line 133, in __call__
    response = self.process_request(request)
               ^^^^^^^^^^^^^^^^^^^^^^^^^^^^^
  File "/home/shebahub/ShebaHub_Backend/venv/lib/python3.12/site-packages/django/middleware/common.py", line 48, in process_request
    host = request.get_host()
           ^^^^^^^^^^^^^^^^^^
  File "/home/shebahub/ShebaHub_Backend/venv/lib/python3.12/site-packages/django/http/request.py", line 150, in get_host
    raise DisallowedHost(msg)
django.core.exceptions.DisallowedHost: Invalid HTTP_HOST header: '51.84.138.91:8085'. You may need to add '51.84.138.91' to ALLOWED_HOSTS.
WARNING 2026-03-29 05:53:30,626 audit Signup validation failed: {'password': [ErrorDetail(string='This password is too common.', code='invalid')]}
INFO 2026-03-29 05:53:37,719 audit User registered successfully: anat.berkovich@sheba.gov.il
ERROR 2026-03-29 11:05:11,209 django.security.DisallowedHost Invalid HTTP_HOST header: '51.84.138.91:8085'. You may need to add '51.84.138.91' to ALLOWED_HOSTS.
Traceback (most recent call last):
  File "/home/shebahub/ShebaHub_Backend/venv/lib/python3.12/site-packages/django/core/handlers/exception.py", line 55, in inner
    response = get_response(request)
               ^^^^^^^^^^^^^^^^^^^^^
  File "/home/shebahub/ShebaHub_Backend/venv/lib/python3.12/site-packages/django/utils/deprecation.py", line 133, in __call__
    response = self.process_request(request)
               ^^^^^^^^^^^^^^^^^^^^^^^^^^^^^
  File "/home/shebahub/ShebaHub_Backend/venv/lib/python3.12/site-packages/django/middleware/common.py", line 48, in process_request
    host = request.get_host()
           ^^^^^^^^^^^^^^^^^^
  File "/home/shebahub/ShebaHub_Backend/venv/lib/python3.12/site-packages/django/http/request.py", line 150, in get_host
    raise DisallowedHost(msg)
django.core.exceptions.DisallowedHost: Invalid HTTP_HOST header: '51.84.138.91:8085'. You may need to add '51.84.138.91' to ALLOWED_HOSTS.
ERROR 2026-03-29 11:05:37,227 django.security.DisallowedHost Invalid HTTP_HOST header: '51.84.138.91:8085'. You may need to add '51.84.138.91' to ALLOWED_HOSTS.
Traceback (most recent call last):
  File "/home/shebahub/ShebaHub_Backend/venv/lib/python3.12/site-packages/django/core/handlers/exception.py", line 55, in inner
    response = get_response(request)
               ^^^^^^^^^^^^^^^^^^^^^
  File "/home/shebahub/ShebaHub_Backend/venv/lib/python3.12/site-packages/django/utils/deprecation.py", line 133, in __call__
    response = self.process_request(request)
               ^^^^^^^^^^^^^^^^^^^^^^^^^^^^^
  File "/home/shebahub/ShebaHub_Backend/venv/lib/python3.12/site-packages/django/middleware/common.py", line 48, in process_request
    host = request.get_host()
           ^^^^^^^^^^^^^^^^^^
  File "/home/shebahub/ShebaHub_Backend/venv/lib/python3.12/site-packages/django/http/request.py", line 150, in get_host
    raise DisallowedHost(msg)
django.core.exceptions.DisallowedHost: Invalid HTTP_HOST header: '51.84.138.91:8085'. You may need to add '51.84.138.91' to ALLOWED_HOSTS.
ERROR 2026-03-29 12:58:00,303 django.security.DisallowedHost Invalid HTTP_HOST header: '51.84.138.91:8085'. You may need to add '51.84.138.91' to ALLOWED_HOSTS.
Traceback (most recent call last):
  File "/home/shebahub/ShebaHub_Backend/venv/lib/python3.12/site-packages/django/core/handlers/exception.py", line 55, in inner
    response = get_response(request)
               ^^^^^^^^^^^^^^^^^^^^^
  File "/home/shebahub/ShebaHub_Backend/venv/lib/python3.12/site-packages/django/utils/deprecation.py", line 133, in __call__
    response = self.process_request(request)
               ^^^^^^^^^^^^^^^^^^^^^^^^^^^^^
  File "/home/shebahub/ShebaHub_Backend/venv/lib/python3.12/site-packages/django/middleware/common.py", line 48, in process_request
    host = request.get_host()
           ^^^^^^^^^^^^^^^^^^
  File "/home/shebahub/ShebaHub_Backend/venv/lib/python3.12/site-packages/django/http/request.py", line 150, in get_host
    raise DisallowedHost(msg)
django.core.exceptions.DisallowedHost: Invalid HTTP_HOST header: '51.84.138.91:8085'. You may need to add '51.84.138.91' to ALLOWED_HOSTS.
ERROR 2026-03-29 12:58:00,520 django.security.DisallowedHost Invalid HTTP_HOST header: '51.84.138.91:8085'. You may need to add '51.84.138.91' to ALLOWED_HOSTS.
Traceback (most recent call last):
  File "/home/shebahub/ShebaHub_Backend/venv/lib/python3.12/site-packages/django/core/handlers/exception.py", line 55, in inner
    response = get_response(request)
               ^^^^^^^^^^^^^^^^^^^^^
  File "/home/shebahub/ShebaHub_Backend/venv/lib/python3.12/site-packages/django/utils/deprecation.py", line 133, in __call__
    response = self.process_request(request)
               ^^^^^^^^^^^^^^^^^^^^^^^^^^^^^
  File "/home/shebahub/ShebaHub_Backend/venv/lib/python3.12/site-packages/django/middleware/common.py", line 48, in process_request
    host = request.get_host()
           ^^^^^^^^^^^^^^^^^^
  File "/home/shebahub/ShebaHub_Backend/venv/lib/python3.12/site-packages/django/http/request.py", line 150, in get_host
    raise DisallowedHost(msg)
django.core.exceptions.DisallowedHost: Invalid HTTP_HOST header: '51.84.138.91:8085'. You may need to add '51.84.138.91' to ALLOWED_HOSTS.
ERROR 2026-03-29 12:58:00,731 django.security.DisallowedHost Invalid HTTP_HOST header: '51.84.138.91:8085'. You may need to add '51.84.138.91' to ALLOWED_HOSTS.
Traceback (most recent call last):
  File "/home/shebahub/ShebaHub_Backend/venv/lib/python3.12/site-packages/django/core/handlers/exception.py", line 55, in inner
    response = get_response(request)
               ^^^^^^^^^^^^^^^^^^^^^
  File "/home/shebahub/ShebaHub_Backend/venv/lib/python3.12/site-packages/django/utils/deprecation.py", line 133, in __call__
    response = self.process_request(request)
               ^^^^^^^^^^^^^^^^^^^^^^^^^^^^^
  File "/home/shebahub/ShebaHub_Backend/venv/lib/python3.12/site-packages/django/middleware/common.py", line 48, in process_request
    host = request.get_host()
           ^^^^^^^^^^^^^^^^^^
  File "/home/shebahub/ShebaHub_Backend/venv/lib/python3.12/site-packages/django/http/request.py", line 150, in get_host
    raise DisallowedHost(msg)
django.core.exceptions.DisallowedHost: Invalid HTTP_HOST header: '51.84.138.91:8085'. You may need to add '51.84.138.91' to ALLOWED_HOSTS.
ERROR 2026-03-29 12:58:00,950 django.security.DisallowedHost Invalid HTTP_HOST header: '51.84.138.91:8085'. You may need to add '51.84.138.91' to ALLOWED_HOSTS.
Traceback (most recent call last):
  File "/home/shebahub/ShebaHub_Backend/venv/lib/python3.12/site-packages/django/core/handlers/exception.py", line 55, in inner
    response = get_response(request)
               ^^^^^^^^^^^^^^^^^^^^^
  File "/home/shebahub/ShebaHub_Backend/venv/lib/python3.12/site-packages/django/utils/deprecation.py", line 133, in __call__
    response = self.process_request(request)
               ^^^^^^^^^^^^^^^^^^^^^^^^^^^^^
  File "/home/shebahub/ShebaHub_Backend/venv/lib/python3.12/site-packages/django/middleware/common.py", line 48, in process_request
    host = request.get_host()
           ^^^^^^^^^^^^^^^^^^
  File "/home/shebahub/ShebaHub_Backend/venv/lib/python3.12/site-packages/django/http/request.py", line 150, in get_host
    raise DisallowedHost(msg)
django.core.exceptions.DisallowedHost: Invalid HTTP_HOST header: '51.84.138.91:8085'. You may need to add '51.84.138.91' to ALLOWED_HOSTS.
INFO 2026-03-29 15:00:08,384 audit User logged in successfully: roy.vivantee@gmail.com
ERROR 2026-03-29 18:18:23,018 django.security.DisallowedHost Invalid HTTP_HOST header: '51.84.138.91:8085'. You may need to add '51.84.138.91' to ALLOWED_HOSTS.
Traceback (most recent call last):
  File "/home/shebahub/ShebaHub_Backend/venv/lib/python3.12/site-packages/django/core/handlers/exception.py", line 55, in inner
    response = get_response(request)
               ^^^^^^^^^^^^^^^^^^^^^
  File "/home/shebahub/ShebaHub_Backend/venv/lib/python3.12/site-packages/django/utils/deprecation.py", line 133, in __call__
    response = self.process_request(request)
               ^^^^^^^^^^^^^^^^^^^^^^^^^^^^^
  File "/home/shebahub/ShebaHub_Backend/venv/lib/python3.12/site-packages/django/middleware/common.py", line 48, in process_request
    host = request.get_host()
           ^^^^^^^^^^^^^^^^^^
  File "/home/shebahub/ShebaHub_Backend/venv/lib/python3.12/site-packages/django/http/request.py", line 150, in get_host
    raise DisallowedHost(msg)
django.core.exceptions.DisallowedHost: Invalid HTTP_HOST header: '51.84.138.91:8085'. You may need to add '51.84.138.91' to ALLOWED_HOSTS.
ERROR 2026-03-30 00:52:17,301 django.security.DisallowedHost Invalid HTTP_HOST header: '51.84.138.91:8085'. You may need to add '51.84.138.91' to ALLOWED_HOSTS.
Traceback (most recent call last):
  File "/home/shebahub/ShebaHub_Backend/venv/lib/python3.12/site-packages/django/core/handlers/exception.py", line 55, in inner
    response = get_response(request)
               ^^^^^^^^^^^^^^^^^^^^^
  File "/home/shebahub/ShebaHub_Backend/venv/lib/python3.12/site-packages/django/utils/deprecation.py", line 133, in __call__
    response = self.process_request(request)
               ^^^^^^^^^^^^^^^^^^^^^^^^^^^^^
  File "/home/shebahub/ShebaHub_Backend/venv/lib/python3.12/site-packages/django/middleware/common.py", line 48, in process_request
    host = request.get_host()
           ^^^^^^^^^^^^^^^^^^
  File "/home/shebahub/ShebaHub_Backend/venv/lib/python3.12/site-packages/django/http/request.py", line 150, in get_host
    raise DisallowedHost(msg)
django.core.exceptions.DisallowedHost: Invalid HTTP_HOST header: '51.84.138.91:8085'. You may need to add '51.84.138.91' to ALLOWED_HOSTS.
ERROR 2026-03-30 00:52:17,603 django.security.DisallowedHost Invalid HTTP_HOST header: '51.84.138.91:8085'. You may need to add '51.84.138.91' to ALLOWED_HOSTS.
Traceback (most recent call last):
  File "/home/shebahub/ShebaHub_Backend/venv/lib/python3.12/site-packages/django/core/handlers/exception.py", line 55, in inner
    response = get_response(request)
               ^^^^^^^^^^^^^^^^^^^^^
  File "/home/shebahub/ShebaHub_Backend/venv/lib/python3.12/site-packages/django/utils/deprecation.py", line 133, in __call__
    response = self.process_request(request)
               ^^^^^^^^^^^^^^^^^^^^^^^^^^^^^
  File "/home/shebahub/ShebaHub_Backend/venv/lib/python3.12/site-packages/django/middleware/common.py", line 48, in process_request
    host = request.get_host()
           ^^^^^^^^^^^^^^^^^^
  File "/home/shebahub/ShebaHub_Backend/venv/lib/python3.12/site-packages/django/http/request.py", line 150, in get_host
    raise DisallowedHost(msg)
django.core.exceptions.DisallowedHost: Invalid HTTP_HOST header: '51.84.138.91:8085'. You may need to add '51.84.138.91' to ALLOWED_HOSTS.
ERROR 2026-03-30 00:52:17,823 django.security.DisallowedHost Invalid HTTP_HOST header: '51.84.138.91:8085'. You may need to add '51.84.138.91' to ALLOWED_HOSTS.
Traceback (most recent call last):
  File "/home/shebahub/ShebaHub_Backend/venv/lib/python3.12/site-packages/django/core/handlers/exception.py", line 55, in inner
    response = get_response(request)
               ^^^^^^^^^^^^^^^^^^^^^
  File "/home/shebahub/ShebaHub_Backend/venv/lib/python3.12/site-packages/django/utils/deprecation.py", line 133, in __call__
    response = self.process_request(request)
               ^^^^^^^^^^^^^^^^^^^^^^^^^^^^^
  File "/home/shebahub/ShebaHub_Backend/venv/lib/python3.12/site-packages/django/middleware/common.py", line 48, in process_request
    host = request.get_host()
           ^^^^^^^^^^^^^^^^^^
  File "/home/shebahub/ShebaHub_Backend/venv/lib/python3.12/site-packages/django/http/request.py", line 150, in get_host
    raise DisallowedHost(msg)
django.core.exceptions.DisallowedHost: Invalid HTTP_HOST header: '51.84.138.91:8085'. You may need to add '51.84.138.91' to ALLOWED_HOSTS.
ERROR 2026-03-30 00:52:18,012 django.security.DisallowedHost Invalid HTTP_HOST header: '51.84.138.91:8085'. You may need to add '51.84.138.91' to ALLOWED_HOSTS.
Traceback (most recent call last):
  File "/home/shebahub/ShebaHub_Backend/venv/lib/python3.12/site-packages/django/core/handlers/exception.py", line 55, in inner
    response = get_response(request)
               ^^^^^^^^^^^^^^^^^^^^^
  File "/home/shebahub/ShebaHub_Backend/venv/lib/python3.12/site-packages/django/utils/deprecation.py", line 133, in __call__
    response = self.process_request(request)
               ^^^^^^^^^^^^^^^^^^^^^^^^^^^^^
  File "/home/shebahub/ShebaHub_Backend/venv/lib/python3.12/site-packages/django/middleware/common.py", line 48, in process_request
    host = request.get_host()
           ^^^^^^^^^^^^^^^^^^
  File "/home/shebahub/ShebaHub_Backend/venv/lib/python3.12/site-packages/django/http/request.py", line 150, in get_host
    raise DisallowedHost(msg)
django.core.exceptions.DisallowedHost: Invalid HTTP_HOST header: '51.84.138.91:8085'. You may need to add '51.84.138.91' to ALLOWED_HOSTS.
INFO 2026-03-30 11:46:35,475 audit User logged in successfully: roy.vivantee@gmail.com
WARNING 2026-03-30 12:33:45,905 audit Failed login attempt for: inbal.shafran@gmail.com
ERROR 2026-03-30 18:18:00,044 django.security.DisallowedHost Invalid HTTP_HOST header: '51.84.138.91:8085'. You may need to add '51.84.138.91' to ALLOWED_HOSTS.
Traceback (most recent call last):
  File "/home/shebahub/ShebaHub_Backend/venv/lib/python3.12/site-packages/django/core/handlers/exception.py", line 55, in inner
    response = get_response(request)
               ^^^^^^^^^^^^^^^^^^^^^
  File "/home/shebahub/ShebaHub_Backend/venv/lib/python3.12/site-packages/django/utils/deprecation.py", line 133, in __call__
    response = self.process_request(request)
               ^^^^^^^^^^^^^^^^^^^^^^^^^^^^^
  File "/home/shebahub/ShebaHub_Backend/venv/lib/python3.12/site-packages/django/middleware/common.py", line 48, in process_request
    host = request.get_host()
           ^^^^^^^^^^^^^^^^^^
  File "/home/shebahub/ShebaHub_Backend/venv/lib/python3.12/site-packages/django/http/request.py", line 150, in get_host
    raise DisallowedHost(msg)
django.core.exceptions.DisallowedHost: Invalid HTTP_HOST header: '51.84.138.91:8085'. You may need to add '51.84.138.91' to ALLOWED_HOSTS.
ERROR 2026-03-30 20:21:57,564 django.security.DisallowedHost Invalid HTTP_HOST header: '51.84.138.91:8085'. You may need to add '51.84.138.91' to ALLOWED_HOSTS.
Traceback (most recent call last):
  File "/home/shebahub/ShebaHub_Backend/venv/lib/python3.12/site-packages/django/core/handlers/exception.py", line 55, in inner
    response = get_response(request)
               ^^^^^^^^^^^^^^^^^^^^^
  File "/home/shebahub/ShebaHub_Backend/venv/lib/python3.12/site-packages/django/utils/deprecation.py", line 133, in __call__
    response = self.process_request(request)
               ^^^^^^^^^^^^^^^^^^^^^^^^^^^^^
  File "/home/shebahub/ShebaHub_Backend/venv/lib/python3.12/site-packages/django/middleware/common.py", line 48, in process_request
    host = request.get_host()
           ^^^^^^^^^^^^^^^^^^
  File "/home/shebahub/ShebaHub_Backend/venv/lib/python3.12/site-packages/django/http/request.py", line 150, in get_host
    raise DisallowedHost(msg)
django.core.exceptions.DisallowedHost: Invalid HTTP_HOST header: '51.84.138.91:8085'. You may need to add '51.84.138.91' to ALLOWED_HOSTS.
ERROR 2026-03-30 20:22:18,301 django.security.DisallowedHost Invalid HTTP_HOST header: '51.84.138.91:8085'. You may need to add '51.84.138.91' to ALLOWED_HOSTS.
Traceback (most recent call last):
  File "/home/shebahub/ShebaHub_Backend/venv/lib/python3.12/site-packages/django/core/handlers/exception.py", line 55, in inner
    response = get_response(request)
               ^^^^^^^^^^^^^^^^^^^^^
  File "/home/shebahub/ShebaHub_Backend/venv/lib/python3.12/site-packages/django/utils/deprecation.py", line 133, in __call__
    response = self.process_request(request)
               ^^^^^^^^^^^^^^^^^^^^^^^^^^^^^
  File "/home/shebahub/ShebaHub_Backend/venv/lib/python3.12/site-packages/django/middleware/common.py", line 48, in process_request
    host = request.get_host()
           ^^^^^^^^^^^^^^^^^^
  File "/home/shebahub/ShebaHub_Backend/venv/lib/python3.12/site-packages/django/http/request.py", line 150, in get_host
    raise DisallowedHost(msg)
django.core.exceptions.DisallowedHost: Invalid HTTP_HOST header: '51.84.138.91:8085'. You may need to add '51.84.138.91' to ALLOWED_HOSTS.
INFO 2026-03-31 11:53:47,832 audit User logged in successfully: roy.vivantee@gmail.com
INFO 2026-03-31 11:58:20,336 audit Document downloaded: Roy_Vivante_CV_final.pdf
WARNING 2026-03-31 12:46:30,466 audit Account locked after 5 failed attempts: ggg@gmail.com
WARNING 2026-03-31 12:46:30,466 audit Failed login attempt for: ggg@gmail.com
WARNING 2026-03-31 12:46:33,319 audit Failed login attempt for: ggg2@gmail.com
WARNING 2026-03-31 12:46:42,083 audit Failed login attempt for: ggg3@gmail.com
INFO 2026-03-31 13:01:25,491 audit User logged in successfully: roy.vivantee@gmail.com
INFO 2026-03-31 13:24:29,583 audit User registered successfully: yoavgimmon@gmail.com
INFO 2026-03-31 13:35:04,726 audit Mentor profile created: yoavgimmon@gmail.com
WARNING 2026-03-31 13:49:00,505 audit Failed login attempt for: pazit.beckerman@sheba.health.gov.il
INFO 2026-03-31 13:50:48,564 audit User registered successfully: pazit.beckerman@sheba.health.gov.il
INFO 2026-03-31 14:00:06,797 audit User registered successfully: soadhajyahia@hotmail.com
INFO 2026-03-31 14:05:35,664 audit Mentor profile created: soadhajyahia@hotmail.com
INFO 2026-03-31 14:19:48,230 audit Email verified: pazit.beckerman@sheba.health.gov.il
INFO 2026-03-31 14:19:54,785 audit User logged in successfully: roy.vivantee@gmail.com
INFO 2026-03-31 14:21:32,131 audit Email verified: soadhajyahia@hotmail.com
INFO 2026-03-31 15:16:12,394 audit User registered successfully: liat.waldmanradinsky@sheba.health.gov.il
INFO 2026-03-31 15:19:02,850 audit Mentor profile created: liat.waldmanradinsky@sheba.health.gov.il
INFO 2026-03-31 15:20:47,408 audit Email verified: liat.waldmanradinsky@sheba.health.gov.il
INFO 2026-03-31 15:21:32,641 audit User logged in successfully: pazit.beckerman@sheba.health.gov.il
INFO 2026-03-31 15:24:39,539 audit Email verified: liat.waldmanradinsky@sheba.health.gov.il
INFO 2026-03-31 15:29:17,207 audit Mentor profile created: pazit.beckerman@sheba.health.gov.il
INFO 2026-03-31 15:31:23,297 audit Mentor profile updated: pazit.beckerman@sheba.health.gov.il
INFO 2026-03-31 15:31:23,382 audit Mentor avatar uploaded: pazit.beckerman@sheba.health.gov.il
INFO 2026-03-31 15:35:20,574 audit Email verified: liat.waldmanradinsky@sheba.health.gov.il
INFO 2026-03-31 15:37:14,872 audit User registered successfully: drnabilamer@gmail.com
INFO 2026-03-31 15:41:48,916 audit Mentor profile created: drnabilamer@gmail.com
WARNING 2026-03-31 15:47:48,031 audit Failed login attempt for: margarita.kunin@sheba.health.gov.il
INFO 2026-03-31 15:49:50,984 audit User registered successfully: margarita.kunin@sheba.health.gov.il
INFO 2026-03-31 15:54:12,569 audit Email verified: margarita.kunin@sheba.health.gov.il
INFO 2026-03-31 16:01:31,093 audit Email verified: margarita.kunin@sheba.health.gov.il
INFO 2026-03-31 16:37:41,286 audit User registered successfully: adva207@gmail.com
INFO 2026-03-31 16:42:11,459 audit Mentor profile created: adva207@gmail.com
INFO 2026-03-31 16:56:58,458 audit Mentor profile updated: adva207@gmail.com
INFO 2026-03-31 16:56:58,869 audit Mentor avatar uploaded: adva207@gmail.com
INFO 2026-03-31 16:57:15,322 audit Email verified: adva207@gmail.com
WARNING 2026-03-31 17:32:51,799 audit Failed login attempt for: drnabilamer@gmail.com
INFO 2026-03-31 17:33:06,583 audit User logged in successfully: drnabilamer@gmail.com
ERROR 2026-03-31 17:55:14,228 django.security.DisallowedHost Invalid HTTP_HOST header: '51.84.138.91:8085'. You may need to add '51.84.138.91' to ALLOWED_HOSTS.
Traceback (most recent call last):
  File "/home/shebahub/ShebaHub_Backend/venv/lib/python3.12/site-packages/django/core/handlers/exception.py", line 55, in inner
    response = get_response(request)
               ^^^^^^^^^^^^^^^^^^^^^
  File "/home/shebahub/ShebaHub_Backend/venv/lib/python3.12/site-packages/django/utils/deprecation.py", line 133, in __call__
    response = self.process_request(request)
               ^^^^^^^^^^^^^^^^^^^^^^^^^^^^^
  File "/home/shebahub/ShebaHub_Backend/venv/lib/python3.12/site-packages/django/middleware/common.py", line 48, in process_request
    host = request.get_host()
           ^^^^^^^^^^^^^^^^^^
  File "/home/shebahub/ShebaHub_Backend/venv/lib/python3.12/site-packages/django/http/request.py", line 150, in get_host
    raise DisallowedHost(msg)
django.core.exceptions.DisallowedHost: Invalid HTTP_HOST header: '51.84.138.91:8085'. You may need to add '51.84.138.91' to ALLOWED_HOSTS.
ERROR 2026-03-31 18:41:00,222 django.security.DisallowedHost Invalid HTTP_HOST header: '51.84.138.91:8085'. You may need to add '51.84.138.91' to ALLOWED_HOSTS.
Traceback (most recent call last):
  File "/home/shebahub/ShebaHub_Backend/venv/lib/python3.12/site-packages/django/core/handlers/exception.py", line 55, in inner
    response = get_response(request)
               ^^^^^^^^^^^^^^^^^^^^^
  File "/home/shebahub/ShebaHub_Backend/venv/lib/python3.12/site-packages/django/utils/deprecation.py", line 133, in __call__
    response = self.process_request(request)
               ^^^^^^^^^^^^^^^^^^^^^^^^^^^^^
  File "/home/shebahub/ShebaHub_Backend/venv/lib/python3.12/site-packages/django/middleware/common.py", line 48, in process_request
    host = request.get_host()
           ^^^^^^^^^^^^^^^^^^
  File "/home/shebahub/ShebaHub_Backend/venv/lib/python3.12/site-packages/django/http/request.py", line 150, in get_host
    raise DisallowedHost(msg)
django.core.exceptions.DisallowedHost: Invalid HTTP_HOST header: '51.84.138.91:8085'. You may need to add '51.84.138.91' to ALLOWED_HOSTS.
ERROR 2026-03-31 19:54:59,976 django.security.DisallowedHost Invalid HTTP_HOST header: '51.84.138.91:8085'. You may need to add '51.84.138.91' to ALLOWED_HOSTS.
Traceback (most recent call last):
  File "/home/shebahub/ShebaHub_Backend/venv/lib/python3.12/site-packages/django/core/handlers/exception.py", line 55, in inner
    response = get_response(request)
               ^^^^^^^^^^^^^^^^^^^^^
  File "/home/shebahub/ShebaHub_Backend/venv/lib/python3.12/site-packages/django/utils/deprecation.py", line 133, in __call__
    response = self.process_request(request)
               ^^^^^^^^^^^^^^^^^^^^^^^^^^^^^
  File "/home/shebahub/ShebaHub_Backend/venv/lib/python3.12/site-packages/django/middleware/common.py", line 48, in process_request
    host = request.get_host()
           ^^^^^^^^^^^^^^^^^^
  File "/home/shebahub/ShebaHub_Backend/venv/lib/python3.12/site-packages/django/http/request.py", line 150, in get_host
    raise DisallowedHost(msg)
django.core.exceptions.DisallowedHost: Invalid HTTP_HOST header: '51.84.138.91:8085'. You may need to add '51.84.138.91' to ALLOWED_HOSTS.
INFO 2026-03-31 20:00:35,746 audit Email verified: drnabilamer@gmail.com
INFO 2026-03-31 20:00:38,826 audit Email verified: drnabilamer@gmail.com
INFO 2026-03-31 20:00:40,398 audit Email verified: drnabilamer@gmail.com
INFO 2026-03-31 20:00:40,585 audit User logged in successfully: drnabilamer@gmail.com
INFO 2026-03-31 20:05:16,876 audit Mentor profile updated: drnabilamer@gmail.com
INFO 2026-03-31 20:09:48,973 audit Mentor profile updated: drnabilamer@gmail.com
INFO 2026-03-31 20:14:04,367 audit Mentor profile updated: drnabilamer@gmail.com
INFO 2026-03-31 20:15:08,886 audit Mentor profile updated: drnabilamer@gmail.com
INFO 2026-03-31 20:23:09,432 audit Mentor profile updated: drnabilamer@gmail.com
INFO 2026-03-31 20:27:13,315 audit Mentor profile updated: drnabilamer@gmail.com
INFO 2026-03-31 20:28:23,265 audit Email verified: drnabilamer@gmail.com
ERROR 2026-03-31 20:32:22,091 django.security.DisallowedHost Invalid HTTP_HOST header: '51.84.138.91:8085'. You may need to add '51.84.138.91' to ALLOWED_HOSTS.
Traceback (most recent call last):
  File "/home/shebahub/ShebaHub_Backend/venv/lib/python3.12/site-packages/django/core/handlers/exception.py", line 55, in inner
    response = get_response(request)
               ^^^^^^^^^^^^^^^^^^^^^
  File "/home/shebahub/ShebaHub_Backend/venv/lib/python3.12/site-packages/django/utils/deprecation.py", line 133, in __call__
    response = self.process_request(request)
               ^^^^^^^^^^^^^^^^^^^^^^^^^^^^^
  File "/home/shebahub/ShebaHub_Backend/venv/lib/python3.12/site-packages/django/middleware/common.py", line 48, in process_request
    host = request.get_host()
           ^^^^^^^^^^^^^^^^^^
  File "/home/shebahub/ShebaHub_Backend/venv/lib/python3.12/site-packages/django/http/request.py", line 150, in get_host
    raise DisallowedHost(msg)
django.core.exceptions.DisallowedHost: Invalid HTTP_HOST header: '51.84.138.91:8085'. You may need to add '51.84.138.91' to ALLOWED_HOSTS.
ERROR 2026-04-01 00:52:02,304 django.security.DisallowedHost Invalid HTTP_HOST header: '51.84.138.91:8085'. You may need to add '51.84.138.91' to ALLOWED_HOSTS.
Traceback (most recent call last):
  File "/home/shebahub/ShebaHub_Backend/venv/lib/python3.12/site-packages/django/core/handlers/exception.py", line 55, in inner
    response = get_response(request)
               ^^^^^^^^^^^^^^^^^^^^^
  File "/home/shebahub/ShebaHub_Backend/venv/lib/python3.12/site-packages/django/utils/deprecation.py", line 133, in __call__
    response = self.process_request(request)
               ^^^^^^^^^^^^^^^^^^^^^^^^^^^^^
  File "/home/shebahub/ShebaHub_Backend/venv/lib/python3.12/site-packages/django/middleware/common.py", line 48, in process_request
    host = request.get_host()
           ^^^^^^^^^^^^^^^^^^
  File "/home/shebahub/ShebaHub_Backend/venv/lib/python3.12/site-packages/django/http/request.py", line 150, in get_host
    raise DisallowedHost(msg)
django.core.exceptions.DisallowedHost: Invalid HTTP_HOST header: '51.84.138.91:8085'. You may need to add '51.84.138.91' to ALLOWED_HOSTS.
ERROR 2026-04-01 00:52:03,216 django.security.DisallowedHost Invalid HTTP_HOST header: '51.84.138.91:8085'. You may need to add '51.84.138.91' to ALLOWED_HOSTS.
Traceback (most recent call last):
  File "/home/shebahub/ShebaHub_Backend/venv/lib/python3.12/site-packages/django/core/handlers/exception.py", line 55, in inner
    response = get_response(request)
               ^^^^^^^^^^^^^^^^^^^^^
  File "/home/shebahub/ShebaHub_Backend/venv/lib/python3.12/site-packages/django/utils/deprecation.py", line 133, in __call__
    response = self.process_request(request)
               ^^^^^^^^^^^^^^^^^^^^^^^^^^^^^
  File "/home/shebahub/ShebaHub_Backend/venv/lib/python3.12/site-packages/django/middleware/common.py", line 48, in process_request
    host = request.get_host()
           ^^^^^^^^^^^^^^^^^^
  File "/home/shebahub/ShebaHub_Backend/venv/lib/python3.12/site-packages/django/http/request.py", line 150, in get_host
    raise DisallowedHost(msg)
django.core.exceptions.DisallowedHost: Invalid HTTP_HOST header: '51.84.138.91:8085'. You may need to add '51.84.138.91' to ALLOWED_HOSTS.
ERROR 2026-04-01 00:52:03,931 django.security.DisallowedHost Invalid HTTP_HOST header: '51.84.138.91:8085'. You may need to add '51.84.138.91' to ALLOWED_HOSTS.
Traceback (most recent call last):
  File "/home/shebahub/ShebaHub_Backend/venv/lib/python3.12/site-packages/django/core/handlers/exception.py", line 55, in inner
    response = get_response(request)
               ^^^^^^^^^^^^^^^^^^^^^
  File "/home/shebahub/ShebaHub_Backend/venv/lib/python3.12/site-packages/django/utils/deprecation.py", line 133, in __call__
    response = self.process_request(request)
               ^^^^^^^^^^^^^^^^^^^^^^^^^^^^^
  File "/home/shebahub/ShebaHub_Backend/venv/lib/python3.12/site-packages/django/middleware/common.py", line 48, in process_request
    host = request.get_host()
           ^^^^^^^^^^^^^^^^^^
  File "/home/shebahub/ShebaHub_Backend/venv/lib/python3.12/site-packages/django/http/request.py", line 150, in get_host
    raise DisallowedHost(msg)
django.core.exceptions.DisallowedHost: Invalid HTTP_HOST header: '51.84.138.91:8085'. You may need to add '51.84.138.91' to ALLOWED_HOSTS.
ERROR 2026-04-01 00:52:04,631 django.security.DisallowedHost Invalid HTTP_HOST header: '51.84.138.91:8085'. You may need to add '51.84.138.91' to ALLOWED_HOSTS.
Traceback (most recent call last):
  File "/home/shebahub/ShebaHub_Backend/venv/lib/python3.12/site-packages/django/core/handlers/exception.py", line 55, in inner
    response = get_response(request)
               ^^^^^^^^^^^^^^^^^^^^^
  File "/home/shebahub/ShebaHub_Backend/venv/lib/python3.12/site-packages/django/utils/deprecation.py", line 133, in __call__
    response = self.process_request(request)
               ^^^^^^^^^^^^^^^^^^^^^^^^^^^^^
  File "/home/shebahub/ShebaHub_Backend/venv/lib/python3.12/site-packages/django/middleware/common.py", line 48, in process_request
    host = request.get_host()
           ^^^^^^^^^^^^^^^^^^
  File "/home/shebahub/ShebaHub_Backend/venv/lib/python3.12/site-packages/django/http/request.py", line 150, in get_host
    raise DisallowedHost(msg)
django.core.exceptions.DisallowedHost: Invalid HTTP_HOST header: '51.84.138.91:8085'. You may need to add '51.84.138.91' to ALLOWED_HOSTS.
INFO 2026-04-01 07:16:13,736 audit Email verified: yoavgimmon@gmail.com
INFO 2026-04-01 08:38:39,859 audit User logged in successfully: admin@sheba.com
INFO 2026-04-01 08:48:30,371 audit User registered successfully: gad.segal@sheba.health.gov.il
INFO 2026-04-01 08:51:07,990 audit Email verified: gad.segal@sheba.health.gov.il
INFO 2026-04-01 08:51:52,374 audit Mentor profile created: gad.segal@sheba.health.gov.il
INFO 2026-04-01 08:59:56,704 audit Email verified: gad.segal@sheba.health.gov.il
INFO 2026-04-01 10:33:13,764 audit User logged in successfully: roy.vivantee@gmail.com
INFO 2026-04-01 10:35:52,946 audit User logged in successfully: admin@sheba.com
INFO 2026-04-01 11:39:00,507 audit User logged in successfully: roy.vivantee@gmail.com
ERROR 2026-04-01 13:06:03,951 django.security.DisallowedHost Invalid HTTP_HOST header: '51.84.138.91:8085'. You may need to add '51.84.138.91' to ALLOWED_HOSTS.
Traceback (most recent call last):
  File "/home/shebahub/ShebaHub_Backend/venv/lib/python3.12/site-packages/django/core/handlers/exception.py", line 55, in inner
    response = get_response(request)
               ^^^^^^^^^^^^^^^^^^^^^
  File "/home/shebahub/ShebaHub_Backend/venv/lib/python3.12/site-packages/django/utils/deprecation.py", line 133, in __call__
    response = self.process_request(request)
               ^^^^^^^^^^^^^^^^^^^^^^^^^^^^^
  File "/home/shebahub/ShebaHub_Backend/venv/lib/python3.12/site-packages/django/middleware/common.py", line 48, in process_request
    host = request.get_host()
           ^^^^^^^^^^^^^^^^^^
  File "/home/shebahub/ShebaHub_Backend/venv/lib/python3.12/site-packages/django/http/request.py", line 150, in get_host
    raise DisallowedHost(msg)
django.core.exceptions.DisallowedHost: Invalid HTTP_HOST header: '51.84.138.91:8085'. You may need to add '51.84.138.91' to ALLOWED_HOSTS.
WARNING 2026-04-01 14:30:03,996 audit Failed login attempt for: hadasl@hit.ac.il
ERROR 2026-04-01 21:10:39,319 django.security.DisallowedHost Invalid HTTP_HOST header: '51.84.138.91:8085'. You may need to add '51.84.138.91' to ALLOWED_HOSTS.
Traceback (most recent call last):
  File "/home/shebahub/ShebaHub_Backend/venv/lib/python3.12/site-packages/django/core/handlers/exception.py", line 55, in inner
    response = get_response(request)
               ^^^^^^^^^^^^^^^^^^^^^
  File "/home/shebahub/ShebaHub_Backend/venv/lib/python3.12/site-packages/django/utils/deprecation.py", line 133, in __call__
    response = self.process_request(request)
               ^^^^^^^^^^^^^^^^^^^^^^^^^^^^^
  File "/home/shebahub/ShebaHub_Backend/venv/lib/python3.12/site-packages/django/middleware/common.py", line 48, in process_request
    host = request.get_host()
           ^^^^^^^^^^^^^^^^^^
  File "/home/shebahub/ShebaHub_Backend/venv/lib/python3.12/site-packages/django/http/request.py", line 150, in get_host
    raise DisallowedHost(msg)
django.core.exceptions.DisallowedHost: Invalid HTTP_HOST header: '51.84.138.91:8085'. You may need to add '51.84.138.91' to ALLOWED_HOSTS.
ERROR 2026-04-02 12:58:34,882 django.security.DisallowedHost Invalid HTTP_HOST header: '51.84.138.91:8085'. You may need to add '51.84.138.91' to ALLOWED_HOSTS.
Traceback (most recent call last):
  File "/home/shebahub/ShebaHub_Backend/venv/lib/python3.12/site-packages/django/core/handlers/exception.py", line 55, in inner
    response = get_response(request)
               ^^^^^^^^^^^^^^^^^^^^^
  File "/home/shebahub/ShebaHub_Backend/venv/lib/python3.12/site-packages/django/utils/deprecation.py", line 133, in __call__
    response = self.process_request(request)
               ^^^^^^^^^^^^^^^^^^^^^^^^^^^^^
  File "/home/shebahub/ShebaHub_Backend/venv/lib/python3.12/site-packages/django/middleware/common.py", line 48, in process_request
    host = request.get_host()
           ^^^^^^^^^^^^^^^^^^
  File "/home/shebahub/ShebaHub_Backend/venv/lib/python3.12/site-packages/django/http/request.py", line 150, in get_host
    raise DisallowedHost(msg)
django.core.exceptions.DisallowedHost: Invalid HTTP_HOST header: '51.84.138.91:8085'. You may need to add '51.84.138.91' to ALLOWED_HOSTS.
ERROR 2026-04-02 12:58:35,633 django.security.DisallowedHost Invalid HTTP_HOST header: '51.84.138.91:8085'. You may need to add '51.84.138.91' to ALLOWED_HOSTS.
Traceback (most recent call last):
  File "/home/shebahub/ShebaHub_Backend/venv/lib/python3.12/site-packages/django/core/handlers/exception.py", line 55, in inner
    response = get_response(request)
               ^^^^^^^^^^^^^^^^^^^^^
  File "/home/shebahub/ShebaHub_Backend/venv/lib/python3.12/site-packages/django/utils/deprecation.py", line 133, in __call__
    response = self.process_request(request)
               ^^^^^^^^^^^^^^^^^^^^^^^^^^^^^
  File "/home/shebahub/ShebaHub_Backend/venv/lib/python3.12/site-packages/django/middleware/common.py", line 48, in process_request
    host = request.get_host()
           ^^^^^^^^^^^^^^^^^^
  File "/home/shebahub/ShebaHub_Backend/venv/lib/python3.12/site-packages/django/http/request.py", line 150, in get_host
    raise DisallowedHost(msg)
django.core.exceptions.DisallowedHost: Invalid HTTP_HOST header: '51.84.138.91:8085'. You may need to add '51.84.138.91' to ALLOWED_HOSTS.
ERROR 2026-04-02 12:58:36,375 django.security.DisallowedHost Invalid HTTP_HOST header: '51.84.138.91:8085'. You may need to add '51.84.138.91' to ALLOWED_HOSTS.
Traceback (most recent call last):
  File "/home/shebahub/ShebaHub_Backend/venv/lib/python3.12/site-packages/django/core/handlers/exception.py", line 55, in inner
    response = get_response(request)
               ^^^^^^^^^^^^^^^^^^^^^
  File "/home/shebahub/ShebaHub_Backend/venv/lib/python3.12/site-packages/django/utils/deprecation.py", line 133, in __call__
    response = self.process_request(request)
               ^^^^^^^^^^^^^^^^^^^^^^^^^^^^^
  File "/home/shebahub/ShebaHub_Backend/venv/lib/python3.12/site-packages/django/middleware/common.py", line 48, in process_request
    host = request.get_host()
           ^^^^^^^^^^^^^^^^^^
  File "/home/shebahub/ShebaHub_Backend/venv/lib/python3.12/site-packages/django/http/request.py", line 150, in get_host
    raise DisallowedHost(msg)
django.core.exceptions.DisallowedHost: Invalid HTTP_HOST header: '51.84.138.91:8085'. You may need to add '51.84.138.91' to ALLOWED_HOSTS.
ERROR 2026-04-02 12:58:37,128 django.security.DisallowedHost Invalid HTTP_HOST header: '51.84.138.91:8085'. You may need to add '51.84.138.91' to ALLOWED_HOSTS.
Traceback (most recent call last):
  File "/home/shebahub/ShebaHub_Backend/venv/lib/python3.12/site-packages/django/core/handlers/exception.py", line 55, in inner
    response = get_response(request)
               ^^^^^^^^^^^^^^^^^^^^^
  File "/home/shebahub/ShebaHub_Backend/venv/lib/python3.12/site-packages/django/utils/deprecation.py", line 133, in __call__
    response = self.process_request(request)
               ^^^^^^^^^^^^^^^^^^^^^^^^^^^^^
  File "/home/shebahub/ShebaHub_Backend/venv/lib/python3.12/site-packages/django/middleware/common.py", line 48, in process_request
    host = request.get_host()
           ^^^^^^^^^^^^^^^^^^
  File "/home/shebahub/ShebaHub_Backend/venv/lib/python3.12/site-packages/django/http/request.py", line 150, in get_host
    raise DisallowedHost(msg)
django.core.exceptions.DisallowedHost: Invalid HTTP_HOST header: '51.84.138.91:8085'. You may need to add '51.84.138.91' to ALLOWED_HOSTS.
WARNING 2026-04-02 15:38:24,291 audit Failed login attempt for: reut.shoham@sheba.gov.il
INFO 2026-04-02 15:38:53,362 audit User registered successfully: reut.shoham@sheba.gov.il
INFO 2026-04-02 15:41:41,787 audit Email verified: reut.shoham@sheba.gov.il
INFO 2026-04-02 15:42:05,971 audit Email verified: reut.shoham@sheba.gov.il
INFO 2026-04-02 15:42:51,472 audit Email verified: reut.shoham@sheba.gov.il
INFO 2026-04-02 15:49:06,987 audit Email verified: reut.shoham@sheba.gov.il
ERROR 2026-04-03 03:40:02,304 django.security.DisallowedHost Invalid HTTP_HOST header: '51.84.138.91:8085'. You may need to add '51.84.138.91' to ALLOWED_HOSTS.
Traceback (most recent call last):
  File "/home/shebahub/ShebaHub_Backend/venv/lib/python3.12/site-packages/django/core/handlers/exception.py", line 55, in inner
    response = get_response(request)
               ^^^^^^^^^^^^^^^^^^^^^
  File "/home/shebahub/ShebaHub_Backend/venv/lib/python3.12/site-packages/django/utils/deprecation.py", line 133, in __call__
    response = self.process_request(request)
               ^^^^^^^^^^^^^^^^^^^^^^^^^^^^^
  File "/home/shebahub/ShebaHub_Backend/venv/lib/python3.12/site-packages/django/middleware/common.py", line 48, in process_request
    host = request.get_host()
           ^^^^^^^^^^^^^^^^^^
  File "/home/shebahub/ShebaHub_Backend/venv/lib/python3.12/site-packages/django/http/request.py", line 150, in get_host
    raise DisallowedHost(msg)
django.core.exceptions.DisallowedHost: Invalid HTTP_HOST header: '51.84.138.91:8085'. You may need to add '51.84.138.91' to ALLOWED_HOSTS.
WARNING 2026-04-03 07:17:59,908 audit Failed env-admin login attempt
WARNING 2026-04-03 07:17:59,916 audit Failed login attempt for: admin@sheba.com
INFO 2026-04-03 07:18:32,740 audit User logged in successfully: admin@sheba.com
INFO 2026-04-03 07:21:50,774 audit User logged in successfully: maayangilboa@tau.ac.il
ERROR 2026-04-03 18:02:31,329 django.security.DisallowedHost Invalid HTTP_HOST header: '51.84.138.91:8085'. You may need to add '51.84.138.91' to ALLOWED_HOSTS.
Traceback (most recent call last):
  File "/home/shebahub/ShebaHub_Backend/venv/lib/python3.12/site-packages/django/core/handlers/exception.py", line 55, in inner
    response = get_response(request)
               ^^^^^^^^^^^^^^^^^^^^^
  File "/home/shebahub/ShebaHub_Backend/venv/lib/python3.12/site-packages/django/utils/deprecation.py", line 133, in __call__
    response = self.process_request(request)
               ^^^^^^^^^^^^^^^^^^^^^^^^^^^^^
  File "/home/shebahub/ShebaHub_Backend/venv/lib/python3.12/site-packages/django/middleware/common.py", line 48, in process_request
    host = request.get_host()
           ^^^^^^^^^^^^^^^^^^
  File "/home/shebahub/ShebaHub_Backend/venv/lib/python3.12/site-packages/django/http/request.py", line 150, in get_host
    raise DisallowedHost(msg)
django.core.exceptions.DisallowedHost: Invalid HTTP_HOST header: '51.84.138.91:8085'. You may need to add '51.84.138.91' to ALLOWED_HOSTS.
ERROR 2026-04-04 05:34:26,573 django.security.DisallowedHost Invalid HTTP_HOST header: '51.84.138.91:8085'. You may need to add '51.84.138.91' to ALLOWED_HOSTS.
Traceback (most recent call last):
  File "/home/shebahub/ShebaHub_Backend/venv/lib/python3.12/site-packages/django/core/handlers/exception.py", line 55, in inner
    response = get_response(request)
               ^^^^^^^^^^^^^^^^^^^^^
  File "/home/shebahub/ShebaHub_Backend/venv/lib/python3.12/site-packages/django/utils/deprecation.py", line 133, in __call__
    response = self.process_request(request)
               ^^^^^^^^^^^^^^^^^^^^^^^^^^^^^
  File "/home/shebahub/ShebaHub_Backend/venv/lib/python3.12/site-packages/django/middleware/common.py", line 48, in process_request
    host = request.get_host()
           ^^^^^^^^^^^^^^^^^^
  File "/home/shebahub/ShebaHub_Backend/venv/lib/python3.12/site-packages/django/http/request.py", line 150, in get_host
    raise DisallowedHost(msg)
django.core.exceptions.DisallowedHost: Invalid HTTP_HOST header: '51.84.138.91:8085'. You may need to add '51.84.138.91' to ALLOWED_HOSTS.
ERROR 2026-04-04 05:35:50,350 django.security.DisallowedHost Invalid HTTP_HOST header: '51.84.138.91:8085'. You may need to add '51.84.138.91' to ALLOWED_HOSTS.
Traceback (most recent call last):
  File "/home/shebahub/ShebaHub_Backend/venv/lib/python3.12/site-packages/django/core/handlers/exception.py", line 55, in inner
    response = get_response(request)
               ^^^^^^^^^^^^^^^^^^^^^
  File "/home/shebahub/ShebaHub_Backend/venv/lib/python3.12/site-packages/django/utils/deprecation.py", line 133, in __call__
    response = self.process_request(request)
               ^^^^^^^^^^^^^^^^^^^^^^^^^^^^^
  File "/home/shebahub/ShebaHub_Backend/venv/lib/python3.12/site-packages/django/middleware/common.py", line 48, in process_request
    host = request.get_host()
           ^^^^^^^^^^^^^^^^^^
  File "/home/shebahub/ShebaHub_Backend/venv/lib/python3.12/site-packages/django/http/request.py", line 150, in get_host
    raise DisallowedHost(msg)
django.core.exceptions.DisallowedHost: Invalid HTTP_HOST header: '51.84.138.91:8085'. You may need to add '51.84.138.91' to ALLOWED_HOSTS.
ERROR 2026-04-04 12:17:06,708 django.security.DisallowedHost Invalid HTTP_HOST header: '51.84.138.91:8085'. You may need to add '51.84.138.91' to ALLOWED_HOSTS.
Traceback (most recent call last):
  File "/home/shebahub/ShebaHub_Backend/venv/lib/python3.12/site-packages/django/core/handlers/exception.py", line 55, in inner
    response = get_response(request)
               ^^^^^^^^^^^^^^^^^^^^^
  File "/home/shebahub/ShebaHub_Backend/venv/lib/python3.12/site-packages/django/utils/deprecation.py", line 133, in __call__
    response = self.process_request(request)
               ^^^^^^^^^^^^^^^^^^^^^^^^^^^^^
  File "/home/shebahub/ShebaHub_Backend/venv/lib/python3.12/site-packages/django/middleware/common.py", line 48, in process_request
    host = request.get_host()
           ^^^^^^^^^^^^^^^^^^
  File "/home/shebahub/ShebaHub_Backend/venv/lib/python3.12/site-packages/django/http/request.py", line 150, in get_host
    raise DisallowedHost(msg)
django.core.exceptions.DisallowedHost: Invalid HTTP_HOST header: '51.84.138.91:8085'. You may need to add '51.84.138.91' to ALLOWED_HOSTS.
ERROR 2026-04-04 12:17:06,904 django.security.DisallowedHost Invalid HTTP_HOST header: '51.84.138.91:8085'. You may need to add '51.84.138.91' to ALLOWED_HOSTS.
Traceback (most recent call last):
  File "/home/shebahub/ShebaHub_Backend/venv/lib/python3.12/site-packages/django/core/handlers/exception.py", line 55, in inner
    response = get_response(request)
               ^^^^^^^^^^^^^^^^^^^^^
  File "/home/shebahub/ShebaHub_Backend/venv/lib/python3.12/site-packages/django/utils/deprecation.py", line 133, in __call__
    response = self.process_request(request)
               ^^^^^^^^^^^^^^^^^^^^^^^^^^^^^
  File "/home/shebahub/ShebaHub_Backend/venv/lib/python3.12/site-packages/django/middleware/common.py", line 48, in process_request
    host = request.get_host()
           ^^^^^^^^^^^^^^^^^^
  File "/home/shebahub/ShebaHub_Backend/venv/lib/python3.12/site-packages/django/http/request.py", line 150, in get_host
    raise DisallowedHost(msg)
django.core.exceptions.DisallowedHost: Invalid HTTP_HOST header: '51.84.138.91:8085'. You may need to add '51.84.138.91' to ALLOWED_HOSTS.
ERROR 2026-04-04 12:17:07,108 django.security.DisallowedHost Invalid HTTP_HOST header: '51.84.138.91:8085'. You may need to add '51.84.138.91' to ALLOWED_HOSTS.
Traceback (most recent call last):
  File "/home/shebahub/ShebaHub_Backend/venv/lib/python3.12/site-packages/django/core/handlers/exception.py", line 55, in inner
    response = get_response(request)
               ^^^^^^^^^^^^^^^^^^^^^
  File "/home/shebahub/ShebaHub_Backend/venv/lib/python3.12/site-packages/django/utils/deprecation.py", line 133, in __call__
    response = self.process_request(request)
               ^^^^^^^^^^^^^^^^^^^^^^^^^^^^^
  File "/home/shebahub/ShebaHub_Backend/venv/lib/python3.12/site-packages/django/middleware/common.py", line 48, in process_request
    host = request.get_host()
           ^^^^^^^^^^^^^^^^^^
  File "/home/shebahub/ShebaHub_Backend/venv/lib/python3.12/site-packages/django/http/request.py", line 150, in get_host
    raise DisallowedHost(msg)
django.core.exceptions.DisallowedHost: Invalid HTTP_HOST header: '51.84.138.91:8085'. You may need to add '51.84.138.91' to ALLOWED_HOSTS.
ERROR 2026-04-04 12:17:07,303 django.security.DisallowedHost Invalid HTTP_HOST header: '51.84.138.91:8085'. You may need to add '51.84.138.91' to ALLOWED_HOSTS.
Traceback (most recent call last):
  File "/home/shebahub/ShebaHub_Backend/venv/lib/python3.12/site-packages/django/core/handlers/exception.py", line 55, in inner
    response = get_response(request)
               ^^^^^^^^^^^^^^^^^^^^^
  File "/home/shebahub/ShebaHub_Backend/venv/lib/python3.12/site-packages/django/utils/deprecation.py", line 133, in __call__
    response = self.process_request(request)
               ^^^^^^^^^^^^^^^^^^^^^^^^^^^^^
  File "/home/shebahub/ShebaHub_Backend/venv/lib/python3.12/site-packages/django/middleware/common.py", line 48, in process_request
    host = request.get_host()
           ^^^^^^^^^^^^^^^^^^
  File "/home/shebahub/ShebaHub_Backend/venv/lib/python3.12/site-packages/django/http/request.py", line 150, in get_host
    raise DisallowedHost(msg)
django.core.exceptions.DisallowedHost: Invalid HTTP_HOST header: '51.84.138.91:8085'. You may need to add '51.84.138.91' to ALLOWED_HOSTS.
ERROR 2026-04-04 17:51:08,001 django.security.DisallowedHost Invalid HTTP_HOST header: '51.84.138.91:8085'. You may need to add '51.84.138.91' to ALLOWED_HOSTS.
Traceback (most recent call last):
  File "/home/shebahub/ShebaHub_Backend/venv/lib/python3.12/site-packages/django/core/handlers/exception.py", line 55, in inner
    response = get_response(request)
               ^^^^^^^^^^^^^^^^^^^^^
  File "/home/shebahub/ShebaHub_Backend/venv/lib/python3.12/site-packages/django/utils/deprecation.py", line 133, in __call__
    response = self.process_request(request)
               ^^^^^^^^^^^^^^^^^^^^^^^^^^^^^
  File "/home/shebahub/ShebaHub_Backend/venv/lib/python3.12/site-packages/django/middleware/common.py", line 48, in process_request
    host = request.get_host()
           ^^^^^^^^^^^^^^^^^^
  File "/home/shebahub/ShebaHub_Backend/venv/lib/python3.12/site-packages/django/http/request.py", line 150, in get_host
    raise DisallowedHost(msg)
django.core.exceptions.DisallowedHost: Invalid HTTP_HOST header: '51.84.138.91:8085'. You may need to add '51.84.138.91' to ALLOWED_HOSTS.
INFO 2026-04-04 18:21:21,878 audit User logged in successfully: roy.vivantee@gmail.com
ERROR 2026-04-04 22:37:46,651 django.security.DisallowedHost Invalid HTTP_HOST header: '51.84.138.91:8085'. You may need to add '51.84.138.91' to ALLOWED_HOSTS.
Traceback (most recent call last):
  File "/home/shebahub/ShebaHub_Backend/venv/lib/python3.12/site-packages/django/core/handlers/exception.py", line 55, in inner
    response = get_response(request)
               ^^^^^^^^^^^^^^^^^^^^^
  File "/home/shebahub/ShebaHub_Backend/venv/lib/python3.12/site-packages/django/utils/deprecation.py", line 133, in __call__
    response = self.process_request(request)
               ^^^^^^^^^^^^^^^^^^^^^^^^^^^^^
  File "/home/shebahub/ShebaHub_Backend/venv/lib/python3.12/site-packages/django/middleware/common.py", line 48, in process_request
    host = request.get_host()
           ^^^^^^^^^^^^^^^^^^
  File "/home/shebahub/ShebaHub_Backend/venv/lib/python3.12/site-packages/django/http/request.py", line 150, in get_host
    raise DisallowedHost(msg)
django.core.exceptions.DisallowedHost: Invalid HTTP_HOST header: '51.84.138.91:8085'. You may need to add '51.84.138.91' to ALLOWED_HOSTS.
ERROR 2026-04-05 00:17:50,183 django.security.DisallowedHost Invalid HTTP_HOST header: '51.84.138.91:8085'. You may need to add '51.84.138.91' to ALLOWED_HOSTS.
Traceback (most recent call last):
  File "/home/shebahub/ShebaHub_Backend/venv/lib/python3.12/site-packages/django/core/handlers/exception.py", line 55, in inner
    response = get_response(request)
               ^^^^^^^^^^^^^^^^^^^^^
  File "/home/shebahub/ShebaHub_Backend/venv/lib/python3.12/site-packages/django/utils/deprecation.py", line 133, in __call__
    response = self.process_request(request)
               ^^^^^^^^^^^^^^^^^^^^^^^^^^^^^
  File "/home/shebahub/ShebaHub_Backend/venv/lib/python3.12/site-packages/django/middleware/common.py", line 48, in process_request
    host = request.get_host()
           ^^^^^^^^^^^^^^^^^^
  File "/home/shebahub/ShebaHub_Backend/venv/lib/python3.12/site-packages/django/http/request.py", line 150, in get_host
    raise DisallowedHost(msg)
django.core.exceptions.DisallowedHost: Invalid HTTP_HOST header: '51.84.138.91:8085'. You may need to add '51.84.138.91' to ALLOWED_HOSTS.
ERROR 2026-04-05 00:17:50,690 django.security.DisallowedHost Invalid HTTP_HOST header: '51.84.138.91:8085'. You may need to add '51.84.138.91' to ALLOWED_HOSTS.
Traceback (most recent call last):
  File "/home/shebahub/ShebaHub_Backend/venv/lib/python3.12/site-packages/django/core/handlers/exception.py", line 55, in inner
    response = get_response(request)
               ^^^^^^^^^^^^^^^^^^^^^
  File "/home/shebahub/ShebaHub_Backend/venv/lib/python3.12/site-packages/django/utils/deprecation.py", line 133, in __call__
    response = self.process_request(request)
               ^^^^^^^^^^^^^^^^^^^^^^^^^^^^^
  File "/home/shebahub/ShebaHub_Backend/venv/lib/python3.12/site-packages/django/middleware/common.py", line 48, in process_request
    host = request.get_host()
           ^^^^^^^^^^^^^^^^^^
  File "/home/shebahub/ShebaHub_Backend/venv/lib/python3.12/site-packages/django/http/request.py", line 150, in get_host
    raise DisallowedHost(msg)
django.core.exceptions.DisallowedHost: Invalid HTTP_HOST header: '51.84.138.91:8085'. You may need to add '51.84.138.91' to ALLOWED_HOSTS.
ERROR 2026-04-05 00:17:51,091 django.security.DisallowedHost Invalid HTTP_HOST header: '51.84.138.91:8085'. You may need to add '51.84.138.91' to ALLOWED_HOSTS.
Traceback (most recent call last):
  File "/home/shebahub/ShebaHub_Backend/venv/lib/python3.12/site-packages/django/core/handlers/exception.py", line 55, in inner
    response = get_response(request)
               ^^^^^^^^^^^^^^^^^^^^^
  File "/home/shebahub/ShebaHub_Backend/venv/lib/python3.12/site-packages/django/utils/deprecation.py", line 133, in __call__
    response = self.process_request(request)
               ^^^^^^^^^^^^^^^^^^^^^^^^^^^^^
  File "/home/shebahub/ShebaHub_Backend/venv/lib/python3.12/site-packages/django/middleware/common.py", line 48, in process_request
    host = request.get_host()
           ^^^^^^^^^^^^^^^^^^
  File "/home/shebahub/ShebaHub_Backend/venv/lib/python3.12/site-packages/django/http/request.py", line 150, in get_host
    raise DisallowedHost(msg)
django.core.exceptions.DisallowedHost: Invalid HTTP_HOST header: '51.84.138.91:8085'. You may need to add '51.84.138.91' to ALLOWED_HOSTS.
ERROR 2026-04-05 00:17:51,496 django.security.DisallowedHost Invalid HTTP_HOST header: '51.84.138.91:8085'. You may need to add '51.84.138.91' to ALLOWED_HOSTS.
Traceback (most recent call last):
  File "/home/shebahub/ShebaHub_Backend/venv/lib/python3.12/site-packages/django/core/handlers/exception.py", line 55, in inner
    response = get_response(request)
               ^^^^^^^^^^^^^^^^^^^^^
  File "/home/shebahub/ShebaHub_Backend/venv/lib/python3.12/site-packages/django/utils/deprecation.py", line 133, in __call__
    response = self.process_request(request)
               ^^^^^^^^^^^^^^^^^^^^^^^^^^^^^
  File "/home/shebahub/ShebaHub_Backend/venv/lib/python3.12/site-packages/django/middleware/common.py", line 48, in process_request
    host = request.get_host()
           ^^^^^^^^^^^^^^^^^^
  File "/home/shebahub/ShebaHub_Backend/venv/lib/python3.12/site-packages/django/http/request.py", line 150, in get_host
    raise DisallowedHost(msg)
django.core.exceptions.DisallowedHost: Invalid HTTP_HOST header: '51.84.138.91:8085'. You may need to add '51.84.138.91' to ALLOWED_HOSTS.
ERROR 2026-04-05 05:04:03,889 django.security.DisallowedHost Invalid HTTP_HOST header: 'mazor.hitheal.org.il:8085'. You may need to add 'mazor.hitheal.org.il' to ALLOWED_HOSTS.
Traceback (most recent call last):
  File "/home/shebahub/ShebaHub_Backend/venv/lib/python3.12/site-packages/django/core/handlers/exception.py", line 55, in inner
    response = get_response(request)
               ^^^^^^^^^^^^^^^^^^^^^
  File "/home/shebahub/ShebaHub_Backend/venv/lib/python3.12/site-packages/django/utils/deprecation.py", line 133, in __call__
    response = self.process_request(request)
               ^^^^^^^^^^^^^^^^^^^^^^^^^^^^^
  File "/home/shebahub/ShebaHub_Backend/venv/lib/python3.12/site-packages/django/middleware/common.py", line 48, in process_request
    host = request.get_host()
           ^^^^^^^^^^^^^^^^^^
  File "/home/shebahub/ShebaHub_Backend/venv/lib/python3.12/site-packages/django/http/request.py", line 150, in get_host
    raise DisallowedHost(msg)
django.core.exceptions.DisallowedHost: Invalid HTTP_HOST header: 'mazor.hitheal.org.il:8085'. You may need to add 'mazor.hitheal.org.il' to ALLOWED_HOSTS.
INFO 2026-04-05 10:53:46,077 audit User logged in successfully: roy.vivantee@gmail.com
ERROR 2026-04-05 12:57:02,143 django.security.DisallowedHost Invalid HTTP_HOST header: '51.84.138.91:8085'. You may need to add '51.84.138.91' to ALLOWED_HOSTS.
Traceback (most recent call last):
  File "/home/shebahub/ShebaHub_Backend/venv/lib/python3.12/site-packages/django/core/handlers/exception.py", line 55, in inner
    response = get_response(request)
               ^^^^^^^^^^^^^^^^^^^^^
  File "/home/shebahub/ShebaHub_Backend/venv/lib/python3.12/site-packages/django/utils/deprecation.py", line 133, in __call__
    response = self.process_request(request)
               ^^^^^^^^^^^^^^^^^^^^^^^^^^^^^
  File "/home/shebahub/ShebaHub_Backend/venv/lib/python3.12/site-packages/django/middleware/common.py", line 48, in process_request
    host = request.get_host()
           ^^^^^^^^^^^^^^^^^^
  File "/home/shebahub/ShebaHub_Backend/venv/lib/python3.12/site-packages/django/http/request.py", line 150, in get_host
    raise DisallowedHost(msg)
django.core.exceptions.DisallowedHost: Invalid HTTP_HOST header: '51.84.138.91:8085'. You may need to add '51.84.138.91' to ALLOWED_HOSTS.
ERROR 2026-04-05 12:57:02,367 django.security.DisallowedHost Invalid HTTP_HOST header: '51.84.138.91:8085'. You may need to add '51.84.138.91' to ALLOWED_HOSTS.
Traceback (most recent call last):
  File "/home/shebahub/ShebaHub_Backend/venv/lib/python3.12/site-packages/django/core/handlers/exception.py", line 55, in inner
    response = get_response(request)
               ^^^^^^^^^^^^^^^^^^^^^
  File "/home/shebahub/ShebaHub_Backend/venv/lib/python3.12/site-packages/django/utils/deprecation.py", line 133, in __call__
    response = self.process_request(request)
               ^^^^^^^^^^^^^^^^^^^^^^^^^^^^^
  File "/home/shebahub/ShebaHub_Backend/venv/lib/python3.12/site-packages/django/middleware/common.py", line 48, in process_request
    host = request.get_host()
           ^^^^^^^^^^^^^^^^^^
  File "/home/shebahub/ShebaHub_Backend/venv/lib/python3.12/site-packages/django/http/request.py", line 150, in get_host
    raise DisallowedHost(msg)
django.core.exceptions.DisallowedHost: Invalid HTTP_HOST header: '51.84.138.91:8085'. You may need to add '51.84.138.91' to ALLOWED_HOSTS.
ERROR 2026-04-05 12:57:02,554 django.security.DisallowedHost Invalid HTTP_HOST header: '51.84.138.91:8085'. You may need to add '51.84.138.91' to ALLOWED_HOSTS.
Traceback (most recent call last):
  File "/home/shebahub/ShebaHub_Backend/venv/lib/python3.12/site-packages/django/core/handlers/exception.py", line 55, in inner
    response = get_response(request)
               ^^^^^^^^^^^^^^^^^^^^^
  File "/home/shebahub/ShebaHub_Backend/venv/lib/python3.12/site-packages/django/utils/deprecation.py", line 133, in __call__
    response = self.process_request(request)
               ^^^^^^^^^^^^^^^^^^^^^^^^^^^^^
  File "/home/shebahub/ShebaHub_Backend/venv/lib/python3.12/site-packages/django/middleware/common.py", line 48, in process_request
    host = request.get_host()
           ^^^^^^^^^^^^^^^^^^
  File "/home/shebahub/ShebaHub_Backend/venv/lib/python3.12/site-packages/django/http/request.py", line 150, in get_host
    raise DisallowedHost(msg)
django.core.exceptions.DisallowedHost: Invalid HTTP_HOST header: '51.84.138.91:8085'. You may need to add '51.84.138.91' to ALLOWED_HOSTS.
ERROR 2026-04-05 12:57:02,730 django.security.DisallowedHost Invalid HTTP_HOST header: '51.84.138.91:8085'. You may need to add '51.84.138.91' to ALLOWED_HOSTS.
Traceback (most recent call last):
  File "/home/shebahub/ShebaHub_Backend/venv/lib/python3.12/site-packages/django/core/handlers/exception.py", line 55, in inner
    response = get_response(request)
               ^^^^^^^^^^^^^^^^^^^^^
  File "/home/shebahub/ShebaHub_Backend/venv/lib/python3.12/site-packages/django/utils/deprecation.py", line 133, in __call__
    response = self.process_request(request)
               ^^^^^^^^^^^^^^^^^^^^^^^^^^^^^
  File "/home/shebahub/ShebaHub_Backend/venv/lib/python3.12/site-packages/django/middleware/common.py", line 48, in process_request
    host = request.get_host()
           ^^^^^^^^^^^^^^^^^^
  File "/home/shebahub/ShebaHub_Backend/venv/lib/python3.12/site-packages/django/http/request.py", line 150, in get_host
    raise DisallowedHost(msg)
django.core.exceptions.DisallowedHost: Invalid HTTP_HOST header: '51.84.138.91:8085'. You may need to add '51.84.138.91' to ALLOWED_HOSTS.
INFO 2026-04-05 14:58:30,328 audit User logged in successfully: gad.segal@sheba.health.gov.il
INFO 2026-04-05 15:01:31,442 audit User logged in successfully: maayangilboa@tau.ac.il
ERROR 2026-04-05 18:10:01,765 django.security.DisallowedHost Invalid HTTP_HOST header: '51.84.138.91:8085'. You may need to add '51.84.138.91' to ALLOWED_HOSTS.
Traceback (most recent call last):
  File "/home/shebahub/ShebaHub_Backend/venv/lib/python3.12/site-packages/django/core/handlers/exception.py", line 55, in inner
    response = get_response(request)
               ^^^^^^^^^^^^^^^^^^^^^
  File "/home/shebahub/ShebaHub_Backend/venv/lib/python3.12/site-packages/django/utils/deprecation.py", line 133, in __call__
    response = self.process_request(request)
               ^^^^^^^^^^^^^^^^^^^^^^^^^^^^^
  File "/home/shebahub/ShebaHub_Backend/venv/lib/python3.12/site-packages/django/middleware/common.py", line 48, in process_request
    host = request.get_host()
           ^^^^^^^^^^^^^^^^^^
  File "/home/shebahub/ShebaHub_Backend/venv/lib/python3.12/site-packages/django/http/request.py", line 150, in get_host
    raise DisallowedHost(msg)
django.core.exceptions.DisallowedHost: Invalid HTTP_HOST header: '51.84.138.91:8085'. You may need to add '51.84.138.91' to ALLOWED_HOSTS.
WARNING 2026-04-05 21:53:49,142 audit Account locked after 5 failed attempts: ggg@gmail.com
WARNING 2026-04-05 21:53:49,142 audit Failed login attempt for: ggg@gmail.com
WARNING 2026-04-05 21:53:51,406 audit Failed login attempt for: ggg2@gmail.com
WARNING 2026-04-05 21:53:53,961 audit Failed login attempt for: ggg3@gmail.com
ERROR 2026-04-06 00:52:32,954 django.security.DisallowedHost Invalid HTTP_HOST header: '51.84.138.91:8085'. You may need to add '51.84.138.91' to ALLOWED_HOSTS.
Traceback (most recent call last):
  File "/home/shebahub/ShebaHub_Backend/venv/lib/python3.12/site-packages/django/core/handlers/exception.py", line 55, in inner
    response = get_response(request)
               ^^^^^^^^^^^^^^^^^^^^^
  File "/home/shebahub/ShebaHub_Backend/venv/lib/python3.12/site-packages/django/utils/deprecation.py", line 133, in __call__
    response = self.process_request(request)
               ^^^^^^^^^^^^^^^^^^^^^^^^^^^^^
  File "/home/shebahub/ShebaHub_Backend/venv/lib/python3.12/site-packages/django/middleware/common.py", line 48, in process_request
    host = request.get_host()
           ^^^^^^^^^^^^^^^^^^
  File "/home/shebahub/ShebaHub_Backend/venv/lib/python3.12/site-packages/django/http/request.py", line 150, in get_host
    raise DisallowedHost(msg)
django.core.exceptions.DisallowedHost: Invalid HTTP_HOST header: '51.84.138.91:8085'. You may need to add '51.84.138.91' to ALLOWED_HOSTS.
ERROR 2026-04-06 00:52:33,389 django.security.DisallowedHost Invalid HTTP_HOST header: '51.84.138.91:8085'. You may need to add '51.84.138.91' to ALLOWED_HOSTS.
Traceback (most recent call last):
  File "/home/shebahub/ShebaHub_Backend/venv/lib/python3.12/site-packages/django/core/handlers/exception.py", line 55, in inner
    response = get_response(request)
               ^^^^^^^^^^^^^^^^^^^^^
  File "/home/shebahub/ShebaHub_Backend/venv/lib/python3.12/site-packages/django/utils/deprecation.py", line 133, in __call__
    response = self.process_request(request)
               ^^^^^^^^^^^^^^^^^^^^^^^^^^^^^
  File "/home/shebahub/ShebaHub_Backend/venv/lib/python3.12/site-packages/django/middleware/common.py", line 48, in process_request
    host = request.get_host()
           ^^^^^^^^^^^^^^^^^^
  File "/home/shebahub/ShebaHub_Backend/venv/lib/python3.12/site-packages/django/http/request.py", line 150, in get_host
    raise DisallowedHost(msg)
django.core.exceptions.DisallowedHost: Invalid HTTP_HOST header: '51.84.138.91:8085'. You may need to add '51.84.138.91' to ALLOWED_HOSTS.
ERROR 2026-04-06 00:52:33,791 django.security.DisallowedHost Invalid HTTP_HOST header: '51.84.138.91:8085'. You may need to add '51.84.138.91' to ALLOWED_HOSTS.
Traceback (most recent call last):
  File "/home/shebahub/ShebaHub_Backend/venv/lib/python3.12/site-packages/django/core/handlers/exception.py", line 55, in inner
    response = get_response(request)
               ^^^^^^^^^^^^^^^^^^^^^
  File "/home/shebahub/ShebaHub_Backend/venv/lib/python3.12/site-packages/django/utils/deprecation.py", line 133, in __call__
    response = self.process_request(request)
               ^^^^^^^^^^^^^^^^^^^^^^^^^^^^^
  File "/home/shebahub/ShebaHub_Backend/venv/lib/python3.12/site-packages/django/middleware/common.py", line 48, in process_request
    host = request.get_host()
           ^^^^^^^^^^^^^^^^^^
  File "/home/shebahub/ShebaHub_Backend/venv/lib/python3.12/site-packages/django/http/request.py", line 150, in get_host
    raise DisallowedHost(msg)
django.core.exceptions.DisallowedHost: Invalid HTTP_HOST header: '51.84.138.91:8085'. You may need to add '51.84.138.91' to ALLOWED_HOSTS.
ERROR 2026-04-06 00:52:34,257 django.security.DisallowedHost Invalid HTTP_HOST header: '51.84.138.91:8085'. You may need to add '51.84.138.91' to ALLOWED_HOSTS.
Traceback (most recent call last):
  File "/home/shebahub/ShebaHub_Backend/venv/lib/python3.12/site-packages/django/core/handlers/exception.py", line 55, in inner
    response = get_response(request)
               ^^^^^^^^^^^^^^^^^^^^^
  File "/home/shebahub/ShebaHub_Backend/venv/lib/python3.12/site-packages/django/utils/deprecation.py", line 133, in __call__
    response = self.process_request(request)
               ^^^^^^^^^^^^^^^^^^^^^^^^^^^^^
  File "/home/shebahub/ShebaHub_Backend/venv/lib/python3.12/site-packages/django/middleware/common.py", line 48, in process_request
    host = request.get_host()
           ^^^^^^^^^^^^^^^^^^
  File "/home/shebahub/ShebaHub_Backend/venv/lib/python3.12/site-packages/django/http/request.py", line 150, in get_host
    raise DisallowedHost(msg)
django.core.exceptions.DisallowedHost: Invalid HTTP_HOST header: '51.84.138.91:8085'. You may need to add '51.84.138.91' to ALLOWED_HOSTS.
INFO 2026-04-06 10:46:50,749 audit User logged in successfully: roy.vivantee@gmail.com
ERROR 2026-04-06 13:00:08,127 django.security.DisallowedHost Invalid HTTP_HOST header: '51.84.138.91'. You may need to add '51.84.138.91' to ALLOWED_HOSTS.
Traceback (most recent call last):
  File "/home/shebahub/ShebaHub_Backend/venv/lib/python3.12/site-packages/django/core/handlers/exception.py", line 55, in inner
    response = get_response(request)
               ^^^^^^^^^^^^^^^^^^^^^
  File "/home/shebahub/ShebaHub_Backend/venv/lib/python3.12/site-packages/django/utils/deprecation.py", line 133, in __call__
    response = self.process_request(request)
               ^^^^^^^^^^^^^^^^^^^^^^^^^^^^^
  File "/home/shebahub/ShebaHub_Backend/venv/lib/python3.12/site-packages/django/middleware/common.py", line 48, in process_request
    host = request.get_host()
           ^^^^^^^^^^^^^^^^^^
  File "/home/shebahub/ShebaHub_Backend/venv/lib/python3.12/site-packages/django/http/request.py", line 150, in get_host
    raise DisallowedHost(msg)
django.core.exceptions.DisallowedHost: Invalid HTTP_HOST header: '51.84.138.91'. You may need to add '51.84.138.91' to ALLOWED_HOSTS.
ERROR 2026-04-06 17:33:00,107 django.security.DisallowedHost Invalid HTTP_HOST header: '51.84.138.91:8085'. You may need to add '51.84.138.91' to ALLOWED_HOSTS.
Traceback (most recent call last):
  File "/home/shebahub/ShebaHub_Backend/venv/lib/python3.12/site-packages/django/core/handlers/exception.py", line 55, in inner
    response = get_response(request)
               ^^^^^^^^^^^^^^^^^^^^^
  File "/home/shebahub/ShebaHub_Backend/venv/lib/python3.12/site-packages/django/utils/deprecation.py", line 133, in __call__
    response = self.process_request(request)
               ^^^^^^^^^^^^^^^^^^^^^^^^^^^^^
  File "/home/shebahub/ShebaHub_Backend/venv/lib/python3.12/site-packages/django/middleware/common.py", line 48, in process_request
    host = request.get_host()
           ^^^^^^^^^^^^^^^^^^
  File "/home/shebahub/ShebaHub_Backend/venv/lib/python3.12/site-packages/django/http/request.py", line 150, in get_host
    raise DisallowedHost(msg)
django.core.exceptions.DisallowedHost: Invalid HTTP_HOST header: '51.84.138.91:8085'. You may need to add '51.84.138.91' to ALLOWED_HOSTS.
ERROR 2026-04-06 18:37:19,003 django.security.DisallowedHost Invalid HTTP_HOST header: '51.84.138.91:8085'. You may need to add '51.84.138.91' to ALLOWED_HOSTS.
Traceback (most recent call last):
  File "/home/shebahub/ShebaHub_Backend/venv/lib/python3.12/site-packages/django/core/handlers/exception.py", line 55, in inner
    response = get_response(request)
               ^^^^^^^^^^^^^^^^^^^^^
  File "/home/shebahub/ShebaHub_Backend/venv/lib/python3.12/site-packages/django/utils/deprecation.py", line 133, in __call__
    response = self.process_request(request)
               ^^^^^^^^^^^^^^^^^^^^^^^^^^^^^
  File "/home/shebahub/ShebaHub_Backend/venv/lib/python3.12/site-packages/django/middleware/common.py", line 48, in process_request
    host = request.get_host()
           ^^^^^^^^^^^^^^^^^^
  File "/home/shebahub/ShebaHub_Backend/venv/lib/python3.12/site-packages/django/http/request.py", line 150, in get_host
    raise DisallowedHost(msg)
django.core.exceptions.DisallowedHost: Invalid HTTP_HOST header: '51.84.138.91:8085'. You may need to add '51.84.138.91' to ALLOWED_HOSTS.
ERROR 2026-04-07 00:56:52,069 django.security.DisallowedHost Invalid HTTP_HOST header: '51.84.138.91:8085'. You may need to add '51.84.138.91' to ALLOWED_HOSTS.
Traceback (most recent call last):
  File "/home/shebahub/ShebaHub_Backend/venv/lib/python3.12/site-packages/django/core/handlers/exception.py", line 55, in inner
    response = get_response(request)
               ^^^^^^^^^^^^^^^^^^^^^
  File "/home/shebahub/ShebaHub_Backend/venv/lib/python3.12/site-packages/django/utils/deprecation.py", line 133, in __call__
    response = self.process_request(request)
               ^^^^^^^^^^^^^^^^^^^^^^^^^^^^^
  File "/home/shebahub/ShebaHub_Backend/venv/lib/python3.12/site-packages/django/middleware/common.py", line 48, in process_request
    host = request.get_host()
           ^^^^^^^^^^^^^^^^^^
  File "/home/shebahub/ShebaHub_Backend/venv/lib/python3.12/site-packages/django/http/request.py", line 150, in get_host
    raise DisallowedHost(msg)
django.core.exceptions.DisallowedHost: Invalid HTTP_HOST header: '51.84.138.91:8085'. You may need to add '51.84.138.91' to ALLOWED_HOSTS.
ERROR 2026-04-07 00:56:52,791 django.security.DisallowedHost Invalid HTTP_HOST header: '51.84.138.91:8085'. You may need to add '51.84.138.91' to ALLOWED_HOSTS.
Traceback (most recent call last):
  File "/home/shebahub/ShebaHub_Backend/venv/lib/python3.12/site-packages/django/core/handlers/exception.py", line 55, in inner
    response = get_response(request)
               ^^^^^^^^^^^^^^^^^^^^^
  File "/home/shebahub/ShebaHub_Backend/venv/lib/python3.12/site-packages/django/utils/deprecation.py", line 133, in __call__
    response = self.process_request(request)
               ^^^^^^^^^^^^^^^^^^^^^^^^^^^^^
  File "/home/shebahub/ShebaHub_Backend/venv/lib/python3.12/site-packages/django/middleware/common.py", line 48, in process_request
    host = request.get_host()
           ^^^^^^^^^^^^^^^^^^
  File "/home/shebahub/ShebaHub_Backend/venv/lib/python3.12/site-packages/django/http/request.py", line 150, in get_host
    raise DisallowedHost(msg)
django.core.exceptions.DisallowedHost: Invalid HTTP_HOST header: '51.84.138.91:8085'. You may need to add '51.84.138.91' to ALLOWED_HOSTS.
ERROR 2026-04-07 00:56:53,500 django.security.DisallowedHost Invalid HTTP_HOST header: '51.84.138.91:8085'. You may need to add '51.84.138.91' to ALLOWED_HOSTS.
Traceback (most recent call last):
  File "/home/shebahub/ShebaHub_Backend/venv/lib/python3.12/site-packages/django/core/handlers/exception.py", line 55, in inner
    response = get_response(request)
               ^^^^^^^^^^^^^^^^^^^^^
  File "/home/shebahub/ShebaHub_Backend/venv/lib/python3.12/site-packages/django/utils/deprecation.py", line 133, in __call__
    response = self.process_request(request)
               ^^^^^^^^^^^^^^^^^^^^^^^^^^^^^
  File "/home/shebahub/ShebaHub_Backend/venv/lib/python3.12/site-packages/django/middleware/common.py", line 48, in process_request
    host = request.get_host()
           ^^^^^^^^^^^^^^^^^^
  File "/home/shebahub/ShebaHub_Backend/venv/lib/python3.12/site-packages/django/http/request.py", line 150, in get_host
    raise DisallowedHost(msg)
django.core.exceptions.DisallowedHost: Invalid HTTP_HOST header: '51.84.138.91:8085'. You may need to add '51.84.138.91' to ALLOWED_HOSTS.
ERROR 2026-04-07 00:56:54,173 django.security.DisallowedHost Invalid HTTP_HOST header: '51.84.138.91:8085'. You may need to add '51.84.138.91' to ALLOWED_HOSTS.
Traceback (most recent call last):
  File "/home/shebahub/ShebaHub_Backend/venv/lib/python3.12/site-packages/django/core/handlers/exception.py", line 55, in inner
    response = get_response(request)
               ^^^^^^^^^^^^^^^^^^^^^
  File "/home/shebahub/ShebaHub_Backend/venv/lib/python3.12/site-packages/django/utils/deprecation.py", line 133, in __call__
    response = self.process_request(request)
               ^^^^^^^^^^^^^^^^^^^^^^^^^^^^^
  File "/home/shebahub/ShebaHub_Backend/venv/lib/python3.12/site-packages/django/middleware/common.py", line 48, in process_request
    host = request.get_host()
           ^^^^^^^^^^^^^^^^^^
  File "/home/shebahub/ShebaHub_Backend/venv/lib/python3.12/site-packages/django/http/request.py", line 150, in get_host
    raise DisallowedHost(msg)
django.core.exceptions.DisallowedHost: Invalid HTTP_HOST header: '51.84.138.91:8085'. You may need to add '51.84.138.91' to ALLOWED_HOSTS.
ERROR 2026-04-07 17:25:08,867 django.security.DisallowedHost Invalid HTTP_HOST header: '51.84.138.91:8085'. You may need to add '51.84.138.91' to ALLOWED_HOSTS.
Traceback (most recent call last):
  File "/home/shebahub/ShebaHub_Backend/venv/lib/python3.12/site-packages/django/core/handlers/exception.py", line 55, in inner
    response = get_response(request)
               ^^^^^^^^^^^^^^^^^^^^^
  File "/home/shebahub/ShebaHub_Backend/venv/lib/python3.12/site-packages/django/utils/deprecation.py", line 133, in __call__
    response = self.process_request(request)
               ^^^^^^^^^^^^^^^^^^^^^^^^^^^^^
  File "/home/shebahub/ShebaHub_Backend/venv/lib/python3.12/site-packages/django/middleware/common.py", line 48, in process_request
    host = request.get_host()
           ^^^^^^^^^^^^^^^^^^
  File "/home/shebahub/ShebaHub_Backend/venv/lib/python3.12/site-packages/django/http/request.py", line 150, in get_host
    raise DisallowedHost(msg)
django.core.exceptions.DisallowedHost: Invalid HTTP_HOST header: '51.84.138.91:8085'. You may need to add '51.84.138.91' to ALLOWED_HOSTS.
ERROR 2026-04-08 12:25:12,806 django.security.DisallowedHost Invalid HTTP_HOST header: '51.84.138.91:8085'. You may need to add '51.84.138.91' to ALLOWED_HOSTS.
Traceback (most recent call last):
  File "/home/shebahub/ShebaHub_Backend/venv/lib/python3.12/site-packages/django/core/handlers/exception.py", line 55, in inner
    response = get_response(request)
               ^^^^^^^^^^^^^^^^^^^^^
  File "/home/shebahub/ShebaHub_Backend/venv/lib/python3.12/site-packages/django/utils/deprecation.py", line 133, in __call__
    response = self.process_request(request)
               ^^^^^^^^^^^^^^^^^^^^^^^^^^^^^
  File "/home/shebahub/ShebaHub_Backend/venv/lib/python3.12/site-packages/django/middleware/common.py", line 48, in process_request
    host = request.get_host()
           ^^^^^^^^^^^^^^^^^^
  File "/home/shebahub/ShebaHub_Backend/venv/lib/python3.12/site-packages/django/http/request.py", line 150, in get_host
    raise DisallowedHost(msg)
django.core.exceptions.DisallowedHost: Invalid HTTP_HOST header: '51.84.138.91:8085'. You may need to add '51.84.138.91' to ALLOWED_HOSTS.
ERROR 2026-04-08 12:27:11,039 django.security.DisallowedHost Invalid HTTP_HOST header: '51.84.138.91:8085'. You may need to add '51.84.138.91' to ALLOWED_HOSTS.
Traceback (most recent call last):
  File "/home/shebahub/ShebaHub_Backend/venv/lib/python3.12/site-packages/django/core/handlers/exception.py", line 55, in inner
    response = get_response(request)
               ^^^^^^^^^^^^^^^^^^^^^
  File "/home/shebahub/ShebaHub_Backend/venv/lib/python3.12/site-packages/django/utils/deprecation.py", line 133, in __call__
    response = self.process_request(request)
               ^^^^^^^^^^^^^^^^^^^^^^^^^^^^^
  File "/home/shebahub/ShebaHub_Backend/venv/lib/python3.12/site-packages/django/middleware/common.py", line 48, in process_request
    host = request.get_host()
           ^^^^^^^^^^^^^^^^^^
  File "/home/shebahub/ShebaHub_Backend/venv/lib/python3.12/site-packages/django/http/request.py", line 150, in get_host
    raise DisallowedHost(msg)
django.core.exceptions.DisallowedHost: Invalid HTTP_HOST header: '51.84.138.91:8085'. You may need to add '51.84.138.91' to ALLOWED_HOSTS.
ERROR 2026-04-08 18:45:25,299 django.security.DisallowedHost Invalid HTTP_HOST header: '51.84.138.91:8085'. You may need to add '51.84.138.91' to ALLOWED_HOSTS.
Traceback (most recent call last):
  File "/home/shebahub/ShebaHub_Backend/venv/lib/python3.12/site-packages/django/core/handlers/exception.py", line 55, in inner
    response = get_response(request)
               ^^^^^^^^^^^^^^^^^^^^^
  File "/home/shebahub/ShebaHub_Backend/venv/lib/python3.12/site-packages/django/utils/deprecation.py", line 133, in __call__
    response = self.process_request(request)
               ^^^^^^^^^^^^^^^^^^^^^^^^^^^^^
  File "/home/shebahub/ShebaHub_Backend/venv/lib/python3.12/site-packages/django/middleware/common.py", line 48, in process_request
    host = request.get_host()
           ^^^^^^^^^^^^^^^^^^
  File "/home/shebahub/ShebaHub_Backend/venv/lib/python3.12/site-packages/django/http/request.py", line 150, in get_host
    raise DisallowedHost(msg)
django.core.exceptions.DisallowedHost: Invalid HTTP_HOST header: '51.84.138.91:8085'. You may need to add '51.84.138.91' to ALLOWED_HOSTS.
ERROR 2026-04-09 00:08:30,904 django.security.DisallowedHost Invalid HTTP_HOST header: '51.84.138.91:8085'. You may need to add '51.84.138.91' to ALLOWED_HOSTS.
Traceback (most recent call last):
  File "/home/shebahub/ShebaHub_Backend/venv/lib/python3.12/site-packages/django/core/handlers/exception.py", line 55, in inner
    response = get_response(request)
               ^^^^^^^^^^^^^^^^^^^^^
  File "/home/shebahub/ShebaHub_Backend/venv/lib/python3.12/site-packages/django/utils/deprecation.py", line 133, in __call__
    response = self.process_request(request)
               ^^^^^^^^^^^^^^^^^^^^^^^^^^^^^
  File "/home/shebahub/ShebaHub_Backend/venv/lib/python3.12/site-packages/django/middleware/common.py", line 48, in process_request
    host = request.get_host()
           ^^^^^^^^^^^^^^^^^^
  File "/home/shebahub/ShebaHub_Backend/venv/lib/python3.12/site-packages/django/http/request.py", line 150, in get_host
    raise DisallowedHost(msg)
django.core.exceptions.DisallowedHost: Invalid HTTP_HOST header: '51.84.138.91:8085'. You may need to add '51.84.138.91' to ALLOWED_HOSTS.
ERROR 2026-04-09 04:03:16,348 django.security.DisallowedHost Invalid HTTP_HOST header: '51.84.138.91:8085'. You may need to add '51.84.138.91' to ALLOWED_HOSTS.
Traceback (most recent call last):
  File "/home/shebahub/ShebaHub_Backend/venv/lib/python3.12/site-packages/django/core/handlers/exception.py", line 55, in inner
    response = get_response(request)
               ^^^^^^^^^^^^^^^^^^^^^
  File "/home/shebahub/ShebaHub_Backend/venv/lib/python3.12/site-packages/django/utils/deprecation.py", line 133, in __call__
    response = self.process_request(request)
               ^^^^^^^^^^^^^^^^^^^^^^^^^^^^^
  File "/home/shebahub/ShebaHub_Backend/venv/lib/python3.12/site-packages/django/middleware/common.py", line 48, in process_request
    host = request.get_host()
           ^^^^^^^^^^^^^^^^^^
  File "/home/shebahub/ShebaHub_Backend/venv/lib/python3.12/site-packages/django/http/request.py", line 150, in get_host
    raise DisallowedHost(msg)
django.core.exceptions.DisallowedHost: Invalid HTTP_HOST header: '51.84.138.91:8085'. You may need to add '51.84.138.91' to ALLOWED_HOSTS.
INFO 2026-04-09 12:10:37,603 audit User logged in successfully: roy.vivantee@gmail.com
ERROR 2026-04-09 17:36:23,361 django.security.DisallowedHost Invalid HTTP_HOST header: '51.84.138.91:8085'. You may need to add '51.84.138.91' to ALLOWED_HOSTS.
Traceback (most recent call last):
  File "/home/shebahub/ShebaHub_Backend/venv/lib/python3.12/site-packages/django/core/handlers/exception.py", line 55, in inner
    response = get_response(request)
               ^^^^^^^^^^^^^^^^^^^^^
  File "/home/shebahub/ShebaHub_Backend/venv/lib/python3.12/site-packages/django/utils/deprecation.py", line 133, in __call__
    response = self.process_request(request)
               ^^^^^^^^^^^^^^^^^^^^^^^^^^^^^
  File "/home/shebahub/ShebaHub_Backend/venv/lib/python3.12/site-packages/django/middleware/common.py", line 48, in process_request
    host = request.get_host()
           ^^^^^^^^^^^^^^^^^^
  File "/home/shebahub/ShebaHub_Backend/venv/lib/python3.12/site-packages/django/http/request.py", line 150, in get_host
    raise DisallowedHost(msg)
django.core.exceptions.DisallowedHost: Invalid HTTP_HOST header: '51.84.138.91:8085'. You may need to add '51.84.138.91' to ALLOWED_HOSTS.
ERROR 2026-04-10 01:29:44,128 django.security.DisallowedHost Invalid HTTP_HOST header: '51.84.138.91:8085'. You may need to add '51.84.138.91' to ALLOWED_HOSTS.
Traceback (most recent call last):
  File "/home/shebahub/ShebaHub_Backend/venv/lib/python3.12/site-packages/django/core/handlers/exception.py", line 55, in inner
    response = get_response(request)
               ^^^^^^^^^^^^^^^^^^^^^
  File "/home/shebahub/ShebaHub_Backend/venv/lib/python3.12/site-packages/django/utils/deprecation.py", line 133, in __call__
    response = self.process_request(request)
               ^^^^^^^^^^^^^^^^^^^^^^^^^^^^^
  File "/home/shebahub/ShebaHub_Backend/venv/lib/python3.12/site-packages/django/middleware/common.py", line 48, in process_request
    host = request.get_host()
           ^^^^^^^^^^^^^^^^^^
  File "/home/shebahub/ShebaHub_Backend/venv/lib/python3.12/site-packages/django/http/request.py", line 150, in get_host
    raise DisallowedHost(msg)
django.core.exceptions.DisallowedHost: Invalid HTTP_HOST header: '51.84.138.91:8085'. You may need to add '51.84.138.91' to ALLOWED_HOSTS.
ERROR 2026-04-10 01:29:45,187 django.security.DisallowedHost Invalid HTTP_HOST header: '51.84.138.91:8085'. You may need to add '51.84.138.91' to ALLOWED_HOSTS.
Traceback (most recent call last):
  File "/home/shebahub/ShebaHub_Backend/venv/lib/python3.12/site-packages/django/core/handlers/exception.py", line 55, in inner
    response = get_response(request)
               ^^^^^^^^^^^^^^^^^^^^^
  File "/home/shebahub/ShebaHub_Backend/venv/lib/python3.12/site-packages/django/utils/deprecation.py", line 133, in __call__
    response = self.process_request(request)
               ^^^^^^^^^^^^^^^^^^^^^^^^^^^^^
  File "/home/shebahub/ShebaHub_Backend/venv/lib/python3.12/site-packages/django/middleware/common.py", line 48, in process_request
    host = request.get_host()
           ^^^^^^^^^^^^^^^^^^
  File "/home/shebahub/ShebaHub_Backend/venv/lib/python3.12/site-packages/django/http/request.py", line 150, in get_host
    raise DisallowedHost(msg)
django.core.exceptions.DisallowedHost: Invalid HTTP_HOST header: '51.84.138.91:8085'. You may need to add '51.84.138.91' to ALLOWED_HOSTS.
ERROR 2026-04-10 01:29:46,124 django.security.DisallowedHost Invalid HTTP_HOST header: '51.84.138.91:8085'. You may need to add '51.84.138.91' to ALLOWED_HOSTS.
Traceback (most recent call last):
  File "/home/shebahub/ShebaHub_Backend/venv/lib/python3.12/site-packages/django/core/handlers/exception.py", line 55, in inner
    response = get_response(request)
               ^^^^^^^^^^^^^^^^^^^^^
  File "/home/shebahub/ShebaHub_Backend/venv/lib/python3.12/site-packages/django/utils/deprecation.py", line 133, in __call__
    response = self.process_request(request)
               ^^^^^^^^^^^^^^^^^^^^^^^^^^^^^
  File "/home/shebahub/ShebaHub_Backend/venv/lib/python3.12/site-packages/django/middleware/common.py", line 48, in process_request
    host = request.get_host()
           ^^^^^^^^^^^^^^^^^^
  File "/home/shebahub/ShebaHub_Backend/venv/lib/python3.12/site-packages/django/http/request.py", line 150, in get_host
    raise DisallowedHost(msg)
django.core.exceptions.DisallowedHost: Invalid HTTP_HOST header: '51.84.138.91:8085'. You may need to add '51.84.138.91' to ALLOWED_HOSTS.
ERROR 2026-04-10 01:29:47,072 django.security.DisallowedHost Invalid HTTP_HOST header: '51.84.138.91:8085'. You may need to add '51.84.138.91' to ALLOWED_HOSTS.
Traceback (most recent call last):
  File "/home/shebahub/ShebaHub_Backend/venv/lib/python3.12/site-packages/django/core/handlers/exception.py", line 55, in inner
    response = get_response(request)
               ^^^^^^^^^^^^^^^^^^^^^
  File "/home/shebahub/ShebaHub_Backend/venv/lib/python3.12/site-packages/django/utils/deprecation.py", line 133, in __call__
    response = self.process_request(request)
               ^^^^^^^^^^^^^^^^^^^^^^^^^^^^^
  File "/home/shebahub/ShebaHub_Backend/venv/lib/python3.12/site-packages/django/middleware/common.py", line 48, in process_request
    host = request.get_host()
           ^^^^^^^^^^^^^^^^^^
  File "/home/shebahub/ShebaHub_Backend/venv/lib/python3.12/site-packages/django/http/request.py", line 150, in get_host
    raise DisallowedHost(msg)
django.core.exceptions.DisallowedHost: Invalid HTTP_HOST header: '51.84.138.91:8085'. You may need to add '51.84.138.91' to ALLOWED_HOSTS.
ERROR 2026-04-10 17:31:37,508 django.security.DisallowedHost Invalid HTTP_HOST header: '51.84.138.91:8085'. You may need to add '51.84.138.91' to ALLOWED_HOSTS.
Traceback (most recent call last):
  File "/home/shebahub/ShebaHub_Backend/venv/lib/python3.12/site-packages/django/core/handlers/exception.py", line 55, in inner
    response = get_response(request)
               ^^^^^^^^^^^^^^^^^^^^^
  File "/home/shebahub/ShebaHub_Backend/venv/lib/python3.12/site-packages/django/utils/deprecation.py", line 133, in __call__
    response = self.process_request(request)
               ^^^^^^^^^^^^^^^^^^^^^^^^^^^^^
  File "/home/shebahub/ShebaHub_Backend/venv/lib/python3.12/site-packages/django/middleware/common.py", line 48, in process_request
    host = request.get_host()
           ^^^^^^^^^^^^^^^^^^
  File "/home/shebahub/ShebaHub_Backend/venv/lib/python3.12/site-packages/django/http/request.py", line 150, in get_host
    raise DisallowedHost(msg)
django.core.exceptions.DisallowedHost: Invalid HTTP_HOST header: '51.84.138.91:8085'. You may need to add '51.84.138.91' to ALLOWED_HOSTS.
ERROR 2026-04-11 13:17:37,995 django.security.DisallowedHost Invalid HTTP_HOST header: '51.84.138.91:8085'. You may need to add '51.84.138.91' to ALLOWED_HOSTS.
Traceback (most recent call last):
  File "/home/shebahub/ShebaHub_Backend/venv/lib/python3.12/site-packages/django/core/handlers/exception.py", line 55, in inner
    response = get_response(request)
               ^^^^^^^^^^^^^^^^^^^^^
  File "/home/shebahub/ShebaHub_Backend/venv/lib/python3.12/site-packages/django/utils/deprecation.py", line 133, in __call__
    response = self.process_request(request)
               ^^^^^^^^^^^^^^^^^^^^^^^^^^^^^
  File "/home/shebahub/ShebaHub_Backend/venv/lib/python3.12/site-packages/django/middleware/common.py", line 48, in process_request
    host = request.get_host()
           ^^^^^^^^^^^^^^^^^^
  File "/home/shebahub/ShebaHub_Backend/venv/lib/python3.12/site-packages/django/http/request.py", line 150, in get_host
    raise DisallowedHost(msg)
django.core.exceptions.DisallowedHost: Invalid HTTP_HOST header: '51.84.138.91:8085'. You may need to add '51.84.138.91' to ALLOWED_HOSTS.
ERROR 2026-04-11 13:17:38,251 django.security.DisallowedHost Invalid HTTP_HOST header: '51.84.138.91:8085'. You may need to add '51.84.138.91' to ALLOWED_HOSTS.
Traceback (most recent call last):
  File "/home/shebahub/ShebaHub_Backend/venv/lib/python3.12/site-packages/django/core/handlers/exception.py", line 55, in inner
    response = get_response(request)
               ^^^^^^^^^^^^^^^^^^^^^
  File "/home/shebahub/ShebaHub_Backend/venv/lib/python3.12/site-packages/django/utils/deprecation.py", line 133, in __call__
    response = self.process_request(request)
               ^^^^^^^^^^^^^^^^^^^^^^^^^^^^^
  File "/home/shebahub/ShebaHub_Backend/venv/lib/python3.12/site-packages/django/middleware/common.py", line 48, in process_request
    host = request.get_host()
           ^^^^^^^^^^^^^^^^^^
  File "/home/shebahub/ShebaHub_Backend/venv/lib/python3.12/site-packages/django/http/request.py", line 150, in get_host
    raise DisallowedHost(msg)
django.core.exceptions.DisallowedHost: Invalid HTTP_HOST header: '51.84.138.91:8085'. You may need to add '51.84.138.91' to ALLOWED_HOSTS.
ERROR 2026-04-11 13:17:38,424 django.security.DisallowedHost Invalid HTTP_HOST header: '51.84.138.91:8085'. You may need to add '51.84.138.91' to ALLOWED_HOSTS.
Traceback (most recent call last):
  File "/home/shebahub/ShebaHub_Backend/venv/lib/python3.12/site-packages/django/core/handlers/exception.py", line 55, in inner
    response = get_response(request)
               ^^^^^^^^^^^^^^^^^^^^^
  File "/home/shebahub/ShebaHub_Backend/venv/lib/python3.12/site-packages/django/utils/deprecation.py", line 133, in __call__
    response = self.process_request(request)
               ^^^^^^^^^^^^^^^^^^^^^^^^^^^^^
  File "/home/shebahub/ShebaHub_Backend/venv/lib/python3.12/site-packages/django/middleware/common.py", line 48, in process_request
    host = request.get_host()
           ^^^^^^^^^^^^^^^^^^
  File "/home/shebahub/ShebaHub_Backend/venv/lib/python3.12/site-packages/django/http/request.py", line 150, in get_host
    raise DisallowedHost(msg)
django.core.exceptions.DisallowedHost: Invalid HTTP_HOST header: '51.84.138.91:8085'. You may need to add '51.84.138.91' to ALLOWED_HOSTS.
ERROR 2026-04-11 13:17:38,613 django.security.DisallowedHost Invalid HTTP_HOST header: '51.84.138.91:8085'. You may need to add '51.84.138.91' to ALLOWED_HOSTS.
Traceback (most recent call last):
  File "/home/shebahub/ShebaHub_Backend/venv/lib/python3.12/site-packages/django/core/handlers/exception.py", line 55, in inner
    response = get_response(request)
               ^^^^^^^^^^^^^^^^^^^^^
  File "/home/shebahub/ShebaHub_Backend/venv/lib/python3.12/site-packages/django/utils/deprecation.py", line 133, in __call__
    response = self.process_request(request)
               ^^^^^^^^^^^^^^^^^^^^^^^^^^^^^
  File "/home/shebahub/ShebaHub_Backend/venv/lib/python3.12/site-packages/django/middleware/common.py", line 48, in process_request
    host = request.get_host()
           ^^^^^^^^^^^^^^^^^^
  File "/home/shebahub/ShebaHub_Backend/venv/lib/python3.12/site-packages/django/http/request.py", line 150, in get_host
    raise DisallowedHost(msg)
django.core.exceptions.DisallowedHost: Invalid HTTP_HOST header: '51.84.138.91:8085'. You may need to add '51.84.138.91' to ALLOWED_HOSTS.
ERROR 2026-04-11 17:43:12,436 django.security.DisallowedHost Invalid HTTP_HOST header: '51.84.138.91:8085'. You may need to add '51.84.138.91' to ALLOWED_HOSTS.
Traceback (most recent call last):
  File "/home/shebahub/ShebaHub_Backend/venv/lib/python3.12/site-packages/django/core/handlers/exception.py", line 55, in inner
    response = get_response(request)
               ^^^^^^^^^^^^^^^^^^^^^
  File "/home/shebahub/ShebaHub_Backend/venv/lib/python3.12/site-packages/django/utils/deprecation.py", line 133, in __call__
    response = self.process_request(request)
               ^^^^^^^^^^^^^^^^^^^^^^^^^^^^^
  File "/home/shebahub/ShebaHub_Backend/venv/lib/python3.12/site-packages/django/middleware/common.py", line 48, in process_request
    host = request.get_host()
           ^^^^^^^^^^^^^^^^^^
  File "/home/shebahub/ShebaHub_Backend/venv/lib/python3.12/site-packages/django/http/request.py", line 150, in get_host
    raise DisallowedHost(msg)
django.core.exceptions.DisallowedHost: Invalid HTTP_HOST header: '51.84.138.91:8085'. You may need to add '51.84.138.91' to ALLOWED_HOSTS.
INFO 2026-04-11 17:44:45,204 audit User registered successfully: elizabeta.shprits@sheba.health.gov.il
ERROR 2026-04-11 17:45:08,508 django.security.DisallowedHost Invalid HTTP_HOST header: '51.84.138.91:8085'. You may need to add '51.84.138.91' to ALLOWED_HOSTS.
Traceback (most recent call last):
  File "/home/shebahub/ShebaHub_Backend/venv/lib/python3.12/site-packages/django/core/handlers/exception.py", line 55, in inner
    response = get_response(request)
               ^^^^^^^^^^^^^^^^^^^^^
  File "/home/shebahub/ShebaHub_Backend/venv/lib/python3.12/site-packages/django/utils/deprecation.py", line 133, in __call__
    response = self.process_request(request)
               ^^^^^^^^^^^^^^^^^^^^^^^^^^^^^
  File "/home/shebahub/ShebaHub_Backend/venv/lib/python3.12/site-packages/django/middleware/common.py", line 48, in process_request
    host = request.get_host()
           ^^^^^^^^^^^^^^^^^^
  File "/home/shebahub/ShebaHub_Backend/venv/lib/python3.12/site-packages/django/http/request.py", line 150, in get_host
    raise DisallowedHost(msg)
django.core.exceptions.DisallowedHost: Invalid HTTP_HOST header: '51.84.138.91:8085'. You may need to add '51.84.138.91' to ALLOWED_HOSTS.
INFO 2026-04-11 17:59:32,971 audit Email verified: elizabeta.shprits@sheba.health.gov.il
INFO 2026-04-11 18:07:10,238 audit Email verified: elizabeta.shprits@sheba.health.gov.il
INFO 2026-04-12 03:33:35,024 audit Email verified: elizabeta.shprits@sheba.health.gov.il
ERROR 2026-04-12 06:14:32,495 django.security.DisallowedHost Invalid HTTP_HOST header: '51.84.138.91:8085'. You may need to add '51.84.138.91' to ALLOWED_HOSTS.
Traceback (most recent call last):
  File "/home/shebahub/ShebaHub_Backend/venv/lib/python3.12/site-packages/django/core/handlers/exception.py", line 55, in inner
    response = get_response(request)
               ^^^^^^^^^^^^^^^^^^^^^
  File "/home/shebahub/ShebaHub_Backend/venv/lib/python3.12/site-packages/django/utils/deprecation.py", line 133, in __call__
    response = self.process_request(request)
               ^^^^^^^^^^^^^^^^^^^^^^^^^^^^^
  File "/home/shebahub/ShebaHub_Backend/venv/lib/python3.12/site-packages/django/middleware/common.py", line 48, in process_request
    host = request.get_host()
           ^^^^^^^^^^^^^^^^^^
  File "/home/shebahub/ShebaHub_Backend/venv/lib/python3.12/site-packages/django/http/request.py", line 150, in get_host
    raise DisallowedHost(msg)
django.core.exceptions.DisallowedHost: Invalid HTTP_HOST header: '51.84.138.91:8085'. You may need to add '51.84.138.91' to ALLOWED_HOSTS.
ERROR 2026-04-12 13:33:02,926 django.security.DisallowedHost Invalid HTTP_HOST header: '51.84.138.91:8085'. You may need to add '51.84.138.91' to ALLOWED_HOSTS.
Traceback (most recent call last):
  File "/home/shebahub/ShebaHub_Backend/venv/lib/python3.12/site-packages/django/core/handlers/exception.py", line 55, in inner
    response = get_response(request)
               ^^^^^^^^^^^^^^^^^^^^^
  File "/home/shebahub/ShebaHub_Backend/venv/lib/python3.12/site-packages/django/utils/deprecation.py", line 133, in __call__
    response = self.process_request(request)
               ^^^^^^^^^^^^^^^^^^^^^^^^^^^^^
  File "/home/shebahub/ShebaHub_Backend/venv/lib/python3.12/site-packages/django/middleware/common.py", line 48, in process_request
    host = request.get_host()
           ^^^^^^^^^^^^^^^^^^
  File "/home/shebahub/ShebaHub_Backend/venv/lib/python3.12/site-packages/django/http/request.py", line 150, in get_host
    raise DisallowedHost(msg)
django.core.exceptions.DisallowedHost: Invalid HTTP_HOST header: '51.84.138.91:8085'. You may need to add '51.84.138.91' to ALLOWED_HOSTS.
ERROR 2026-04-12 13:33:03,784 django.security.DisallowedHost Invalid HTTP_HOST header: '51.84.138.91:8085'. You may need to add '51.84.138.91' to ALLOWED_HOSTS.
Traceback (most recent call last):
  File "/home/shebahub/ShebaHub_Backend/venv/lib/python3.12/site-packages/django/core/handlers/exception.py", line 55, in inner
    response = get_response(request)
               ^^^^^^^^^^^^^^^^^^^^^
  File "/home/shebahub/ShebaHub_Backend/venv/lib/python3.12/site-packages/django/utils/deprecation.py", line 133, in __call__
    response = self.process_request(request)
               ^^^^^^^^^^^^^^^^^^^^^^^^^^^^^
  File "/home/shebahub/ShebaHub_Backend/venv/lib/python3.12/site-packages/django/middleware/common.py", line 48, in process_request
    host = request.get_host()
           ^^^^^^^^^^^^^^^^^^
  File "/home/shebahub/ShebaHub_Backend/venv/lib/python3.12/site-packages/django/http/request.py", line 150, in get_host
    raise DisallowedHost(msg)
django.core.exceptions.DisallowedHost: Invalid HTTP_HOST header: '51.84.138.91:8085'. You may need to add '51.84.138.91' to ALLOWED_HOSTS.
ERROR 2026-04-12 13:33:04,628 django.security.DisallowedHost Invalid HTTP_HOST header: '51.84.138.91:8085'. You may need to add '51.84.138.91' to ALLOWED_HOSTS.
Traceback (most recent call last):
  File "/home/shebahub/ShebaHub_Backend/venv/lib/python3.12/site-packages/django/core/handlers/exception.py", line 55, in inner
    response = get_response(request)
               ^^^^^^^^^^^^^^^^^^^^^
  File "/home/shebahub/ShebaHub_Backend/venv/lib/python3.12/site-packages/django/utils/deprecation.py", line 133, in __call__
    response = self.process_request(request)
               ^^^^^^^^^^^^^^^^^^^^^^^^^^^^^
  File "/home/shebahub/ShebaHub_Backend/venv/lib/python3.12/site-packages/django/middleware/common.py", line 48, in process_request
    host = request.get_host()
           ^^^^^^^^^^^^^^^^^^
  File "/home/shebahub/ShebaHub_Backend/venv/lib/python3.12/site-packages/django/http/request.py", line 150, in get_host
    raise DisallowedHost(msg)
django.core.exceptions.DisallowedHost: Invalid HTTP_HOST header: '51.84.138.91:8085'. You may need to add '51.84.138.91' to ALLOWED_HOSTS.
ERROR 2026-04-12 13:33:05,442 django.security.DisallowedHost Invalid HTTP_HOST header: '51.84.138.91:8085'. You may need to add '51.84.138.91' to ALLOWED_HOSTS.
Traceback (most recent call last):
  File "/home/shebahub/ShebaHub_Backend/venv/lib/python3.12/site-packages/django/core/handlers/exception.py", line 55, in inner
    response = get_response(request)
               ^^^^^^^^^^^^^^^^^^^^^
  File "/home/shebahub/ShebaHub_Backend/venv/lib/python3.12/site-packages/django/utils/deprecation.py", line 133, in __call__
    response = self.process_request(request)
               ^^^^^^^^^^^^^^^^^^^^^^^^^^^^^
  File "/home/shebahub/ShebaHub_Backend/venv/lib/python3.12/site-packages/django/middleware/common.py", line 48, in process_request
    host = request.get_host()
           ^^^^^^^^^^^^^^^^^^
  File "/home/shebahub/ShebaHub_Backend/venv/lib/python3.12/site-packages/django/http/request.py", line 150, in get_host
    raise DisallowedHost(msg)
django.core.exceptions.DisallowedHost: Invalid HTTP_HOST header: '51.84.138.91:8085'. You may need to add '51.84.138.91' to ALLOWED_HOSTS.
ERROR 2026-04-12 20:51:23,641 django.security.DisallowedHost Invalid HTTP_HOST header: '51.84.138.91:8085'. You may need to add '51.84.138.91' to ALLOWED_HOSTS.
Traceback (most recent call last):
  File "/home/shebahub/ShebaHub_Backend/venv/lib/python3.12/site-packages/django/core/handlers/exception.py", line 55, in inner
    response = get_response(request)
               ^^^^^^^^^^^^^^^^^^^^^
  File "/home/shebahub/ShebaHub_Backend/venv/lib/python3.12/site-packages/django/utils/deprecation.py", line 133, in __call__
    response = self.process_request(request)
               ^^^^^^^^^^^^^^^^^^^^^^^^^^^^^
  File "/home/shebahub/ShebaHub_Backend/venv/lib/python3.12/site-packages/django/middleware/common.py", line 48, in process_request
    host = request.get_host()
           ^^^^^^^^^^^^^^^^^^
  File "/home/shebahub/ShebaHub_Backend/venv/lib/python3.12/site-packages/django/http/request.py", line 150, in get_host
    raise DisallowedHost(msg)
django.core.exceptions.DisallowedHost: Invalid HTTP_HOST header: '51.84.138.91:8085'. You may need to add '51.84.138.91' to ALLOWED_HOSTS.
ERROR 2026-04-12 20:51:28,162 django.security.DisallowedHost Invalid HTTP_HOST header: '51.84.138.91:8085'. You may need to add '51.84.138.91' to ALLOWED_HOSTS.
Traceback (most recent call last):
  File "/home/shebahub/ShebaHub_Backend/venv/lib/python3.12/site-packages/django/core/handlers/exception.py", line 55, in inner
    response = get_response(request)
               ^^^^^^^^^^^^^^^^^^^^^
  File "/home/shebahub/ShebaHub_Backend/venv/lib/python3.12/site-packages/django/utils/deprecation.py", line 133, in __call__
    response = self.process_request(request)
               ^^^^^^^^^^^^^^^^^^^^^^^^^^^^^
  File "/home/shebahub/ShebaHub_Backend/venv/lib/python3.12/site-packages/django/middleware/common.py", line 48, in process_request
    host = request.get_host()
           ^^^^^^^^^^^^^^^^^^
  File "/home/shebahub/ShebaHub_Backend/venv/lib/python3.12/site-packages/django/http/request.py", line 150, in get_host
    raise DisallowedHost(msg)
django.core.exceptions.DisallowedHost: Invalid HTTP_HOST header: '51.84.138.91:8085'. You may need to add '51.84.138.91' to ALLOWED_HOSTS.
ERROR 2026-04-12 20:51:42,666 django.security.DisallowedHost Invalid HTTP_HOST header: '51.84.138.91:8085'. You may need to add '51.84.138.91' to ALLOWED_HOSTS.
Traceback (most recent call last):
  File "/home/shebahub/ShebaHub_Backend/venv/lib/python3.12/site-packages/django/core/handlers/exception.py", line 55, in inner
    response = get_response(request)
               ^^^^^^^^^^^^^^^^^^^^^
  File "/home/shebahub/ShebaHub_Backend/venv/lib/python3.12/site-packages/django/utils/deprecation.py", line 133, in __call__
    response = self.process_request(request)
               ^^^^^^^^^^^^^^^^^^^^^^^^^^^^^
  File "/home/shebahub/ShebaHub_Backend/venv/lib/python3.12/site-packages/django/middleware/common.py", line 48, in process_request
    host = request.get_host()
           ^^^^^^^^^^^^^^^^^^
  File "/home/shebahub/ShebaHub_Backend/venv/lib/python3.12/site-packages/django/http/request.py", line 150, in get_host
    raise DisallowedHost(msg)
django.core.exceptions.DisallowedHost: Invalid HTTP_HOST header: '51.84.138.91:8085'. You may need to add '51.84.138.91' to ALLOWED_HOSTS.
ERROR 2026-04-13 01:09:57,503 django.security.DisallowedHost Invalid HTTP_HOST header: '51.84.138.91:8085'. You may need to add '51.84.138.91' to ALLOWED_HOSTS.
Traceback (most recent call last):
  File "/home/shebahub/ShebaHub_Backend/venv/lib/python3.12/site-packages/django/core/handlers/exception.py", line 55, in inner
    response = get_response(request)
               ^^^^^^^^^^^^^^^^^^^^^
  File "/home/shebahub/ShebaHub_Backend/venv/lib/python3.12/site-packages/django/utils/deprecation.py", line 133, in __call__
    response = self.process_request(request)
               ^^^^^^^^^^^^^^^^^^^^^^^^^^^^^
  File "/home/shebahub/ShebaHub_Backend/venv/lib/python3.12/site-packages/django/middleware/common.py", line 48, in process_request
    host = request.get_host()
           ^^^^^^^^^^^^^^^^^^
  File "/home/shebahub/ShebaHub_Backend/venv/lib/python3.12/site-packages/django/http/request.py", line 150, in get_host
    raise DisallowedHost(msg)
django.core.exceptions.DisallowedHost: Invalid HTTP_HOST header: '51.84.138.91:8085'. You may need to add '51.84.138.91' to ALLOWED_HOSTS.
ERROR 2026-04-13 02:19:59,348 django.security.DisallowedHost Invalid HTTP_HOST header: '51.84.138.91:8085'. You may need to add '51.84.138.91' to ALLOWED_HOSTS.
Traceback (most recent call last):
  File "/home/shebahub/ShebaHub_Backend/venv/lib/python3.12/site-packages/django/core/handlers/exception.py", line 55, in inner
    response = get_response(request)
               ^^^^^^^^^^^^^^^^^^^^^
  File "/home/shebahub/ShebaHub_Backend/venv/lib/python3.12/site-packages/django/utils/deprecation.py", line 133, in __call__
    response = self.process_request(request)
               ^^^^^^^^^^^^^^^^^^^^^^^^^^^^^
  File "/home/shebahub/ShebaHub_Backend/venv/lib/python3.12/site-packages/django/middleware/common.py", line 48, in process_request
    host = request.get_host()
           ^^^^^^^^^^^^^^^^^^
  File "/home/shebahub/ShebaHub_Backend/venv/lib/python3.12/site-packages/django/http/request.py", line 150, in get_host
    raise DisallowedHost(msg)
django.core.exceptions.DisallowedHost: Invalid HTTP_HOST header: '51.84.138.91:8085'. You may need to add '51.84.138.91' to ALLOWED_HOSTS.
ERROR 2026-04-13 03:57:10,372 django.security.DisallowedHost Invalid HTTP_HOST header: '51.84.138.91:8085'. You may need to add '51.84.138.91' to ALLOWED_HOSTS.
Traceback (most recent call last):
  File "/home/shebahub/ShebaHub_Backend/venv/lib/python3.12/site-packages/django/core/handlers/exception.py", line 55, in inner
    response = get_response(request)
               ^^^^^^^^^^^^^^^^^^^^^
  File "/home/shebahub/ShebaHub_Backend/venv/lib/python3.12/site-packages/django/utils/deprecation.py", line 133, in __call__
    response = self.process_request(request)
               ^^^^^^^^^^^^^^^^^^^^^^^^^^^^^
  File "/home/shebahub/ShebaHub_Backend/venv/lib/python3.12/site-packages/django/middleware/common.py", line 48, in process_request
    host = request.get_host()
           ^^^^^^^^^^^^^^^^^^
  File "/home/shebahub/ShebaHub_Backend/venv/lib/python3.12/site-packages/django/http/request.py", line 150, in get_host
    raise DisallowedHost(msg)
django.core.exceptions.DisallowedHost: Invalid HTTP_HOST header: '51.84.138.91:8085'. You may need to add '51.84.138.91' to ALLOWED_HOSTS.
INFO 2026-04-13 09:29:10,776 audit User logged in successfully: maayangilboa@tau.ac.il
INFO 2026-04-13 17:33:25,940 audit User logged in successfully: gad.segal@sheba.health.gov.il
INFO 2026-04-13 17:34:54,856 audit User registered successfully: lior26s@gmail.com
ERROR 2026-04-13 20:14:32,202 django.security.DisallowedHost Invalid HTTP_HOST header: '51.84.138.91:8085'. You may need to add '51.84.138.91' to ALLOWED_HOSTS.
Traceback (most recent call last):
  File "/home/shebahub/ShebaHub_Backend/venv/lib/python3.12/site-packages/django/core/handlers/exception.py", line 55, in inner
    response = get_response(request)
               ^^^^^^^^^^^^^^^^^^^^^
  File "/home/shebahub/ShebaHub_Backend/venv/lib/python3.12/site-packages/django/utils/deprecation.py", line 133, in __call__
    response = self.process_request(request)
               ^^^^^^^^^^^^^^^^^^^^^^^^^^^^^
  File "/home/shebahub/ShebaHub_Backend/venv/lib/python3.12/site-packages/django/middleware/common.py", line 48, in process_request
    host = request.get_host()
           ^^^^^^^^^^^^^^^^^^
  File "/home/shebahub/ShebaHub_Backend/venv/lib/python3.12/site-packages/django/http/request.py", line 150, in get_host
    raise DisallowedHost(msg)
django.core.exceptions.DisallowedHost: Invalid HTTP_HOST header: '51.84.138.91:8085'. You may need to add '51.84.138.91' to ALLOWED_HOSTS.
ERROR 2026-04-13 21:47:16,208 django.security.DisallowedHost Invalid HTTP_HOST header: '51.84.138.91:8085'. You may need to add '51.84.138.91' to ALLOWED_HOSTS.
Traceback (most recent call last):
  File "/home/shebahub/ShebaHub_Backend/venv/lib/python3.12/site-packages/django/core/handlers/exception.py", line 55, in inner
    response = get_response(request)
               ^^^^^^^^^^^^^^^^^^^^^
  File "/home/shebahub/ShebaHub_Backend/venv/lib/python3.12/site-packages/django/utils/deprecation.py", line 133, in __call__
    response = self.process_request(request)
               ^^^^^^^^^^^^^^^^^^^^^^^^^^^^^
  File "/home/shebahub/ShebaHub_Backend/venv/lib/python3.12/site-packages/django/middleware/common.py", line 48, in process_request
    host = request.get_host()
           ^^^^^^^^^^^^^^^^^^
  File "/home/shebahub/ShebaHub_Backend/venv/lib/python3.12/site-packages/django/http/request.py", line 150, in get_host
    raise DisallowedHost(msg)
django.core.exceptions.DisallowedHost: Invalid HTTP_HOST header: '51.84.138.91:8085'. You may need to add '51.84.138.91' to ALLOWED_HOSTS.
ERROR 2026-04-13 21:47:41,587 django.security.DisallowedHost Invalid HTTP_HOST header: '51.84.138.91:8085'. You may need to add '51.84.138.91' to ALLOWED_HOSTS.
Traceback (most recent call last):
  File "/home/shebahub/ShebaHub_Backend/venv/lib/python3.12/site-packages/django/core/handlers/exception.py", line 55, in inner
    response = get_response(request)
               ^^^^^^^^^^^^^^^^^^^^^
  File "/home/shebahub/ShebaHub_Backend/venv/lib/python3.12/site-packages/django/utils/deprecation.py", line 133, in __call__
    response = self.process_request(request)
               ^^^^^^^^^^^^^^^^^^^^^^^^^^^^^
  File "/home/shebahub/ShebaHub_Backend/venv/lib/python3.12/site-packages/django/middleware/common.py", line 48, in process_request
    host = request.get_host()
           ^^^^^^^^^^^^^^^^^^
  File "/home/shebahub/ShebaHub_Backend/venv/lib/python3.12/site-packages/django/http/request.py", line 150, in get_host
    raise DisallowedHost(msg)
django.core.exceptions.DisallowedHost: Invalid HTTP_HOST header: '51.84.138.91:8085'. You may need to add '51.84.138.91' to ALLOWED_HOSTS.
ERROR 2026-04-13 22:26:49,691 django.security.DisallowedHost Invalid HTTP_HOST header: '51.84.138.91:8085'. You may need to add '51.84.138.91' to ALLOWED_HOSTS.
Traceback (most recent call last):
  File "/home/shebahub/ShebaHub_Backend/venv/lib/python3.12/site-packages/django/core/handlers/exception.py", line 55, in inner
    response = get_response(request)
               ^^^^^^^^^^^^^^^^^^^^^
  File "/home/shebahub/ShebaHub_Backend/venv/lib/python3.12/site-packages/django/utils/deprecation.py", line 133, in __call__
    response = self.process_request(request)
               ^^^^^^^^^^^^^^^^^^^^^^^^^^^^^
  File "/home/shebahub/ShebaHub_Backend/venv/lib/python3.12/site-packages/django/middleware/common.py", line 48, in process_request
    host = request.get_host()
           ^^^^^^^^^^^^^^^^^^
  File "/home/shebahub/ShebaHub_Backend/venv/lib/python3.12/site-packages/django/http/request.py", line 150, in get_host
    raise DisallowedHost(msg)
django.core.exceptions.DisallowedHost: Invalid HTTP_HOST header: '51.84.138.91:8085'. You may need to add '51.84.138.91' to ALLOWED_HOSTS.
ERROR 2026-04-13 22:26:54,983 django.security.DisallowedHost Invalid HTTP_HOST header: '51.84.138.91:8085'. You may need to add '51.84.138.91' to ALLOWED_HOSTS.
Traceback (most recent call last):
  File "/home/shebahub/ShebaHub_Backend/venv/lib/python3.12/site-packages/django/core/handlers/exception.py", line 55, in inner
    response = get_response(request)
               ^^^^^^^^^^^^^^^^^^^^^
  File "/home/shebahub/ShebaHub_Backend/venv/lib/python3.12/site-packages/django/utils/deprecation.py", line 133, in __call__
    response = self.process_request(request)
               ^^^^^^^^^^^^^^^^^^^^^^^^^^^^^
  File "/home/shebahub/ShebaHub_Backend/venv/lib/python3.12/site-packages/django/middleware/common.py", line 48, in process_request
    host = request.get_host()
           ^^^^^^^^^^^^^^^^^^
  File "/home/shebahub/ShebaHub_Backend/venv/lib/python3.12/site-packages/django/http/request.py", line 150, in get_host
    raise DisallowedHost(msg)
django.core.exceptions.DisallowedHost: Invalid HTTP_HOST header: '51.84.138.91:8085'. You may need to add '51.84.138.91' to ALLOWED_HOSTS.
ERROR 2026-04-13 22:27:13,411 django.security.DisallowedHost Invalid HTTP_HOST header: '51.84.138.91:8085'. You may need to add '51.84.138.91' to ALLOWED_HOSTS.
Traceback (most recent call last):
  File "/home/shebahub/ShebaHub_Backend/venv/lib/python3.12/site-packages/django/core/handlers/exception.py", line 55, in inner
    response = get_response(request)
               ^^^^^^^^^^^^^^^^^^^^^
  File "/home/shebahub/ShebaHub_Backend/venv/lib/python3.12/site-packages/django/utils/deprecation.py", line 133, in __call__
    response = self.process_request(request)
               ^^^^^^^^^^^^^^^^^^^^^^^^^^^^^
  File "/home/shebahub/ShebaHub_Backend/venv/lib/python3.12/site-packages/django/middleware/common.py", line 48, in process_request
    host = request.get_host()
           ^^^^^^^^^^^^^^^^^^
  File "/home/shebahub/ShebaHub_Backend/venv/lib/python3.12/site-packages/django/http/request.py", line 150, in get_host
    raise DisallowedHost(msg)
django.core.exceptions.DisallowedHost: Invalid HTTP_HOST header: '51.84.138.91:8085'. You may need to add '51.84.138.91' to ALLOWED_HOSTS.
INFO 2026-04-14 15:13:18,898 audit User logged in successfully: maayangilboa@tau.ac.il
ERROR 2026-04-14 19:43:58,521 django.security.DisallowedHost Invalid HTTP_HOST header: '51.84.138.91:8085'. You may need to add '51.84.138.91' to ALLOWED_HOSTS.
Traceback (most recent call last):
  File "/home/shebahub/ShebaHub_Backend/venv/lib/python3.12/site-packages/django/core/handlers/exception.py", line 55, in inner
    response = get_response(request)
               ^^^^^^^^^^^^^^^^^^^^^
  File "/home/shebahub/ShebaHub_Backend/venv/lib/python3.12/site-packages/django/utils/deprecation.py", line 133, in __call__
    response = self.process_request(request)
               ^^^^^^^^^^^^^^^^^^^^^^^^^^^^^
  File "/home/shebahub/ShebaHub_Backend/venv/lib/python3.12/site-packages/django/middleware/common.py", line 48, in process_request
    host = request.get_host()
           ^^^^^^^^^^^^^^^^^^
  File "/home/shebahub/ShebaHub_Backend/venv/lib/python3.12/site-packages/django/http/request.py", line 150, in get_host
    raise DisallowedHost(msg)
django.core.exceptions.DisallowedHost: Invalid HTTP_HOST header: '51.84.138.91:8085'. You may need to add '51.84.138.91' to ALLOWED_HOSTS.
ERROR 2026-04-14 20:14:50,911 django.security.DisallowedHost Invalid HTTP_HOST header: '51.84.138.91:8085'. You may need to add '51.84.138.91' to ALLOWED_HOSTS.
Traceback (most recent call last):
  File "/home/shebahub/ShebaHub_Backend/venv/lib/python3.12/site-packages/django/core/handlers/exception.py", line 55, in inner
    response = get_response(request)
               ^^^^^^^^^^^^^^^^^^^^^
  File "/home/shebahub/ShebaHub_Backend/venv/lib/python3.12/site-packages/django/utils/deprecation.py", line 133, in __call__
    response = self.process_request(request)
               ^^^^^^^^^^^^^^^^^^^^^^^^^^^^^
  File "/home/shebahub/ShebaHub_Backend/venv/lib/python3.12/site-packages/django/middleware/common.py", line 48, in process_request
    host = request.get_host()
           ^^^^^^^^^^^^^^^^^^
  File "/home/shebahub/ShebaHub_Backend/venv/lib/python3.12/site-packages/django/http/request.py", line 150, in get_host
    raise DisallowedHost(msg)
django.core.exceptions.DisallowedHost: Invalid HTTP_HOST header: '51.84.138.91:8085'. You may need to add '51.84.138.91' to ALLOWED_HOSTS.
ERROR 2026-04-15 09:28:20,924 django.security.DisallowedHost Invalid HTTP_HOST header: '51.84.138.91'. You may need to add '51.84.138.91' to ALLOWED_HOSTS.
Traceback (most recent call last):
  File "/home/shebahub/ShebaHub_Backend/venv/lib/python3.12/site-packages/django/core/handlers/exception.py", line 55, in inner
    response = get_response(request)
               ^^^^^^^^^^^^^^^^^^^^^
  File "/home/shebahub/ShebaHub_Backend/venv/lib/python3.12/site-packages/django/utils/deprecation.py", line 133, in __call__
    response = self.process_request(request)
               ^^^^^^^^^^^^^^^^^^^^^^^^^^^^^
  File "/home/shebahub/ShebaHub_Backend/venv/lib/python3.12/site-packages/django/middleware/common.py", line 48, in process_request
    host = request.get_host()
           ^^^^^^^^^^^^^^^^^^
  File "/home/shebahub/ShebaHub_Backend/venv/lib/python3.12/site-packages/django/http/request.py", line 150, in get_host
    raise DisallowedHost(msg)
django.core.exceptions.DisallowedHost: Invalid HTTP_HOST header: '51.84.138.91'. You may need to add '51.84.138.91' to ALLOWED_HOSTS.
INFO 2026-04-15 15:45:16,710 audit User logged in successfully: roy.vivantee@gmail.com
ERROR 2026-04-15 18:56:55,479 django.security.DisallowedHost Invalid HTTP_HOST header: '51.84.138.91:8085'. You may need to add '51.84.138.91' to ALLOWED_HOSTS.
Traceback (most recent call last):
  File "/home/shebahub/ShebaHub_Backend/venv/lib/python3.12/site-packages/django/core/handlers/exception.py", line 55, in inner
    response = get_response(request)
               ^^^^^^^^^^^^^^^^^^^^^
  File "/home/shebahub/ShebaHub_Backend/venv/lib/python3.12/site-packages/django/utils/deprecation.py", line 133, in __call__
    response = self.process_request(request)
               ^^^^^^^^^^^^^^^^^^^^^^^^^^^^^
  File "/home/shebahub/ShebaHub_Backend/venv/lib/python3.12/site-packages/django/middleware/common.py", line 48, in process_request
    host = request.get_host()
           ^^^^^^^^^^^^^^^^^^
  File "/home/shebahub/ShebaHub_Backend/venv/lib/python3.12/site-packages/django/http/request.py", line 150, in get_host
    raise DisallowedHost(msg)
django.core.exceptions.DisallowedHost: Invalid HTTP_HOST header: '51.84.138.91:8085'. You may need to add '51.84.138.91' to ALLOWED_HOSTS.
ERROR 2026-04-16 01:26:27,471 django.security.DisallowedHost Invalid HTTP_HOST header: '51.84.138.91:8085'. You may need to add '51.84.138.91' to ALLOWED_HOSTS.
Traceback (most recent call last):
  File "/home/shebahub/ShebaHub_Backend/venv/lib/python3.12/site-packages/django/core/handlers/exception.py", line 55, in inner
    response = get_response(request)
               ^^^^^^^^^^^^^^^^^^^^^
  File "/home/shebahub/ShebaHub_Backend/venv/lib/python3.12/site-packages/django/utils/deprecation.py", line 133, in __call__
    response = self.process_request(request)
               ^^^^^^^^^^^^^^^^^^^^^^^^^^^^^
  File "/home/shebahub/ShebaHub_Backend/venv/lib/python3.12/site-packages/django/middleware/common.py", line 48, in process_request
    host = request.get_host()
           ^^^^^^^^^^^^^^^^^^
  File "/home/shebahub/ShebaHub_Backend/venv/lib/python3.12/site-packages/django/http/request.py", line 150, in get_host
    raise DisallowedHost(msg)
django.core.exceptions.DisallowedHost: Invalid HTTP_HOST header: '51.84.138.91:8085'. You may need to add '51.84.138.91' to ALLOWED_HOSTS.
ERROR 2026-04-16 01:26:27,708 django.security.DisallowedHost Invalid HTTP_HOST header: '51.84.138.91:8085'. You may need to add '51.84.138.91' to ALLOWED_HOSTS.
Traceback (most recent call last):
  File "/home/shebahub/ShebaHub_Backend/venv/lib/python3.12/site-packages/django/core/handlers/exception.py", line 55, in inner
    response = get_response(request)
               ^^^^^^^^^^^^^^^^^^^^^
  File "/home/shebahub/ShebaHub_Backend/venv/lib/python3.12/site-packages/django/utils/deprecation.py", line 133, in __call__
    response = self.process_request(request)
               ^^^^^^^^^^^^^^^^^^^^^^^^^^^^^
  File "/home/shebahub/ShebaHub_Backend/venv/lib/python3.12/site-packages/django/middleware/common.py", line 48, in process_request
    host = request.get_host()
           ^^^^^^^^^^^^^^^^^^
  File "/home/shebahub/ShebaHub_Backend/venv/lib/python3.12/site-packages/django/http/request.py", line 150, in get_host
    raise DisallowedHost(msg)
django.core.exceptions.DisallowedHost: Invalid HTTP_HOST header: '51.84.138.91:8085'. You may need to add '51.84.138.91' to ALLOWED_HOSTS.
ERROR 2026-04-16 01:26:27,871 django.security.DisallowedHost Invalid HTTP_HOST header: '51.84.138.91:8085'. You may need to add '51.84.138.91' to ALLOWED_HOSTS.
Traceback (most recent call last):
  File "/home/shebahub/ShebaHub_Backend/venv/lib/python3.12/site-packages/django/core/handlers/exception.py", line 55, in inner
    response = get_response(request)
               ^^^^^^^^^^^^^^^^^^^^^
  File "/home/shebahub/ShebaHub_Backend/venv/lib/python3.12/site-packages/django/utils/deprecation.py", line 133, in __call__
    response = self.process_request(request)
               ^^^^^^^^^^^^^^^^^^^^^^^^^^^^^
  File "/home/shebahub/ShebaHub_Backend/venv/lib/python3.12/site-packages/django/middleware/common.py", line 48, in process_request
    host = request.get_host()
           ^^^^^^^^^^^^^^^^^^
  File "/home/shebahub/ShebaHub_Backend/venv/lib/python3.12/site-packages/django/http/request.py", line 150, in get_host
    raise DisallowedHost(msg)
django.core.exceptions.DisallowedHost: Invalid HTTP_HOST header: '51.84.138.91:8085'. You may need to add '51.84.138.91' to ALLOWED_HOSTS.
ERROR 2026-04-16 01:26:28,036 django.security.DisallowedHost Invalid HTTP_HOST header: '51.84.138.91:8085'. You may need to add '51.84.138.91' to ALLOWED_HOSTS.
Traceback (most recent call last):
  File "/home/shebahub/ShebaHub_Backend/venv/lib/python3.12/site-packages/django/core/handlers/exception.py", line 55, in inner
    response = get_response(request)
               ^^^^^^^^^^^^^^^^^^^^^
  File "/home/shebahub/ShebaHub_Backend/venv/lib/python3.12/site-packages/django/utils/deprecation.py", line 133, in __call__
    response = self.process_request(request)
               ^^^^^^^^^^^^^^^^^^^^^^^^^^^^^
  File "/home/shebahub/ShebaHub_Backend/venv/lib/python3.12/site-packages/django/middleware/common.py", line 48, in process_request
    host = request.get_host()
           ^^^^^^^^^^^^^^^^^^
  File "/home/shebahub/ShebaHub_Backend/venv/lib/python3.12/site-packages/django/http/request.py", line 150, in get_host
    raise DisallowedHost(msg)
django.core.exceptions.DisallowedHost: Invalid HTTP_HOST header: '51.84.138.91:8085'. You may need to add '51.84.138.91' to ALLOWED_HOSTS.
ERROR 2026-04-16 18:08:46,875 django.security.DisallowedHost Invalid HTTP_HOST header: '51.84.138.91:8085'. You may need to add '51.84.138.91' to ALLOWED_HOSTS.
Traceback (most recent call last):
  File "/home/shebahub/ShebaHub_Backend/venv/lib/python3.12/site-packages/django/core/handlers/exception.py", line 55, in inner
    response = get_response(request)
               ^^^^^^^^^^^^^^^^^^^^^
  File "/home/shebahub/ShebaHub_Backend/venv/lib/python3.12/site-packages/django/utils/deprecation.py", line 133, in __call__
    response = self.process_request(request)
               ^^^^^^^^^^^^^^^^^^^^^^^^^^^^^
  File "/home/shebahub/ShebaHub_Backend/venv/lib/python3.12/site-packages/django/middleware/common.py", line 48, in process_request
    host = request.get_host()
           ^^^^^^^^^^^^^^^^^^
  File "/home/shebahub/ShebaHub_Backend/venv/lib/python3.12/site-packages/django/http/request.py", line 150, in get_host
    raise DisallowedHost(msg)
django.core.exceptions.DisallowedHost: Invalid HTTP_HOST header: '51.84.138.91:8085'. You may need to add '51.84.138.91' to ALLOWED_HOSTS.
ERROR 2026-04-16 18:09:05,921 django.security.DisallowedHost Invalid HTTP_HOST header: '51.84.138.91:8085'. You may need to add '51.84.138.91' to ALLOWED_HOSTS.
Traceback (most recent call last):
  File "/home/shebahub/ShebaHub_Backend/venv/lib/python3.12/site-packages/django/core/handlers/exception.py", line 55, in inner
    response = get_response(request)
               ^^^^^^^^^^^^^^^^^^^^^
  File "/home/shebahub/ShebaHub_Backend/venv/lib/python3.12/site-packages/django/utils/deprecation.py", line 133, in __call__
    response = self.process_request(request)
               ^^^^^^^^^^^^^^^^^^^^^^^^^^^^^
  File "/home/shebahub/ShebaHub_Backend/venv/lib/python3.12/site-packages/django/middleware/common.py", line 48, in process_request
    host = request.get_host()
           ^^^^^^^^^^^^^^^^^^
  File "/home/shebahub/ShebaHub_Backend/venv/lib/python3.12/site-packages/django/http/request.py", line 150, in get_host
    raise DisallowedHost(msg)
django.core.exceptions.DisallowedHost: Invalid HTTP_HOST header: '51.84.138.91:8085'. You may need to add '51.84.138.91' to ALLOWED_HOSTS.
ERROR 2026-04-16 18:09:35,943 django.security.DisallowedHost Invalid HTTP_HOST header: '51.84.138.91:8085'. You may need to add '51.84.138.91' to ALLOWED_HOSTS.
Traceback (most recent call last):
  File "/home/shebahub/ShebaHub_Backend/venv/lib/python3.12/site-packages/django/core/handlers/exception.py", line 55, in inner
    response = get_response(request)
               ^^^^^^^^^^^^^^^^^^^^^
  File "/home/shebahub/ShebaHub_Backend/venv/lib/python3.12/site-packages/django/utils/deprecation.py", line 133, in __call__
    response = self.process_request(request)
               ^^^^^^^^^^^^^^^^^^^^^^^^^^^^^
  File "/home/shebahub/ShebaHub_Backend/venv/lib/python3.12/site-packages/django/middleware/common.py", line 48, in process_request
    host = request.get_host()
           ^^^^^^^^^^^^^^^^^^
  File "/home/shebahub/ShebaHub_Backend/venv/lib/python3.12/site-packages/django/http/request.py", line 150, in get_host
    raise DisallowedHost(msg)
django.core.exceptions.DisallowedHost: Invalid HTTP_HOST header: '51.84.138.91:8085'. You may need to add '51.84.138.91' to ALLOWED_HOSTS.
ERROR 2026-04-16 19:48:31,777 django.security.DisallowedHost Invalid HTTP_HOST header: '51.84.138.91:8085'. You may need to add '51.84.138.91' to ALLOWED_HOSTS.
Traceback (most recent call last):
  File "/home/shebahub/ShebaHub_Backend/venv/lib/python3.12/site-packages/django/core/handlers/exception.py", line 55, in inner
    response = get_response(request)
               ^^^^^^^^^^^^^^^^^^^^^
  File "/home/shebahub/ShebaHub_Backend/venv/lib/python3.12/site-packages/django/utils/deprecation.py", line 133, in __call__
    response = self.process_request(request)
               ^^^^^^^^^^^^^^^^^^^^^^^^^^^^^
  File "/home/shebahub/ShebaHub_Backend/venv/lib/python3.12/site-packages/django/middleware/common.py", line 48, in process_request
    host = request.get_host()
           ^^^^^^^^^^^^^^^^^^
  File "/home/shebahub/ShebaHub_Backend/venv/lib/python3.12/site-packages/django/http/request.py", line 150, in get_host
    raise DisallowedHost(msg)
django.core.exceptions.DisallowedHost: Invalid HTTP_HOST header: '51.84.138.91:8085'. You may need to add '51.84.138.91' to ALLOWED_HOSTS.
ERROR 2026-04-17 17:29:03,334 django.security.DisallowedHost Invalid HTTP_HOST header: '51.84.138.91:8085'. You may need to add '51.84.138.91' to ALLOWED_HOSTS.
Traceback (most recent call last):
  File "/home/shebahub/ShebaHub_Backend/venv/lib/python3.12/site-packages/django/core/handlers/exception.py", line 55, in inner
    response = get_response(request)
               ^^^^^^^^^^^^^^^^^^^^^
  File "/home/shebahub/ShebaHub_Backend/venv/lib/python3.12/site-packages/django/utils/deprecation.py", line 133, in __call__
    response = self.process_request(request)
               ^^^^^^^^^^^^^^^^^^^^^^^^^^^^^
  File "/home/shebahub/ShebaHub_Backend/venv/lib/python3.12/site-packages/django/middleware/common.py", line 48, in process_request
    host = request.get_host()
           ^^^^^^^^^^^^^^^^^^
  File "/home/shebahub/ShebaHub_Backend/venv/lib/python3.12/site-packages/django/http/request.py", line 150, in get_host
    raise DisallowedHost(msg)
django.core.exceptions.DisallowedHost: Invalid HTTP_HOST header: '51.84.138.91:8085'. You may need to add '51.84.138.91' to ALLOWED_HOSTS.
ERROR 2026-04-17 17:57:28,985 django.security.DisallowedHost Invalid HTTP_HOST header: '51.84.138.91:8085'. You may need to add '51.84.138.91' to ALLOWED_HOSTS.
Traceback (most recent call last):
  File "/home/shebahub/ShebaHub_Backend/venv/lib/python3.12/site-packages/django/core/handlers/exception.py", line 55, in inner
    response = get_response(request)
               ^^^^^^^^^^^^^^^^^^^^^
  File "/home/shebahub/ShebaHub_Backend/venv/lib/python3.12/site-packages/django/utils/deprecation.py", line 133, in __call__
    response = self.process_request(request)
               ^^^^^^^^^^^^^^^^^^^^^^^^^^^^^
  File "/home/shebahub/ShebaHub_Backend/venv/lib/python3.12/site-packages/django/middleware/common.py", line 48, in process_request
    host = request.get_host()
           ^^^^^^^^^^^^^^^^^^
  File "/home/shebahub/ShebaHub_Backend/venv/lib/python3.12/site-packages/django/http/request.py", line 150, in get_host
    raise DisallowedHost(msg)
django.core.exceptions.DisallowedHost: Invalid HTTP_HOST header: '51.84.138.91:8085'. You may need to add '51.84.138.91' to ALLOWED_HOSTS.
ERROR 2026-04-18 02:23:32,561 django.security.DisallowedHost Invalid HTTP_HOST header: '51.84.138.91:8085'. You may need to add '51.84.138.91' to ALLOWED_HOSTS.
Traceback (most recent call last):
  File "/home/shebahub/ShebaHub_Backend/venv/lib/python3.12/site-packages/django/core/handlers/exception.py", line 55, in inner
    response = get_response(request)
               ^^^^^^^^^^^^^^^^^^^^^
  File "/home/shebahub/ShebaHub_Backend/venv/lib/python3.12/site-packages/django/utils/deprecation.py", line 133, in __call__
    response = self.process_request(request)
               ^^^^^^^^^^^^^^^^^^^^^^^^^^^^^
  File "/home/shebahub/ShebaHub_Backend/venv/lib/python3.12/site-packages/django/middleware/common.py", line 48, in process_request
    host = request.get_host()
           ^^^^^^^^^^^^^^^^^^
  File "/home/shebahub/ShebaHub_Backend/venv/lib/python3.12/site-packages/django/http/request.py", line 150, in get_host
    raise DisallowedHost(msg)
django.core.exceptions.DisallowedHost: Invalid HTTP_HOST header: '51.84.138.91:8085'. You may need to add '51.84.138.91' to ALLOWED_HOSTS.
ERROR 2026-04-18 02:23:36,516 django.security.DisallowedHost Invalid HTTP_HOST header: '51.84.138.91:8085'. You may need to add '51.84.138.91' to ALLOWED_HOSTS.
Traceback (most recent call last):
  File "/home/shebahub/ShebaHub_Backend/venv/lib/python3.12/site-packages/django/core/handlers/exception.py", line 55, in inner
    response = get_response(request)
               ^^^^^^^^^^^^^^^^^^^^^
  File "/home/shebahub/ShebaHub_Backend/venv/lib/python3.12/site-packages/django/utils/deprecation.py", line 133, in __call__
    response = self.process_request(request)
               ^^^^^^^^^^^^^^^^^^^^^^^^^^^^^
  File "/home/shebahub/ShebaHub_Backend/venv/lib/python3.12/site-packages/django/middleware/common.py", line 48, in process_request
    host = request.get_host()
           ^^^^^^^^^^^^^^^^^^
  File "/home/shebahub/ShebaHub_Backend/venv/lib/python3.12/site-packages/django/http/request.py", line 150, in get_host
    raise DisallowedHost(msg)
django.core.exceptions.DisallowedHost: Invalid HTTP_HOST header: '51.84.138.91:8085'. You may need to add '51.84.138.91' to ALLOWED_HOSTS.
ERROR 2026-04-18 02:23:52,137 django.security.DisallowedHost Invalid HTTP_HOST header: '51.84.138.91:8085'. You may need to add '51.84.138.91' to ALLOWED_HOSTS.
Traceback (most recent call last):
  File "/home/shebahub/ShebaHub_Backend/venv/lib/python3.12/site-packages/django/core/handlers/exception.py", line 55, in inner
    response = get_response(request)
               ^^^^^^^^^^^^^^^^^^^^^
  File "/home/shebahub/ShebaHub_Backend/venv/lib/python3.12/site-packages/django/utils/deprecation.py", line 133, in __call__
    response = self.process_request(request)
               ^^^^^^^^^^^^^^^^^^^^^^^^^^^^^
  File "/home/shebahub/ShebaHub_Backend/venv/lib/python3.12/site-packages/django/middleware/common.py", line 48, in process_request
    host = request.get_host()
           ^^^^^^^^^^^^^^^^^^
  File "/home/shebahub/ShebaHub_Backend/venv/lib/python3.12/site-packages/django/http/request.py", line 150, in get_host
    raise DisallowedHost(msg)
django.core.exceptions.DisallowedHost: Invalid HTTP_HOST header: '51.84.138.91:8085'. You may need to add '51.84.138.91' to ALLOWED_HOSTS.
ERROR 2026-04-18 22:24:51,514 django.security.DisallowedHost Invalid HTTP_HOST header: '51.84.138.91:8085'. You may need to add '51.84.138.91' to ALLOWED_HOSTS.
Traceback (most recent call last):
  File "/home/shebahub/ShebaHub_Backend/venv/lib/python3.12/site-packages/django/core/handlers/exception.py", line 55, in inner
    response = get_response(request)
               ^^^^^^^^^^^^^^^^^^^^^
  File "/home/shebahub/ShebaHub_Backend/venv/lib/python3.12/site-packages/django/utils/deprecation.py", line 133, in __call__
    response = self.process_request(request)
               ^^^^^^^^^^^^^^^^^^^^^^^^^^^^^
  File "/home/shebahub/ShebaHub_Backend/venv/lib/python3.12/site-packages/django/middleware/common.py", line 48, in process_request
    host = request.get_host()
           ^^^^^^^^^^^^^^^^^^
  File "/home/shebahub/ShebaHub_Backend/venv/lib/python3.12/site-packages/django/http/request.py", line 150, in get_host
    raise DisallowedHost(msg)
django.core.exceptions.DisallowedHost: Invalid HTTP_HOST header: '51.84.138.91:8085'. You may need to add '51.84.138.91' to ALLOWED_HOSTS.
ERROR 2026-04-19 02:48:17,233 django.security.DisallowedHost Invalid HTTP_HOST header: '51.84.138.91:8085'. You may need to add '51.84.138.91' to ALLOWED_HOSTS.
Traceback (most recent call last):
  File "/home/shebahub/ShebaHub_Backend/venv/lib/python3.12/site-packages/django/core/handlers/exception.py", line 55, in inner
    response = get_response(request)
               ^^^^^^^^^^^^^^^^^^^^^
  File "/home/shebahub/ShebaHub_Backend/venv/lib/python3.12/site-packages/django/utils/deprecation.py", line 133, in __call__
    response = self.process_request(request)
               ^^^^^^^^^^^^^^^^^^^^^^^^^^^^^
  File "/home/shebahub/ShebaHub_Backend/venv/lib/python3.12/site-packages/django/middleware/common.py", line 48, in process_request
    host = request.get_host()
           ^^^^^^^^^^^^^^^^^^
  File "/home/shebahub/ShebaHub_Backend/venv/lib/python3.12/site-packages/django/http/request.py", line 150, in get_host
    raise DisallowedHost(msg)
django.core.exceptions.DisallowedHost: Invalid HTTP_HOST header: '51.84.138.91:8085'. You may need to add '51.84.138.91' to ALLOWED_HOSTS.
ERROR 2026-04-19 02:49:00,732 django.security.DisallowedHost Invalid HTTP_HOST header: '51.84.138.91:8085'. You may need to add '51.84.138.91' to ALLOWED_HOSTS.
Traceback (most recent call last):
  File "/home/shebahub/ShebaHub_Backend/venv/lib/python3.12/site-packages/django/core/handlers/exception.py", line 55, in inner
    response = get_response(request)
               ^^^^^^^^^^^^^^^^^^^^^
  File "/home/shebahub/ShebaHub_Backend/venv/lib/python3.12/site-packages/django/utils/deprecation.py", line 133, in __call__
    response = self.process_request(request)
               ^^^^^^^^^^^^^^^^^^^^^^^^^^^^^
  File "/home/shebahub/ShebaHub_Backend/venv/lib/python3.12/site-packages/django/middleware/common.py", line 48, in process_request
    host = request.get_host()
           ^^^^^^^^^^^^^^^^^^
  File "/home/shebahub/ShebaHub_Backend/venv/lib/python3.12/site-packages/django/http/request.py", line 150, in get_host
    raise DisallowedHost(msg)
django.core.exceptions.DisallowedHost: Invalid HTTP_HOST header: '51.84.138.91:8085'. You may need to add '51.84.138.91' to ALLOWED_HOSTS.
ERROR 2026-04-19 17:46:35,584 django.security.DisallowedHost Invalid HTTP_HOST header: '51.84.138.91:8085'. You may need to add '51.84.138.91' to ALLOWED_HOSTS.
Traceback (most recent call last):
  File "/home/shebahub/ShebaHub_Backend/venv/lib/python3.12/site-packages/django/core/handlers/exception.py", line 55, in inner
    response = get_response(request)
               ^^^^^^^^^^^^^^^^^^^^^
  File "/home/shebahub/ShebaHub_Backend/venv/lib/python3.12/site-packages/django/utils/deprecation.py", line 133, in __call__
    response = self.process_request(request)
               ^^^^^^^^^^^^^^^^^^^^^^^^^^^^^
  File "/home/shebahub/ShebaHub_Backend/venv/lib/python3.12/site-packages/django/middleware/common.py", line 48, in process_request
    host = request.get_host()
           ^^^^^^^^^^^^^^^^^^
  File "/home/shebahub/ShebaHub_Backend/venv/lib/python3.12/site-packages/django/http/request.py", line 150, in get_host
    raise DisallowedHost(msg)
django.core.exceptions.DisallowedHost: Invalid HTTP_HOST header: '51.84.138.91:8085'. You may need to add '51.84.138.91' to ALLOWED_HOSTS.
WARNING 2026-04-19 19:24:06,685 audit Failed login attempt for: maro@gmail.com
WARNING 2026-04-19 19:24:08,509 audit Failed login attempt for: maro@gmail.com
ERROR 2026-04-20 02:47:06,179 django.security.DisallowedHost Invalid HTTP_HOST header: 'mazor.hitheal.org.il:8085'. You may need to add 'mazor.hitheal.org.il' to ALLOWED_HOSTS.
Traceback (most recent call last):
  File "/home/shebahub/ShebaHub_Backend/venv/lib/python3.12/site-packages/django/core/handlers/exception.py", line 55, in inner
    response = get_response(request)
               ^^^^^^^^^^^^^^^^^^^^^
  File "/home/shebahub/ShebaHub_Backend/venv/lib/python3.12/site-packages/django/utils/deprecation.py", line 133, in __call__
    response = self.process_request(request)
               ^^^^^^^^^^^^^^^^^^^^^^^^^^^^^
  File "/home/shebahub/ShebaHub_Backend/venv/lib/python3.12/site-packages/django/middleware/common.py", line 48, in process_request
    host = request.get_host()
           ^^^^^^^^^^^^^^^^^^
  File "/home/shebahub/ShebaHub_Backend/venv/lib/python3.12/site-packages/django/http/request.py", line 150, in get_host
    raise DisallowedHost(msg)
django.core.exceptions.DisallowedHost: Invalid HTTP_HOST header: 'mazor.hitheal.org.il:8085'. You may need to add 'mazor.hitheal.org.il' to ALLOWED_HOSTS.
ERROR 2026-04-20 07:39:52,140 django.security.DisallowedHost Invalid HTTP_HOST header: '51.84.138.91:8085'. You may need to add '51.84.138.91' to ALLOWED_HOSTS.
Traceback (most recent call last):
  File "/home/shebahub/ShebaHub_Backend/venv/lib/python3.12/site-packages/django/core/handlers/exception.py", line 55, in inner
    response = get_response(request)
               ^^^^^^^^^^^^^^^^^^^^^
  File "/home/shebahub/ShebaHub_Backend/venv/lib/python3.12/site-packages/django/utils/deprecation.py", line 133, in __call__
    response = self.process_request(request)
               ^^^^^^^^^^^^^^^^^^^^^^^^^^^^^
  File "/home/shebahub/ShebaHub_Backend/venv/lib/python3.12/site-packages/django/middleware/common.py", line 48, in process_request
    host = request.get_host()
           ^^^^^^^^^^^^^^^^^^
  File "/home/shebahub/ShebaHub_Backend/venv/lib/python3.12/site-packages/django/http/request.py", line 150, in get_host
    raise DisallowedHost(msg)
django.core.exceptions.DisallowedHost: Invalid HTTP_HOST header: '51.84.138.91:8085'. You may need to add '51.84.138.91' to ALLOWED_HOSTS.
ERROR 2026-04-20 07:40:01,973 django.security.DisallowedHost Invalid HTTP_HOST header: '51.84.138.91:8085'. You may need to add '51.84.138.91' to ALLOWED_HOSTS.
Traceback (most recent call last):
  File "/home/shebahub/ShebaHub_Backend/venv/lib/python3.12/site-packages/django/core/handlers/exception.py", line 55, in inner
    response = get_response(request)
               ^^^^^^^^^^^^^^^^^^^^^
  File "/home/shebahub/ShebaHub_Backend/venv/lib/python3.12/site-packages/django/utils/deprecation.py", line 133, in __call__
    response = self.process_request(request)
               ^^^^^^^^^^^^^^^^^^^^^^^^^^^^^
  File "/home/shebahub/ShebaHub_Backend/venv/lib/python3.12/site-packages/django/middleware/common.py", line 48, in process_request
    host = request.get_host()
           ^^^^^^^^^^^^^^^^^^
  File "/home/shebahub/ShebaHub_Backend/venv/lib/python3.12/site-packages/django/http/request.py", line 150, in get_host
    raise DisallowedHost(msg)
django.core.exceptions.DisallowedHost: Invalid HTTP_HOST header: '51.84.138.91:8085'. You may need to add '51.84.138.91' to ALLOWED_HOSTS.
ERROR 2026-04-20 09:57:52,210 django.security.DisallowedHost Invalid HTTP_HOST header: '51.84.138.91:8085'. You may need to add '51.84.138.91' to ALLOWED_HOSTS.
Traceback (most recent call last):
  File "/home/shebahub/ShebaHub_Backend/venv/lib/python3.12/site-packages/django/core/handlers/exception.py", line 55, in inner
    response = get_response(request)
               ^^^^^^^^^^^^^^^^^^^^^
  File "/home/shebahub/ShebaHub_Backend/venv/lib/python3.12/site-packages/django/utils/deprecation.py", line 133, in __call__
    response = self.process_request(request)
               ^^^^^^^^^^^^^^^^^^^^^^^^^^^^^
  File "/home/shebahub/ShebaHub_Backend/venv/lib/python3.12/site-packages/django/middleware/common.py", line 48, in process_request
    host = request.get_host()
           ^^^^^^^^^^^^^^^^^^
  File "/home/shebahub/ShebaHub_Backend/venv/lib/python3.12/site-packages/django/http/request.py", line 150, in get_host
    raise DisallowedHost(msg)
django.core.exceptions.DisallowedHost: Invalid HTTP_HOST header: '51.84.138.91:8085'. You may need to add '51.84.138.91' to ALLOWED_HOSTS.
ERROR 2026-04-20 09:57:52,879 django.security.DisallowedHost Invalid HTTP_HOST header: '51.84.138.91:8085'. You may need to add '51.84.138.91' to ALLOWED_HOSTS.
Traceback (most recent call last):
  File "/home/shebahub/ShebaHub_Backend/venv/lib/python3.12/site-packages/django/core/handlers/exception.py", line 55, in inner
    response = get_response(request)
               ^^^^^^^^^^^^^^^^^^^^^
  File "/home/shebahub/ShebaHub_Backend/venv/lib/python3.12/site-packages/django/utils/deprecation.py", line 133, in __call__
    response = self.process_request(request)
               ^^^^^^^^^^^^^^^^^^^^^^^^^^^^^
  File "/home/shebahub/ShebaHub_Backend/venv/lib/python3.12/site-packages/django/middleware/common.py", line 48, in process_request
    host = request.get_host()
           ^^^^^^^^^^^^^^^^^^
  File "/home/shebahub/ShebaHub_Backend/venv/lib/python3.12/site-packages/django/http/request.py", line 150, in get_host
    raise DisallowedHost(msg)
django.core.exceptions.DisallowedHost: Invalid HTTP_HOST header: '51.84.138.91:8085'. You may need to add '51.84.138.91' to ALLOWED_HOSTS.
ERROR 2026-04-20 19:25:28,894 django.security.DisallowedHost Invalid HTTP_HOST header: '51.84.138.91:8085'. You may need to add '51.84.138.91' to ALLOWED_HOSTS.
Traceback (most recent call last):
  File "/home/shebahub/ShebaHub_Backend/venv/lib/python3.12/site-packages/django/core/handlers/exception.py", line 55, in inner
    response = get_response(request)
               ^^^^^^^^^^^^^^^^^^^^^
  File "/home/shebahub/ShebaHub_Backend/venv/lib/python3.12/site-packages/django/utils/deprecation.py", line 133, in __call__
    response = self.process_request(request)
               ^^^^^^^^^^^^^^^^^^^^^^^^^^^^^
  File "/home/shebahub/ShebaHub_Backend/venv/lib/python3.12/site-packages/django/middleware/common.py", line 48, in process_request
    host = request.get_host()
           ^^^^^^^^^^^^^^^^^^
  File "/home/shebahub/ShebaHub_Backend/venv/lib/python3.12/site-packages/django/http/request.py", line 150, in get_host
    raise DisallowedHost(msg)
django.core.exceptions.DisallowedHost: Invalid HTTP_HOST header: '51.84.138.91:8085'. You may need to add '51.84.138.91' to ALLOWED_HOSTS.
ERROR 2026-04-21 06:27:49,270 django.security.DisallowedHost Invalid HTTP_HOST header: '51.84.138.91:8085'. You may need to add '51.84.138.91' to ALLOWED_HOSTS.
Traceback (most recent call last):
  File "/home/shebahub/ShebaHub_Backend/venv/lib/python3.12/site-packages/django/core/handlers/exception.py", line 55, in inner
    response = get_response(request)
               ^^^^^^^^^^^^^^^^^^^^^
  File "/home/shebahub/ShebaHub_Backend/venv/lib/python3.12/site-packages/django/utils/deprecation.py", line 133, in __call__
    response = self.process_request(request)
               ^^^^^^^^^^^^^^^^^^^^^^^^^^^^^
  File "/home/shebahub/ShebaHub_Backend/venv/lib/python3.12/site-packages/django/middleware/common.py", line 48, in process_request
    host = request.get_host()
           ^^^^^^^^^^^^^^^^^^
  File "/home/shebahub/ShebaHub_Backend/venv/lib/python3.12/site-packages/django/http/request.py", line 150, in get_host
    raise DisallowedHost(msg)
django.core.exceptions.DisallowedHost: Invalid HTTP_HOST header: '51.84.138.91:8085'. You may need to add '51.84.138.91' to ALLOWED_HOSTS.
ERROR 2026-04-21 06:27:50,323 django.security.DisallowedHost Invalid HTTP_HOST header: '51.84.138.91:8085'. You may need to add '51.84.138.91' to ALLOWED_HOSTS.
Traceback (most recent call last):
  File "/home/shebahub/ShebaHub_Backend/venv/lib/python3.12/site-packages/django/core/handlers/exception.py", line 55, in inner
    response = get_response(request)
               ^^^^^^^^^^^^^^^^^^^^^
  File "/home/shebahub/ShebaHub_Backend/venv/lib/python3.12/site-packages/django/utils/deprecation.py", line 133, in __call__
    response = self.process_request(request)
               ^^^^^^^^^^^^^^^^^^^^^^^^^^^^^
  File "/home/shebahub/ShebaHub_Backend/venv/lib/python3.12/site-packages/django/middleware/common.py", line 48, in process_request
    host = request.get_host()
           ^^^^^^^^^^^^^^^^^^
  File "/home/shebahub/ShebaHub_Backend/venv/lib/python3.12/site-packages/django/http/request.py", line 150, in get_host
    raise DisallowedHost(msg)
django.core.exceptions.DisallowedHost: Invalid HTTP_HOST header: '51.84.138.91:8085'. You may need to add '51.84.138.91' to ALLOWED_HOSTS.
ERROR 2026-04-21 06:27:51,275 django.security.DisallowedHost Invalid HTTP_HOST header: '51.84.138.91:8085'. You may need to add '51.84.138.91' to ALLOWED_HOSTS.
Traceback (most recent call last):
  File "/home/shebahub/ShebaHub_Backend/venv/lib/python3.12/site-packages/django/core/handlers/exception.py", line 55, in inner
    response = get_response(request)
               ^^^^^^^^^^^^^^^^^^^^^
  File "/home/shebahub/ShebaHub_Backend/venv/lib/python3.12/site-packages/django/utils/deprecation.py", line 133, in __call__
    response = self.process_request(request)
               ^^^^^^^^^^^^^^^^^^^^^^^^^^^^^
  File "/home/shebahub/ShebaHub_Backend/venv/lib/python3.12/site-packages/django/middleware/common.py", line 48, in process_request
    host = request.get_host()
           ^^^^^^^^^^^^^^^^^^
  File "/home/shebahub/ShebaHub_Backend/venv/lib/python3.12/site-packages/django/http/request.py", line 150, in get_host
    raise DisallowedHost(msg)
django.core.exceptions.DisallowedHost: Invalid HTTP_HOST header: '51.84.138.91:8085'. You may need to add '51.84.138.91' to ALLOWED_HOSTS.
ERROR 2026-04-21 06:27:52,221 django.security.DisallowedHost Invalid HTTP_HOST header: '51.84.138.91:8085'. You may need to add '51.84.138.91' to ALLOWED_HOSTS.
Traceback (most recent call last):
  File "/home/shebahub/ShebaHub_Backend/venv/lib/python3.12/site-packages/django/core/handlers/exception.py", line 55, in inner
    response = get_response(request)
               ^^^^^^^^^^^^^^^^^^^^^
  File "/home/shebahub/ShebaHub_Backend/venv/lib/python3.12/site-packages/django/utils/deprecation.py", line 133, in __call__
    response = self.process_request(request)
               ^^^^^^^^^^^^^^^^^^^^^^^^^^^^^
  File "/home/shebahub/ShebaHub_Backend/venv/lib/python3.12/site-packages/django/middleware/common.py", line 48, in process_request
    host = request.get_host()
           ^^^^^^^^^^^^^^^^^^
  File "/home/shebahub/ShebaHub_Backend/venv/lib/python3.12/site-packages/django/http/request.py", line 150, in get_host
    raise DisallowedHost(msg)
django.core.exceptions.DisallowedHost: Invalid HTTP_HOST header: '51.84.138.91:8085'. You may need to add '51.84.138.91' to ALLOWED_HOSTS.
ERROR 2026-04-21 13:13:49,675 django.security.DisallowedHost Invalid HTTP_HOST header: '51.84.138.91:8085'. You may need to add '51.84.138.91' to ALLOWED_HOSTS.
Traceback (most recent call last):
  File "/home/shebahub/ShebaHub_Backend/venv/lib/python3.12/site-packages/django/core/handlers/exception.py", line 55, in inner
    response = get_response(request)
               ^^^^^^^^^^^^^^^^^^^^^
  File "/home/shebahub/ShebaHub_Backend/venv/lib/python3.12/site-packages/django/utils/deprecation.py", line 133, in __call__
    response = self.process_request(request)
               ^^^^^^^^^^^^^^^^^^^^^^^^^^^^^
  File "/home/shebahub/ShebaHub_Backend/venv/lib/python3.12/site-packages/django/middleware/common.py", line 48, in process_request
    host = request.get_host()
           ^^^^^^^^^^^^^^^^^^
  File "/home/shebahub/ShebaHub_Backend/venv/lib/python3.12/site-packages/django/http/request.py", line 150, in get_host
    raise DisallowedHost(msg)
django.core.exceptions.DisallowedHost: Invalid HTTP_HOST header: '51.84.138.91:8085'. You may need to add '51.84.138.91' to ALLOWED_HOSTS.
ERROR 2026-04-21 13:13:50,612 django.security.DisallowedHost Invalid HTTP_HOST header: '51.84.138.91:8085'. You may need to add '51.84.138.91' to ALLOWED_HOSTS.
Traceback (most recent call last):
  File "/home/shebahub/ShebaHub_Backend/venv/lib/python3.12/site-packages/django/core/handlers/exception.py", line 55, in inner
    response = get_response(request)
               ^^^^^^^^^^^^^^^^^^^^^
  File "/home/shebahub/ShebaHub_Backend/venv/lib/python3.12/site-packages/django/utils/deprecation.py", line 133, in __call__
    response = self.process_request(request)
               ^^^^^^^^^^^^^^^^^^^^^^^^^^^^^
  File "/home/shebahub/ShebaHub_Backend/venv/lib/python3.12/site-packages/django/middleware/common.py", line 48, in process_request
    host = request.get_host()
           ^^^^^^^^^^^^^^^^^^
  File "/home/shebahub/ShebaHub_Backend/venv/lib/python3.12/site-packages/django/http/request.py", line 150, in get_host
    raise DisallowedHost(msg)
django.core.exceptions.DisallowedHost: Invalid HTTP_HOST header: '51.84.138.91:8085'. You may need to add '51.84.138.91' to ALLOWED_HOSTS.
ERROR 2026-04-21 13:13:51,567 django.security.DisallowedHost Invalid HTTP_HOST header: '51.84.138.91:8085'. You may need to add '51.84.138.91' to ALLOWED_HOSTS.
Traceback (most recent call last):
  File "/home/shebahub/ShebaHub_Backend/venv/lib/python3.12/site-packages/django/core/handlers/exception.py", line 55, in inner
    response = get_response(request)
               ^^^^^^^^^^^^^^^^^^^^^
  File "/home/shebahub/ShebaHub_Backend/venv/lib/python3.12/site-packages/django/utils/deprecation.py", line 133, in __call__
    response = self.process_request(request)
               ^^^^^^^^^^^^^^^^^^^^^^^^^^^^^
  File "/home/shebahub/ShebaHub_Backend/venv/lib/python3.12/site-packages/django/middleware/common.py", line 48, in process_request
    host = request.get_host()
           ^^^^^^^^^^^^^^^^^^
  File "/home/shebahub/ShebaHub_Backend/venv/lib/python3.12/site-packages/django/http/request.py", line 150, in get_host
    raise DisallowedHost(msg)
django.core.exceptions.DisallowedHost: Invalid HTTP_HOST header: '51.84.138.91:8085'. You may need to add '51.84.138.91' to ALLOWED_HOSTS.
ERROR 2026-04-21 13:13:52,499 django.security.DisallowedHost Invalid HTTP_HOST header: '51.84.138.91:8085'. You may need to add '51.84.138.91' to ALLOWED_HOSTS.
Traceback (most recent call last):
  File "/home/shebahub/ShebaHub_Backend/venv/lib/python3.12/site-packages/django/core/handlers/exception.py", line 55, in inner
    response = get_response(request)
               ^^^^^^^^^^^^^^^^^^^^^
  File "/home/shebahub/ShebaHub_Backend/venv/lib/python3.12/site-packages/django/utils/deprecation.py", line 133, in __call__
    response = self.process_request(request)
               ^^^^^^^^^^^^^^^^^^^^^^^^^^^^^
  File "/home/shebahub/ShebaHub_Backend/venv/lib/python3.12/site-packages/django/middleware/common.py", line 48, in process_request
    host = request.get_host()
           ^^^^^^^^^^^^^^^^^^
  File "/home/shebahub/ShebaHub_Backend/venv/lib/python3.12/site-packages/django/http/request.py", line 150, in get_host
    raise DisallowedHost(msg)
django.core.exceptions.DisallowedHost: Invalid HTTP_HOST header: '51.84.138.91:8085'. You may need to add '51.84.138.91' to ALLOWED_HOSTS.
ERROR 2026-04-21 16:25:39,462 django.security.DisallowedHost Invalid HTTP_HOST header: '51.84.138.91:8085'. You may need to add '51.84.138.91' to ALLOWED_HOSTS.
Traceback (most recent call last):
  File "/home/shebahub/ShebaHub_Backend/venv/lib/python3.12/site-packages/django/core/handlers/exception.py", line 55, in inner
    response = get_response(request)
               ^^^^^^^^^^^^^^^^^^^^^
  File "/home/shebahub/ShebaHub_Backend/venv/lib/python3.12/site-packages/django/utils/deprecation.py", line 133, in __call__
    response = self.process_request(request)
               ^^^^^^^^^^^^^^^^^^^^^^^^^^^^^
  File "/home/shebahub/ShebaHub_Backend/venv/lib/python3.12/site-packages/django/middleware/common.py", line 48, in process_request
    host = request.get_host()
           ^^^^^^^^^^^^^^^^^^
  File "/home/shebahub/ShebaHub_Backend/venv/lib/python3.12/site-packages/django/http/request.py", line 150, in get_host
    raise DisallowedHost(msg)
django.core.exceptions.DisallowedHost: Invalid HTTP_HOST header: '51.84.138.91:8085'. You may need to add '51.84.138.91' to ALLOWED_HOSTS.
ERROR 2026-04-21 16:25:51,016 django.security.DisallowedHost Invalid HTTP_HOST header: '51.84.138.91:8085'. You may need to add '51.84.138.91' to ALLOWED_HOSTS.
Traceback (most recent call last):
  File "/home/shebahub/ShebaHub_Backend/venv/lib/python3.12/site-packages/django/core/handlers/exception.py", line 55, in inner
    response = get_response(request)
               ^^^^^^^^^^^^^^^^^^^^^
  File "/home/shebahub/ShebaHub_Backend/venv/lib/python3.12/site-packages/django/utils/deprecation.py", line 133, in __call__
    response = self.process_request(request)
               ^^^^^^^^^^^^^^^^^^^^^^^^^^^^^
  File "/home/shebahub/ShebaHub_Backend/venv/lib/python3.12/site-packages/django/middleware/common.py", line 48, in process_request
    host = request.get_host()
           ^^^^^^^^^^^^^^^^^^
  File "/home/shebahub/ShebaHub_Backend/venv/lib/python3.12/site-packages/django/http/request.py", line 150, in get_host
    raise DisallowedHost(msg)
django.core.exceptions.DisallowedHost: Invalid HTTP_HOST header: '51.84.138.91:8085'. You may need to add '51.84.138.91' to ALLOWED_HOSTS.
ERROR 2026-04-21 18:50:01,207 django.security.DisallowedHost Invalid HTTP_HOST header: '51.84.138.91:8085'. You may need to add '51.84.138.91' to ALLOWED_HOSTS.
Traceback (most recent call last):
  File "/home/shebahub/ShebaHub_Backend/venv/lib/python3.12/site-packages/django/core/handlers/exception.py", line 55, in inner
    response = get_response(request)
               ^^^^^^^^^^^^^^^^^^^^^
  File "/home/shebahub/ShebaHub_Backend/venv/lib/python3.12/site-packages/django/utils/deprecation.py", line 133, in __call__
    response = self.process_request(request)
               ^^^^^^^^^^^^^^^^^^^^^^^^^^^^^
  File "/home/shebahub/ShebaHub_Backend/venv/lib/python3.12/site-packages/django/middleware/common.py", line 48, in process_request
    host = request.get_host()
           ^^^^^^^^^^^^^^^^^^
  File "/home/shebahub/ShebaHub_Backend/venv/lib/python3.12/site-packages/django/http/request.py", line 150, in get_host
    raise DisallowedHost(msg)
django.core.exceptions.DisallowedHost: Invalid HTTP_HOST header: '51.84.138.91:8085'. You may need to add '51.84.138.91' to ALLOWED_HOSTS.
ERROR 2026-04-21 19:28:31,927 django.security.DisallowedHost Invalid HTTP_HOST header: '51.84.138.91:8085'. You may need to add '51.84.138.91' to ALLOWED_HOSTS.
Traceback (most recent call last):
  File "/home/shebahub/ShebaHub_Backend/venv/lib/python3.12/site-packages/django/core/handlers/exception.py", line 55, in inner
    response = get_response(request)
               ^^^^^^^^^^^^^^^^^^^^^
  File "/home/shebahub/ShebaHub_Backend/venv/lib/python3.12/site-packages/django/utils/deprecation.py", line 133, in __call__
    response = self.process_request(request)
               ^^^^^^^^^^^^^^^^^^^^^^^^^^^^^
  File "/home/shebahub/ShebaHub_Backend/venv/lib/python3.12/site-packages/django/middleware/common.py", line 48, in process_request
    host = request.get_host()
           ^^^^^^^^^^^^^^^^^^
  File "/home/shebahub/ShebaHub_Backend/venv/lib/python3.12/site-packages/django/http/request.py", line 150, in get_host
    raise DisallowedHost(msg)
django.core.exceptions.DisallowedHost: Invalid HTTP_HOST header: '51.84.138.91:8085'. You may need to add '51.84.138.91' to ALLOWED_HOSTS.
ERROR 2026-04-21 22:28:38,442 django.security.DisallowedHost Invalid HTTP_HOST header: '51.84.138.91'. You may need to add '51.84.138.91' to ALLOWED_HOSTS.
Traceback (most recent call last):
  File "/home/shebahub/ShebaHub_Backend/venv/lib/python3.12/site-packages/django/core/handlers/exception.py", line 55, in inner
    response = get_response(request)
               ^^^^^^^^^^^^^^^^^^^^^
  File "/home/shebahub/ShebaHub_Backend/venv/lib/python3.12/site-packages/django/utils/deprecation.py", line 133, in __call__
    response = self.process_request(request)
               ^^^^^^^^^^^^^^^^^^^^^^^^^^^^^
  File "/home/shebahub/ShebaHub_Backend/venv/lib/python3.12/site-packages/django/middleware/common.py", line 48, in process_request
    host = request.get_host()
           ^^^^^^^^^^^^^^^^^^
  File "/home/shebahub/ShebaHub_Backend/venv/lib/python3.12/site-packages/django/http/request.py", line 150, in get_host
    raise DisallowedHost(msg)
django.core.exceptions.DisallowedHost: Invalid HTTP_HOST header: '51.84.138.91'. You may need to add '51.84.138.91' to ALLOWED_HOSTS.
ERROR 2026-04-21 22:28:40,212 django.security.DisallowedHost Invalid HTTP_HOST header: '51.84.138.91'. You may need to add '51.84.138.91' to ALLOWED_HOSTS.
Traceback (most recent call last):
  File "/home/shebahub/ShebaHub_Backend/venv/lib/python3.12/site-packages/django/core/handlers/exception.py", line 55, in inner
    response = get_response(request)
               ^^^^^^^^^^^^^^^^^^^^^
  File "/home/shebahub/ShebaHub_Backend/venv/lib/python3.12/site-packages/django/utils/deprecation.py", line 133, in __call__
    response = self.process_request(request)
               ^^^^^^^^^^^^^^^^^^^^^^^^^^^^^
  File "/home/shebahub/ShebaHub_Backend/venv/lib/python3.12/site-packages/django/middleware/common.py", line 48, in process_request
    host = request.get_host()
           ^^^^^^^^^^^^^^^^^^
  File "/home/shebahub/ShebaHub_Backend/venv/lib/python3.12/site-packages/django/http/request.py", line 150, in get_host
    raise DisallowedHost(msg)
django.core.exceptions.DisallowedHost: Invalid HTTP_HOST header: '51.84.138.91'. You may need to add '51.84.138.91' to ALLOWED_HOSTS.
ERROR 2026-04-22 00:42:24,990 django.security.DisallowedHost Invalid HTTP_HOST header: '51.84.138.91:8085'. You may need to add '51.84.138.91' to ALLOWED_HOSTS.
Traceback (most recent call last):
  File "/home/shebahub/ShebaHub_Backend/venv/lib/python3.12/site-packages/django/core/handlers/exception.py", line 55, in inner
    response = get_response(request)
               ^^^^^^^^^^^^^^^^^^^^^
  File "/home/shebahub/ShebaHub_Backend/venv/lib/python3.12/site-packages/django/utils/deprecation.py", line 133, in __call__
    response = self.process_request(request)
               ^^^^^^^^^^^^^^^^^^^^^^^^^^^^^
  File "/home/shebahub/ShebaHub_Backend/venv/lib/python3.12/site-packages/django/middleware/common.py", line 48, in process_request
    host = request.get_host()
           ^^^^^^^^^^^^^^^^^^
  File "/home/shebahub/ShebaHub_Backend/venv/lib/python3.12/site-packages/django/http/request.py", line 150, in get_host
    raise DisallowedHost(msg)
django.core.exceptions.DisallowedHost: Invalid HTTP_HOST header: '51.84.138.91:8085'. You may need to add '51.84.138.91' to ALLOWED_HOSTS.
ERROR 2026-04-22 00:42:25,840 django.security.DisallowedHost Invalid HTTP_HOST header: '51.84.138.91:8085'. You may need to add '51.84.138.91' to ALLOWED_HOSTS.
Traceback (most recent call last):
  File "/home/shebahub/ShebaHub_Backend/venv/lib/python3.12/site-packages/django/core/handlers/exception.py", line 55, in inner
    response = get_response(request)
               ^^^^^^^^^^^^^^^^^^^^^
  File "/home/shebahub/ShebaHub_Backend/venv/lib/python3.12/site-packages/django/utils/deprecation.py", line 133, in __call__
    response = self.process_request(request)
               ^^^^^^^^^^^^^^^^^^^^^^^^^^^^^
  File "/home/shebahub/ShebaHub_Backend/venv/lib/python3.12/site-packages/django/middleware/common.py", line 48, in process_request
    host = request.get_host()
           ^^^^^^^^^^^^^^^^^^
  File "/home/shebahub/ShebaHub_Backend/venv/lib/python3.12/site-packages/django/http/request.py", line 150, in get_host
    raise DisallowedHost(msg)
django.core.exceptions.DisallowedHost: Invalid HTTP_HOST header: '51.84.138.91:8085'. You may need to add '51.84.138.91' to ALLOWED_HOSTS.
ERROR 2026-04-22 00:42:26,598 django.security.DisallowedHost Invalid HTTP_HOST header: '51.84.138.91:8085'. You may need to add '51.84.138.91' to ALLOWED_HOSTS.
Traceback (most recent call last):
  File "/home/shebahub/ShebaHub_Backend/venv/lib/python3.12/site-packages/django/core/handlers/exception.py", line 55, in inner
    response = get_response(request)
               ^^^^^^^^^^^^^^^^^^^^^
  File "/home/shebahub/ShebaHub_Backend/venv/lib/python3.12/site-packages/django/utils/deprecation.py", line 133, in __call__
    response = self.process_request(request)
               ^^^^^^^^^^^^^^^^^^^^^^^^^^^^^
  File "/home/shebahub/ShebaHub_Backend/venv/lib/python3.12/site-packages/django/middleware/common.py", line 48, in process_request
    host = request.get_host()
           ^^^^^^^^^^^^^^^^^^
  File "/home/shebahub/ShebaHub_Backend/venv/lib/python3.12/site-packages/django/http/request.py", line 150, in get_host
    raise DisallowedHost(msg)
django.core.exceptions.DisallowedHost: Invalid HTTP_HOST header: '51.84.138.91:8085'. You may need to add '51.84.138.91' to ALLOWED_HOSTS.
ERROR 2026-04-22 00:42:27,345 django.security.DisallowedHost Invalid HTTP_HOST header: '51.84.138.91:8085'. You may need to add '51.84.138.91' to ALLOWED_HOSTS.
Traceback (most recent call last):
  File "/home/shebahub/ShebaHub_Backend/venv/lib/python3.12/site-packages/django/core/handlers/exception.py", line 55, in inner
    response = get_response(request)
               ^^^^^^^^^^^^^^^^^^^^^
  File "/home/shebahub/ShebaHub_Backend/venv/lib/python3.12/site-packages/django/utils/deprecation.py", line 133, in __call__
    response = self.process_request(request)
               ^^^^^^^^^^^^^^^^^^^^^^^^^^^^^
  File "/home/shebahub/ShebaHub_Backend/venv/lib/python3.12/site-packages/django/middleware/common.py", line 48, in process_request
    host = request.get_host()
           ^^^^^^^^^^^^^^^^^^
  File "/home/shebahub/ShebaHub_Backend/venv/lib/python3.12/site-packages/django/http/request.py", line 150, in get_host
    raise DisallowedHost(msg)
django.core.exceptions.DisallowedHost: Invalid HTTP_HOST header: '51.84.138.91:8085'. You may need to add '51.84.138.91' to ALLOWED_HOSTS.
ERROR 2026-04-22 04:27:23,102 django.security.DisallowedHost Invalid HTTP_HOST header: '51.84.138.91:8085'. You may need to add '51.84.138.91' to ALLOWED_HOSTS.
Traceback (most recent call last):
  File "/home/shebahub/ShebaHub_Backend/venv/lib/python3.12/site-packages/django/core/handlers/exception.py", line 55, in inner
    response = get_response(request)
               ^^^^^^^^^^^^^^^^^^^^^
  File "/home/shebahub/ShebaHub_Backend/venv/lib/python3.12/site-packages/django/utils/deprecation.py", line 133, in __call__
    response = self.process_request(request)
               ^^^^^^^^^^^^^^^^^^^^^^^^^^^^^
  File "/home/shebahub/ShebaHub_Backend/venv/lib/python3.12/site-packages/django/middleware/common.py", line 48, in process_request
    host = request.get_host()
           ^^^^^^^^^^^^^^^^^^
  File "/home/shebahub/ShebaHub_Backend/venv/lib/python3.12/site-packages/django/http/request.py", line 150, in get_host
    raise DisallowedHost(msg)
django.core.exceptions.DisallowedHost: Invalid HTTP_HOST header: '51.84.138.91:8085'. You may need to add '51.84.138.91' to ALLOWED_HOSTS.
ERROR 2026-04-22 04:27:33,230 django.security.DisallowedHost Invalid HTTP_HOST header: '51.84.138.91:8085'. You may need to add '51.84.138.91' to ALLOWED_HOSTS.
Traceback (most recent call last):
  File "/home/shebahub/ShebaHub_Backend/venv/lib/python3.12/site-packages/django/core/handlers/exception.py", line 55, in inner
    response = get_response(request)
               ^^^^^^^^^^^^^^^^^^^^^
  File "/home/shebahub/ShebaHub_Backend/venv/lib/python3.12/site-packages/django/utils/deprecation.py", line 133, in __call__
    response = self.process_request(request)
               ^^^^^^^^^^^^^^^^^^^^^^^^^^^^^
  File "/home/shebahub/ShebaHub_Backend/venv/lib/python3.12/site-packages/django/middleware/common.py", line 48, in process_request
    host = request.get_host()
           ^^^^^^^^^^^^^^^^^^
  File "/home/shebahub/ShebaHub_Backend/venv/lib/python3.12/site-packages/django/http/request.py", line 150, in get_host
    raise DisallowedHost(msg)
django.core.exceptions.DisallowedHost: Invalid HTTP_HOST header: '51.84.138.91:8085'. You may need to add '51.84.138.91' to ALLOWED_HOSTS.
ERROR 2026-04-22 04:29:56,170 django.security.DisallowedHost Invalid HTTP_HOST header: '51.84.138.91:8085'. You may need to add '51.84.138.91' to ALLOWED_HOSTS.
Traceback (most recent call last):
  File "/home/shebahub/ShebaHub_Backend/venv/lib/python3.12/site-packages/django/core/handlers/exception.py", line 55, in inner
    response = get_response(request)
               ^^^^^^^^^^^^^^^^^^^^^
  File "/home/shebahub/ShebaHub_Backend/venv/lib/python3.12/site-packages/django/utils/deprecation.py", line 133, in __call__
    response = self.process_request(request)
               ^^^^^^^^^^^^^^^^^^^^^^^^^^^^^
  File "/home/shebahub/ShebaHub_Backend/venv/lib/python3.12/site-packages/django/middleware/common.py", line 48, in process_request
    host = request.get_host()
           ^^^^^^^^^^^^^^^^^^
  File "/home/shebahub/ShebaHub_Backend/venv/lib/python3.12/site-packages/django/http/request.py", line 150, in get_host
    raise DisallowedHost(msg)
django.core.exceptions.DisallowedHost: Invalid HTTP_HOST header: '51.84.138.91:8085'. You may need to add '51.84.138.91' to ALLOWED_HOSTS.
ERROR 2026-04-22 17:05:39,909 django.security.DisallowedHost Invalid HTTP_HOST header: '51.84.138.91:8085'. You may need to add '51.84.138.91' to ALLOWED_HOSTS.
Traceback (most recent call last):
  File "/home/shebahub/ShebaHub_Backend/venv/lib/python3.12/site-packages/django/core/handlers/exception.py", line 55, in inner
    response = get_response(request)
               ^^^^^^^^^^^^^^^^^^^^^
  File "/home/shebahub/ShebaHub_Backend/venv/lib/python3.12/site-packages/django/utils/deprecation.py", line 133, in __call__
    response = self.process_request(request)
               ^^^^^^^^^^^^^^^^^^^^^^^^^^^^^
  File "/home/shebahub/ShebaHub_Backend/venv/lib/python3.12/site-packages/django/middleware/common.py", line 48, in process_request
    host = request.get_host()
           ^^^^^^^^^^^^^^^^^^
  File "/home/shebahub/ShebaHub_Backend/venv/lib/python3.12/site-packages/django/http/request.py", line 150, in get_host
    raise DisallowedHost(msg)
django.core.exceptions.DisallowedHost: Invalid HTTP_HOST header: '51.84.138.91:8085'. You may need to add '51.84.138.91' to ALLOWED_HOSTS.
ERROR 2026-04-23 04:50:46,458 django.security.DisallowedHost Invalid HTTP_HOST header: '51.84.138.91:8085'. You may need to add '51.84.138.91' to ALLOWED_HOSTS.
Traceback (most recent call last):
  File "/home/shebahub/ShebaHub_Backend/venv/lib/python3.12/site-packages/django/core/handlers/exception.py", line 55, in inner
    response = get_response(request)
               ^^^^^^^^^^^^^^^^^^^^^
  File "/home/shebahub/ShebaHub_Backend/venv/lib/python3.12/site-packages/django/utils/deprecation.py", line 133, in __call__
    response = self.process_request(request)
               ^^^^^^^^^^^^^^^^^^^^^^^^^^^^^
  File "/home/shebahub/ShebaHub_Backend/venv/lib/python3.12/site-packages/django/middleware/common.py", line 48, in process_request
    host = request.get_host()
           ^^^^^^^^^^^^^^^^^^
  File "/home/shebahub/ShebaHub_Backend/venv/lib/python3.12/site-packages/django/http/request.py", line 150, in get_host
    raise DisallowedHost(msg)
django.core.exceptions.DisallowedHost: Invalid HTTP_HOST header: '51.84.138.91:8085'. You may need to add '51.84.138.91' to ALLOWED_HOSTS.
ERROR 2026-04-23 04:52:45,696 django.security.DisallowedHost Invalid HTTP_HOST header: '51.84.138.91:8085'. You may need to add '51.84.138.91' to ALLOWED_HOSTS.
Traceback (most recent call last):
  File "/home/shebahub/ShebaHub_Backend/venv/lib/python3.12/site-packages/django/core/handlers/exception.py", line 55, in inner
    response = get_response(request)
               ^^^^^^^^^^^^^^^^^^^^^
  File "/home/shebahub/ShebaHub_Backend/venv/lib/python3.12/site-packages/django/utils/deprecation.py", line 133, in __call__
    response = self.process_request(request)
               ^^^^^^^^^^^^^^^^^^^^^^^^^^^^^
  File "/home/shebahub/ShebaHub_Backend/venv/lib/python3.12/site-packages/django/middleware/common.py", line 48, in process_request
    host = request.get_host()
           ^^^^^^^^^^^^^^^^^^
  File "/home/shebahub/ShebaHub_Backend/venv/lib/python3.12/site-packages/django/http/request.py", line 150, in get_host
    raise DisallowedHost(msg)
django.core.exceptions.DisallowedHost: Invalid HTTP_HOST header: '51.84.138.91:8085'. You may need to add '51.84.138.91' to ALLOWED_HOSTS.
INFO 2026-04-23 06:52:51,386 audit User registered successfully: alon.levy14@gmail.com
INFO 2026-04-23 06:53:56,594 audit Mentor profile created: alon.levy14@gmail.com
INFO 2026-04-23 06:56:29,023 audit Email verified: alon.levy14@gmail.com
INFO 2026-04-23 07:52:59,548 audit Email verified: alon.levy14@gmail.com
INFO 2026-04-23 08:08:10,228 audit Email verified: alon.levy14@gmail.com
INFO 2026-04-23 11:18:27,506 audit User registered successfully: idoyofe@gmail.com
INFO 2026-04-23 11:26:18,261 audit Mentor profile created: idoyofe@gmail.com
INFO 2026-04-23 11:27:18,916 audit Email verified: idoyofe@gmail.com
INFO 2026-04-23 11:27:30,986 audit Email verified: idoyofe@gmail.com
INFO 2026-04-23 11:28:03,871 audit Mentor profile updated: idoyofe@gmail.com
INFO 2026-04-23 11:28:03,948 audit Mentor avatar uploaded: idoyofe@gmail.com
WARNING 2026-04-23 12:50:39,317 audit Failed env-admin login attempt
WARNING 2026-04-23 12:50:39,323 audit Failed login attempt for: admin@sheba.com
WARNING 2026-04-23 12:51:07,914 audit Failed env-admin login attempt
WARNING 2026-04-23 12:51:07,919 audit Failed login attempt for: admin@sheba.com
INFO 2026-04-23 13:01:05,440 audit User logged in successfully: admin@sheba.com
ERROR 2026-04-23 13:24:21,643 django.security.DisallowedHost Invalid HTTP_HOST header: '51.84.138.91:8085'. You may need to add '51.84.138.91' to ALLOWED_HOSTS.
Traceback (most recent call last):
  File "/home/shebahub/ShebaHub_Backend/venv/lib/python3.12/site-packages/django/core/handlers/exception.py", line 55, in inner
    response = get_response(request)
               ^^^^^^^^^^^^^^^^^^^^^
  File "/home/shebahub/ShebaHub_Backend/venv/lib/python3.12/site-packages/django/utils/deprecation.py", line 133, in __call__
    response = self.process_request(request)
               ^^^^^^^^^^^^^^^^^^^^^^^^^^^^^
  File "/home/shebahub/ShebaHub_Backend/venv/lib/python3.12/site-packages/django/middleware/common.py", line 48, in process_request
    host = request.get_host()
           ^^^^^^^^^^^^^^^^^^
  File "/home/shebahub/ShebaHub_Backend/venv/lib/python3.12/site-packages/django/http/request.py", line 150, in get_host
    raise DisallowedHost(msg)
django.core.exceptions.DisallowedHost: Invalid HTTP_HOST header: '51.84.138.91:8085'. You may need to add '51.84.138.91' to ALLOWED_HOSTS.
ERROR 2026-04-23 13:24:22,363 django.security.DisallowedHost Invalid HTTP_HOST header: '51.84.138.91:8085'. You may need to add '51.84.138.91' to ALLOWED_HOSTS.
Traceback (most recent call last):
  File "/home/shebahub/ShebaHub_Backend/venv/lib/python3.12/site-packages/django/core/handlers/exception.py", line 55, in inner
    response = get_response(request)
               ^^^^^^^^^^^^^^^^^^^^^
  File "/home/shebahub/ShebaHub_Backend/venv/lib/python3.12/site-packages/django/utils/deprecation.py", line 133, in __call__
    response = self.process_request(request)
               ^^^^^^^^^^^^^^^^^^^^^^^^^^^^^
  File "/home/shebahub/ShebaHub_Backend/venv/lib/python3.12/site-packages/django/middleware/common.py", line 48, in process_request
    host = request.get_host()
           ^^^^^^^^^^^^^^^^^^
  File "/home/shebahub/ShebaHub_Backend/venv/lib/python3.12/site-packages/django/http/request.py", line 150, in get_host
    raise DisallowedHost(msg)
django.core.exceptions.DisallowedHost: Invalid HTTP_HOST header: '51.84.138.91:8085'. You may need to add '51.84.138.91' to ALLOWED_HOSTS.
ERROR 2026-04-23 13:24:23,051 django.security.DisallowedHost Invalid HTTP_HOST header: '51.84.138.91:8085'. You may need to add '51.84.138.91' to ALLOWED_HOSTS.
Traceback (most recent call last):
  File "/home/shebahub/ShebaHub_Backend/venv/lib/python3.12/site-packages/django/core/handlers/exception.py", line 55, in inner
    response = get_response(request)
               ^^^^^^^^^^^^^^^^^^^^^
  File "/home/shebahub/ShebaHub_Backend/venv/lib/python3.12/site-packages/django/utils/deprecation.py", line 133, in __call__
    response = self.process_request(request)
               ^^^^^^^^^^^^^^^^^^^^^^^^^^^^^
  File "/home/shebahub/ShebaHub_Backend/venv/lib/python3.12/site-packages/django/middleware/common.py", line 48, in process_request
    host = request.get_host()
           ^^^^^^^^^^^^^^^^^^
  File "/home/shebahub/ShebaHub_Backend/venv/lib/python3.12/site-packages/django/http/request.py", line 150, in get_host
    raise DisallowedHost(msg)
django.core.exceptions.DisallowedHost: Invalid HTTP_HOST header: '51.84.138.91:8085'. You may need to add '51.84.138.91' to ALLOWED_HOSTS.
ERROR 2026-04-23 13:24:23,741 django.security.DisallowedHost Invalid HTTP_HOST header: '51.84.138.91:8085'. You may need to add '51.84.138.91' to ALLOWED_HOSTS.
Traceback (most recent call last):
  File "/home/shebahub/ShebaHub_Backend/venv/lib/python3.12/site-packages/django/core/handlers/exception.py", line 55, in inner
    response = get_response(request)
               ^^^^^^^^^^^^^^^^^^^^^
  File "/home/shebahub/ShebaHub_Backend/venv/lib/python3.12/site-packages/django/utils/deprecation.py", line 133, in __call__
    response = self.process_request(request)
               ^^^^^^^^^^^^^^^^^^^^^^^^^^^^^
  File "/home/shebahub/ShebaHub_Backend/venv/lib/python3.12/site-packages/django/middleware/common.py", line 48, in process_request
    host = request.get_host()
           ^^^^^^^^^^^^^^^^^^
  File "/home/shebahub/ShebaHub_Backend/venv/lib/python3.12/site-packages/django/http/request.py", line 150, in get_host
    raise DisallowedHost(msg)
django.core.exceptions.DisallowedHost: Invalid HTTP_HOST header: '51.84.138.91:8085'. You may need to add '51.84.138.91' to ALLOWED_HOSTS.
ERROR 2026-04-23 16:21:02,068 django.security.DisallowedHost Invalid HTTP_HOST header: '51.84.138.91:8085'. You may need to add '51.84.138.91' to ALLOWED_HOSTS.
Traceback (most recent call last):
  File "/home/shebahub/ShebaHub_Backend/venv/lib/python3.12/site-packages/django/core/handlers/exception.py", line 55, in inner
    response = get_response(request)
               ^^^^^^^^^^^^^^^^^^^^^
  File "/home/shebahub/ShebaHub_Backend/venv/lib/python3.12/site-packages/django/utils/deprecation.py", line 133, in __call__
    response = self.process_request(request)
               ^^^^^^^^^^^^^^^^^^^^^^^^^^^^^
  File "/home/shebahub/ShebaHub_Backend/venv/lib/python3.12/site-packages/django/middleware/common.py", line 48, in process_request
    host = request.get_host()
           ^^^^^^^^^^^^^^^^^^
  File "/home/shebahub/ShebaHub_Backend/venv/lib/python3.12/site-packages/django/http/request.py", line 150, in get_host
    raise DisallowedHost(msg)
django.core.exceptions.DisallowedHost: Invalid HTTP_HOST header: '51.84.138.91:8085'. You may need to add '51.84.138.91' to ALLOWED_HOSTS.
INFO 2026-04-23 16:56:46,377 audit Email verified: alon.levy14@gmail.com
INFO 2026-04-23 17:22:41,393 audit User registered successfully: chani.stossel@sheba.health.gov.il
ERROR 2026-04-24 01:35:18,602 django.security.DisallowedHost Invalid HTTP_HOST header: '51.84.138.91:8085'. You may need to add '51.84.138.91' to ALLOWED_HOSTS.
Traceback (most recent call last):
  File "/home/shebahub/ShebaHub_Backend/venv/lib/python3.12/site-packages/django/core/handlers/exception.py", line 55, in inner
    response = get_response(request)
               ^^^^^^^^^^^^^^^^^^^^^
  File "/home/shebahub/ShebaHub_Backend/venv/lib/python3.12/site-packages/django/utils/deprecation.py", line 133, in __call__
    response = self.process_request(request)
               ^^^^^^^^^^^^^^^^^^^^^^^^^^^^^
  File "/home/shebahub/ShebaHub_Backend/venv/lib/python3.12/site-packages/django/middleware/common.py", line 48, in process_request
    host = request.get_host()
           ^^^^^^^^^^^^^^^^^^
  File "/home/shebahub/ShebaHub_Backend/venv/lib/python3.12/site-packages/django/http/request.py", line 150, in get_host
    raise DisallowedHost(msg)
django.core.exceptions.DisallowedHost: Invalid HTTP_HOST header: '51.84.138.91:8085'. You may need to add '51.84.138.91' to ALLOWED_HOSTS.
ERROR 2026-04-24 01:35:19,417 django.security.DisallowedHost Invalid HTTP_HOST header: '51.84.138.91:8085'. You may need to add '51.84.138.91' to ALLOWED_HOSTS.
Traceback (most recent call last):
  File "/home/shebahub/ShebaHub_Backend/venv/lib/python3.12/site-packages/django/core/handlers/exception.py", line 55, in inner
    response = get_response(request)
               ^^^^^^^^^^^^^^^^^^^^^
  File "/home/shebahub/ShebaHub_Backend/venv/lib/python3.12/site-packages/django/utils/deprecation.py", line 133, in __call__
    response = self.process_request(request)
               ^^^^^^^^^^^^^^^^^^^^^^^^^^^^^
  File "/home/shebahub/ShebaHub_Backend/venv/lib/python3.12/site-packages/django/middleware/common.py", line 48, in process_request
    host = request.get_host()
           ^^^^^^^^^^^^^^^^^^
  File "/home/shebahub/ShebaHub_Backend/venv/lib/python3.12/site-packages/django/http/request.py", line 150, in get_host
    raise DisallowedHost(msg)
django.core.exceptions.DisallowedHost: Invalid HTTP_HOST header: '51.84.138.91:8085'. You may need to add '51.84.138.91' to ALLOWED_HOSTS.
ERROR 2026-04-24 01:35:20,114 django.security.DisallowedHost Invalid HTTP_HOST header: '51.84.138.91:8085'. You may need to add '51.84.138.91' to ALLOWED_HOSTS.
Traceback (most recent call last):
  File "/home/shebahub/ShebaHub_Backend/venv/lib/python3.12/site-packages/django/core/handlers/exception.py", line 55, in inner
    response = get_response(request)
               ^^^^^^^^^^^^^^^^^^^^^
  File "/home/shebahub/ShebaHub_Backend/venv/lib/python3.12/site-packages/django/utils/deprecation.py", line 133, in __call__
    response = self.process_request(request)
               ^^^^^^^^^^^^^^^^^^^^^^^^^^^^^
  File "/home/shebahub/ShebaHub_Backend/venv/lib/python3.12/site-packages/django/middleware/common.py", line 48, in process_request
    host = request.get_host()
           ^^^^^^^^^^^^^^^^^^
  File "/home/shebahub/ShebaHub_Backend/venv/lib/python3.12/site-packages/django/http/request.py", line 150, in get_host
    raise DisallowedHost(msg)
django.core.exceptions.DisallowedHost: Invalid HTTP_HOST header: '51.84.138.91:8085'. You may need to add '51.84.138.91' to ALLOWED_HOSTS.
ERROR 2026-04-24 01:35:20,810 django.security.DisallowedHost Invalid HTTP_HOST header: '51.84.138.91:8085'. You may need to add '51.84.138.91' to ALLOWED_HOSTS.
Traceback (most recent call last):
  File "/home/shebahub/ShebaHub_Backend/venv/lib/python3.12/site-packages/django/core/handlers/exception.py", line 55, in inner
    response = get_response(request)
               ^^^^^^^^^^^^^^^^^^^^^
  File "/home/shebahub/ShebaHub_Backend/venv/lib/python3.12/site-packages/django/utils/deprecation.py", line 133, in __call__
    response = self.process_request(request)
               ^^^^^^^^^^^^^^^^^^^^^^^^^^^^^
  File "/home/shebahub/ShebaHub_Backend/venv/lib/python3.12/site-packages/django/middleware/common.py", line 48, in process_request
    host = request.get_host()
           ^^^^^^^^^^^^^^^^^^
  File "/home/shebahub/ShebaHub_Backend/venv/lib/python3.12/site-packages/django/http/request.py", line 150, in get_host
    raise DisallowedHost(msg)
django.core.exceptions.DisallowedHost: Invalid HTTP_HOST header: '51.84.138.91:8085'. You may need to add '51.84.138.91' to ALLOWED_HOSTS.
INFO 2026-04-24 04:39:11,405 audit User logged in successfully: admin@sheba.com
ERROR 2026-04-24 05:49:44,844 django.security.DisallowedHost Invalid HTTP_HOST header: '51.84.138.91:8085'. You may need to add '51.84.138.91' to ALLOWED_HOSTS.
Traceback (most recent call last):
  File "/home/shebahub/ShebaHub_Backend/venv/lib/python3.12/site-packages/django/core/handlers/exception.py", line 55, in inner
    response = get_response(request)
               ^^^^^^^^^^^^^^^^^^^^^
  File "/home/shebahub/ShebaHub_Backend/venv/lib/python3.12/site-packages/django/utils/deprecation.py", line 133, in __call__
    response = self.process_request(request)
               ^^^^^^^^^^^^^^^^^^^^^^^^^^^^^
  File "/home/shebahub/ShebaHub_Backend/venv/lib/python3.12/site-packages/django/middleware/common.py", line 48, in process_request
    host = request.get_host()
           ^^^^^^^^^^^^^^^^^^
  File "/home/shebahub/ShebaHub_Backend/venv/lib/python3.12/site-packages/django/http/request.py", line 150, in get_host
    raise DisallowedHost(msg)
django.core.exceptions.DisallowedHost: Invalid HTTP_HOST header: '51.84.138.91:8085'. You may need to add '51.84.138.91' to ALLOWED_HOSTS.
ERROR 2026-04-24 05:50:24,487 django.security.DisallowedHost Invalid HTTP_HOST header: '51.84.138.91:8085'. You may need to add '51.84.138.91' to ALLOWED_HOSTS.
Traceback (most recent call last):
  File "/home/shebahub/ShebaHub_Backend/venv/lib/python3.12/site-packages/django/core/handlers/exception.py", line 55, in inner
    response = get_response(request)
               ^^^^^^^^^^^^^^^^^^^^^
  File "/home/shebahub/ShebaHub_Backend/venv/lib/python3.12/site-packages/django/utils/deprecation.py", line 133, in __call__
    response = self.process_request(request)
               ^^^^^^^^^^^^^^^^^^^^^^^^^^^^^
  File "/home/shebahub/ShebaHub_Backend/venv/lib/python3.12/site-packages/django/middleware/common.py", line 48, in process_request
    host = request.get_host()
           ^^^^^^^^^^^^^^^^^^
  File "/home/shebahub/ShebaHub_Backend/venv/lib/python3.12/site-packages/django/http/request.py", line 150, in get_host
    raise DisallowedHost(msg)
django.core.exceptions.DisallowedHost: Invalid HTTP_HOST header: '51.84.138.91:8085'. You may need to add '51.84.138.91' to ALLOWED_HOSTS.
INFO 2026-04-24 08:52:21,763 audit User registered successfully: tiroshamit@gmail.com
INFO 2026-04-24 08:52:39,939 audit User registered successfully: cooper.itzik@gmail.com
INFO 2026-04-24 08:58:22,763 audit Email verified: tiroshamit@gmail.com
INFO 2026-04-24 09:06:31,990 audit Mentor profile created: cooper.itzik@gmail.com
INFO 2026-04-24 09:17:04,585 audit Email verified: cooper.itzik@gmail.com
ERROR 2026-04-24 15:25:49,252 django.security.DisallowedHost Invalid HTTP_HOST header: '51.84.138.91:8085'. You may need to add '51.84.138.91' to ALLOWED_HOSTS.
Traceback (most recent call last):
  File "/home/shebahub/ShebaHub_Backend/venv/lib/python3.12/site-packages/django/core/handlers/exception.py", line 55, in inner
    response = get_response(request)
               ^^^^^^^^^^^^^^^^^^^^^
  File "/home/shebahub/ShebaHub_Backend/venv/lib/python3.12/site-packages/django/utils/deprecation.py", line 133, in __call__
    response = self.process_request(request)
               ^^^^^^^^^^^^^^^^^^^^^^^^^^^^^
  File "/home/shebahub/ShebaHub_Backend/venv/lib/python3.12/site-packages/django/middleware/common.py", line 48, in process_request
    host = request.get_host()
           ^^^^^^^^^^^^^^^^^^
  File "/home/shebahub/ShebaHub_Backend/venv/lib/python3.12/site-packages/django/http/request.py", line 150, in get_host
    raise DisallowedHost(msg)
django.core.exceptions.DisallowedHost: Invalid HTTP_HOST header: '51.84.138.91:8085'. You may need to add '51.84.138.91' to ALLOWED_HOSTS.
ERROR 2026-04-24 21:09:58,876 django.security.DisallowedHost Invalid HTTP_HOST header: '51.84.138.91:8085'. You may need to add '51.84.138.91' to ALLOWED_HOSTS.
Traceback (most recent call last):
  File "/home/shebahub/ShebaHub_Backend/venv/lib/python3.12/site-packages/django/core/handlers/exception.py", line 55, in inner
    response = get_response(request)
               ^^^^^^^^^^^^^^^^^^^^^
  File "/home/shebahub/ShebaHub_Backend/venv/lib/python3.12/site-packages/django/utils/deprecation.py", line 133, in __call__
    response = self.process_request(request)
               ^^^^^^^^^^^^^^^^^^^^^^^^^^^^^
  File "/home/shebahub/ShebaHub_Backend/venv/lib/python3.12/site-packages/django/middleware/common.py", line 48, in process_request
    host = request.get_host()
           ^^^^^^^^^^^^^^^^^^
  File "/home/shebahub/ShebaHub_Backend/venv/lib/python3.12/site-packages/django/http/request.py", line 150, in get_host
    raise DisallowedHost(msg)
django.core.exceptions.DisallowedHost: Invalid HTTP_HOST header: '51.84.138.91:8085'. You may need to add '51.84.138.91' to ALLOWED_HOSTS.
ERROR 2026-04-24 21:10:21,107 django.security.DisallowedHost Invalid HTTP_HOST header: '51.84.138.91:8085'. You may need to add '51.84.138.91' to ALLOWED_HOSTS.
Traceback (most recent call last):
  File "/home/shebahub/ShebaHub_Backend/venv/lib/python3.12/site-packages/django/core/handlers/exception.py", line 55, in inner
    response = get_response(request)
               ^^^^^^^^^^^^^^^^^^^^^
  File "/home/shebahub/ShebaHub_Backend/venv/lib/python3.12/site-packages/django/utils/deprecation.py", line 133, in __call__
    response = self.process_request(request)
               ^^^^^^^^^^^^^^^^^^^^^^^^^^^^^
  File "/home/shebahub/ShebaHub_Backend/venv/lib/python3.12/site-packages/django/middleware/common.py", line 48, in process_request
    host = request.get_host()
           ^^^^^^^^^^^^^^^^^^
  File "/home/shebahub/ShebaHub_Backend/venv/lib/python3.12/site-packages/django/http/request.py", line 150, in get_host
    raise DisallowedHost(msg)
django.core.exceptions.DisallowedHost: Invalid HTTP_HOST header: '51.84.138.91:8085'. You may need to add '51.84.138.91' to ALLOWED_HOSTS.
ERROR 2026-04-25 00:36:47,931 django.security.DisallowedHost Invalid HTTP_HOST header: '51.84.138.91:8085'. You may need to add '51.84.138.91' to ALLOWED_HOSTS.
Traceback (most recent call last):
  File "/home/shebahub/ShebaHub_Backend/venv/lib/python3.12/site-packages/django/core/handlers/exception.py", line 55, in inner
    response = get_response(request)
               ^^^^^^^^^^^^^^^^^^^^^
  File "/home/shebahub/ShebaHub_Backend/venv/lib/python3.12/site-packages/django/utils/deprecation.py", line 133, in __call__
    response = self.process_request(request)
               ^^^^^^^^^^^^^^^^^^^^^^^^^^^^^
  File "/home/shebahub/ShebaHub_Backend/venv/lib/python3.12/site-packages/django/middleware/common.py", line 48, in process_request
    host = request.get_host()
           ^^^^^^^^^^^^^^^^^^
  File "/home/shebahub/ShebaHub_Backend/venv/lib/python3.12/site-packages/django/http/request.py", line 150, in get_host
    raise DisallowedHost(msg)
django.core.exceptions.DisallowedHost: Invalid HTTP_HOST header: '51.84.138.91:8085'. You may need to add '51.84.138.91' to ALLOWED_HOSTS.
ERROR 2026-04-25 02:15:42,027 django.security.DisallowedHost Invalid HTTP_HOST header: '51.84.138.91:8085'. You may need to add '51.84.138.91' to ALLOWED_HOSTS.
Traceback (most recent call last):
  File "/home/shebahub/ShebaHub_Backend/venv/lib/python3.12/site-packages/django/core/handlers/exception.py", line 55, in inner
    response = get_response(request)
               ^^^^^^^^^^^^^^^^^^^^^
  File "/home/shebahub/ShebaHub_Backend/venv/lib/python3.12/site-packages/django/utils/deprecation.py", line 133, in __call__
    response = self.process_request(request)
               ^^^^^^^^^^^^^^^^^^^^^^^^^^^^^
  File "/home/shebahub/ShebaHub_Backend/venv/lib/python3.12/site-packages/django/middleware/common.py", line 48, in process_request
    host = request.get_host()
           ^^^^^^^^^^^^^^^^^^
  File "/home/shebahub/ShebaHub_Backend/venv/lib/python3.12/site-packages/django/http/request.py", line 150, in get_host
    raise DisallowedHost(msg)
django.core.exceptions.DisallowedHost: Invalid HTTP_HOST header: '51.84.138.91:8085'. You may need to add '51.84.138.91' to ALLOWED_HOSTS.
ERROR 2026-04-25 02:15:42,620 django.security.DisallowedHost Invalid HTTP_HOST header: '51.84.138.91:8085'. You may need to add '51.84.138.91' to ALLOWED_HOSTS.
Traceback (most recent call last):
  File "/home/shebahub/ShebaHub_Backend/venv/lib/python3.12/site-packages/django/core/handlers/exception.py", line 55, in inner
    response = get_response(request)
               ^^^^^^^^^^^^^^^^^^^^^
  File "/home/shebahub/ShebaHub_Backend/venv/lib/python3.12/site-packages/django/utils/deprecation.py", line 133, in __call__
    response = self.process_request(request)
               ^^^^^^^^^^^^^^^^^^^^^^^^^^^^^
  File "/home/shebahub/ShebaHub_Backend/venv/lib/python3.12/site-packages/django/middleware/common.py", line 48, in process_request
    host = request.get_host()
           ^^^^^^^^^^^^^^^^^^
  File "/home/shebahub/ShebaHub_Backend/venv/lib/python3.12/site-packages/django/http/request.py", line 150, in get_host
    raise DisallowedHost(msg)
django.core.exceptions.DisallowedHost: Invalid HTTP_HOST header: '51.84.138.91:8085'. You may need to add '51.84.138.91' to ALLOWED_HOSTS.
ERROR 2026-04-25 02:16:44,517 django.security.DisallowedHost Invalid HTTP_HOST header: '51.84.138.91:8085'. You may need to add '51.84.138.91' to ALLOWED_HOSTS.
Traceback (most recent call last):
  File "/home/shebahub/ShebaHub_Backend/venv/lib/python3.12/site-packages/django/core/handlers/exception.py", line 55, in inner
    response = get_response(request)
               ^^^^^^^^^^^^^^^^^^^^^
  File "/home/shebahub/ShebaHub_Backend/venv/lib/python3.12/site-packages/django/utils/deprecation.py", line 133, in __call__
    response = self.process_request(request)
               ^^^^^^^^^^^^^^^^^^^^^^^^^^^^^
  File "/home/shebahub/ShebaHub_Backend/venv/lib/python3.12/site-packages/django/middleware/common.py", line 48, in process_request
    host = request.get_host()
           ^^^^^^^^^^^^^^^^^^
  File "/home/shebahub/ShebaHub_Backend/venv/lib/python3.12/site-packages/django/http/request.py", line 150, in get_host
    raise DisallowedHost(msg)
django.core.exceptions.DisallowedHost: Invalid HTTP_HOST header: '51.84.138.91:8085'. You may need to add '51.84.138.91' to ALLOWED_HOSTS.
ERROR 2026-04-25 06:57:30,925 django.security.DisallowedHost Invalid HTTP_HOST header: '51.84.138.91:8085'. You may need to add '51.84.138.91' to ALLOWED_HOSTS.
Traceback (most recent call last):
  File "/home/shebahub/ShebaHub_Backend/venv/lib/python3.12/site-packages/django/core/handlers/exception.py", line 55, in inner
    response = get_response(request)
               ^^^^^^^^^^^^^^^^^^^^^
  File "/home/shebahub/ShebaHub_Backend/venv/lib/python3.12/site-packages/django/utils/deprecation.py", line 133, in __call__
    response = self.process_request(request)
               ^^^^^^^^^^^^^^^^^^^^^^^^^^^^^
  File "/home/shebahub/ShebaHub_Backend/venv/lib/python3.12/site-packages/django/middleware/common.py", line 48, in process_request
    host = request.get_host()
           ^^^^^^^^^^^^^^^^^^
  File "/home/shebahub/ShebaHub_Backend/venv/lib/python3.12/site-packages/django/http/request.py", line 150, in get_host
    raise DisallowedHost(msg)
django.core.exceptions.DisallowedHost: Invalid HTTP_HOST header: '51.84.138.91:8085'. You may need to add '51.84.138.91' to ALLOWED_HOSTS.
ERROR 2026-04-25 06:58:01,187 django.security.DisallowedHost Invalid HTTP_HOST header: '51.84.138.91:8085'. You may need to add '51.84.138.91' to ALLOWED_HOSTS.
Traceback (most recent call last):
  File "/home/shebahub/ShebaHub_Backend/venv/lib/python3.12/site-packages/django/core/handlers/exception.py", line 55, in inner
    response = get_response(request)
               ^^^^^^^^^^^^^^^^^^^^^
  File "/home/shebahub/ShebaHub_Backend/venv/lib/python3.12/site-packages/django/utils/deprecation.py", line 133, in __call__
    response = self.process_request(request)
               ^^^^^^^^^^^^^^^^^^^^^^^^^^^^^
  File "/home/shebahub/ShebaHub_Backend/venv/lib/python3.12/site-packages/django/middleware/common.py", line 48, in process_request
    host = request.get_host()
           ^^^^^^^^^^^^^^^^^^
  File "/home/shebahub/ShebaHub_Backend/venv/lib/python3.12/site-packages/django/http/request.py", line 150, in get_host
    raise DisallowedHost(msg)
django.core.exceptions.DisallowedHost: Invalid HTTP_HOST header: '51.84.138.91:8085'. You may need to add '51.84.138.91' to ALLOWED_HOSTS.
ERROR 2026-04-25 13:53:06,449 django.security.DisallowedHost Invalid HTTP_HOST header: '51.84.138.91:8085'. You may need to add '51.84.138.91' to ALLOWED_HOSTS.
Traceback (most recent call last):
  File "/home/shebahub/ShebaHub_Backend/venv/lib/python3.12/site-packages/django/core/handlers/exception.py", line 55, in inner
    response = get_response(request)
               ^^^^^^^^^^^^^^^^^^^^^
  File "/home/shebahub/ShebaHub_Backend/venv/lib/python3.12/site-packages/django/utils/deprecation.py", line 133, in __call__
    response = self.process_request(request)
               ^^^^^^^^^^^^^^^^^^^^^^^^^^^^^
  File "/home/shebahub/ShebaHub_Backend/venv/lib/python3.12/site-packages/django/middleware/common.py", line 48, in process_request
    host = request.get_host()
           ^^^^^^^^^^^^^^^^^^
  File "/home/shebahub/ShebaHub_Backend/venv/lib/python3.12/site-packages/django/http/request.py", line 150, in get_host
    raise DisallowedHost(msg)
django.core.exceptions.DisallowedHost: Invalid HTTP_HOST header: '51.84.138.91:8085'. You may need to add '51.84.138.91' to ALLOWED_HOSTS.
ERROR 2026-04-25 22:15:58,215 django.security.DisallowedHost Invalid HTTP_HOST header: '51.84.138.91:8085'. You may need to add '51.84.138.91' to ALLOWED_HOSTS.
Traceback (most recent call last):
  File "/home/shebahub/ShebaHub_Backend/venv/lib/python3.12/site-packages/django/core/handlers/exception.py", line 55, in inner
    response = get_response(request)
               ^^^^^^^^^^^^^^^^^^^^^
  File "/home/shebahub/ShebaHub_Backend/venv/lib/python3.12/site-packages/django/utils/deprecation.py", line 133, in __call__
    response = self.process_request(request)
               ^^^^^^^^^^^^^^^^^^^^^^^^^^^^^
  File "/home/shebahub/ShebaHub_Backend/venv/lib/python3.12/site-packages/django/middleware/common.py", line 48, in process_request
    host = request.get_host()
           ^^^^^^^^^^^^^^^^^^
  File "/home/shebahub/ShebaHub_Backend/venv/lib/python3.12/site-packages/django/http/request.py", line 150, in get_host
    raise DisallowedHost(msg)
django.core.exceptions.DisallowedHost: Invalid HTTP_HOST header: '51.84.138.91:8085'. You may need to add '51.84.138.91' to ALLOWED_HOSTS.
ERROR 2026-04-25 22:18:17,123 django.security.DisallowedHost Invalid HTTP_HOST header: '51.84.138.91:8085'. You may need to add '51.84.138.91' to ALLOWED_HOSTS.
Traceback (most recent call last):
  File "/home/shebahub/ShebaHub_Backend/venv/lib/python3.12/site-packages/django/core/handlers/exception.py", line 55, in inner
    response = get_response(request)
               ^^^^^^^^^^^^^^^^^^^^^
  File "/home/shebahub/ShebaHub_Backend/venv/lib/python3.12/site-packages/django/utils/deprecation.py", line 133, in __call__
    response = self.process_request(request)
               ^^^^^^^^^^^^^^^^^^^^^^^^^^^^^
  File "/home/shebahub/ShebaHub_Backend/venv/lib/python3.12/site-packages/django/middleware/common.py", line 48, in process_request
    host = request.get_host()
           ^^^^^^^^^^^^^^^^^^
  File "/home/shebahub/ShebaHub_Backend/venv/lib/python3.12/site-packages/django/http/request.py", line 150, in get_host
    raise DisallowedHost(msg)
django.core.exceptions.DisallowedHost: Invalid HTTP_HOST header: '51.84.138.91:8085'. You may need to add '51.84.138.91' to ALLOWED_HOSTS.
ERROR 2026-04-26 01:33:34,812 django.security.DisallowedHost Invalid HTTP_HOST header: '51.84.138.91:8085'. You may need to add '51.84.138.91' to ALLOWED_HOSTS.
Traceback (most recent call last):
  File "/home/shebahub/ShebaHub_Backend/venv/lib/python3.12/site-packages/django/core/handlers/exception.py", line 55, in inner
    response = get_response(request)
               ^^^^^^^^^^^^^^^^^^^^^
  File "/home/shebahub/ShebaHub_Backend/venv/lib/python3.12/site-packages/django/utils/deprecation.py", line 133, in __call__
    response = self.process_request(request)
               ^^^^^^^^^^^^^^^^^^^^^^^^^^^^^
  File "/home/shebahub/ShebaHub_Backend/venv/lib/python3.12/site-packages/django/middleware/common.py", line 48, in process_request
    host = request.get_host()
           ^^^^^^^^^^^^^^^^^^
  File "/home/shebahub/ShebaHub_Backend/venv/lib/python3.12/site-packages/django/http/request.py", line 150, in get_host
    raise DisallowedHost(msg)
django.core.exceptions.DisallowedHost: Invalid HTTP_HOST header: '51.84.138.91:8085'. You may need to add '51.84.138.91' to ALLOWED_HOSTS.
ERROR 2026-04-26 01:33:35,084 django.security.DisallowedHost Invalid HTTP_HOST header: '51.84.138.91:8085'. You may need to add '51.84.138.91' to ALLOWED_HOSTS.
Traceback (most recent call last):
  File "/home/shebahub/ShebaHub_Backend/venv/lib/python3.12/site-packages/django/core/handlers/exception.py", line 55, in inner
    response = get_response(request)
               ^^^^^^^^^^^^^^^^^^^^^
  File "/home/shebahub/ShebaHub_Backend/venv/lib/python3.12/site-packages/django/utils/deprecation.py", line 133, in __call__
    response = self.process_request(request)
               ^^^^^^^^^^^^^^^^^^^^^^^^^^^^^
  File "/home/shebahub/ShebaHub_Backend/venv/lib/python3.12/site-packages/django/middleware/common.py", line 48, in process_request
    host = request.get_host()
           ^^^^^^^^^^^^^^^^^^
  File "/home/shebahub/ShebaHub_Backend/venv/lib/python3.12/site-packages/django/http/request.py", line 150, in get_host
    raise DisallowedHost(msg)
django.core.exceptions.DisallowedHost: Invalid HTTP_HOST header: '51.84.138.91:8085'. You may need to add '51.84.138.91' to ALLOWED_HOSTS.
ERROR 2026-04-26 01:33:35,278 django.security.DisallowedHost Invalid HTTP_HOST header: '51.84.138.91:8085'. You may need to add '51.84.138.91' to ALLOWED_HOSTS.
Traceback (most recent call last):
  File "/home/shebahub/ShebaHub_Backend/venv/lib/python3.12/site-packages/django/core/handlers/exception.py", line 55, in inner
    response = get_response(request)
               ^^^^^^^^^^^^^^^^^^^^^
  File "/home/shebahub/ShebaHub_Backend/venv/lib/python3.12/site-packages/django/utils/deprecation.py", line 133, in __call__
    response = self.process_request(request)
               ^^^^^^^^^^^^^^^^^^^^^^^^^^^^^
  File "/home/shebahub/ShebaHub_Backend/venv/lib/python3.12/site-packages/django/middleware/common.py", line 48, in process_request
    host = request.get_host()
           ^^^^^^^^^^^^^^^^^^
  File "/home/shebahub/ShebaHub_Backend/venv/lib/python3.12/site-packages/django/http/request.py", line 150, in get_host
    raise DisallowedHost(msg)
django.core.exceptions.DisallowedHost: Invalid HTTP_HOST header: '51.84.138.91:8085'. You may need to add '51.84.138.91' to ALLOWED_HOSTS.
ERROR 2026-04-26 01:33:35,473 django.security.DisallowedHost Invalid HTTP_HOST header: '51.84.138.91:8085'. You may need to add '51.84.138.91' to ALLOWED_HOSTS.
Traceback (most recent call last):
  File "/home/shebahub/ShebaHub_Backend/venv/lib/python3.12/site-packages/django/core/handlers/exception.py", line 55, in inner
    response = get_response(request)
               ^^^^^^^^^^^^^^^^^^^^^
  File "/home/shebahub/ShebaHub_Backend/venv/lib/python3.12/site-packages/django/utils/deprecation.py", line 133, in __call__
    response = self.process_request(request)
               ^^^^^^^^^^^^^^^^^^^^^^^^^^^^^
  File "/home/shebahub/ShebaHub_Backend/venv/lib/python3.12/site-packages/django/middleware/common.py", line 48, in process_request
    host = request.get_host()
           ^^^^^^^^^^^^^^^^^^
  File "/home/shebahub/ShebaHub_Backend/venv/lib/python3.12/site-packages/django/http/request.py", line 150, in get_host
    raise DisallowedHost(msg)
django.core.exceptions.DisallowedHost: Invalid HTTP_HOST header: '51.84.138.91:8085'. You may need to add '51.84.138.91' to ALLOWED_HOSTS.
INFO 2026-04-26 05:15:41,001 audit User registered successfully: lior.naveh@sheba.health.gov.il
INFO 2026-04-26 05:18:02,204 audit Mentor profile created: lior.naveh@sheba.health.gov.il
INFO 2026-04-26 05:18:19,189 audit Email verified: lior.naveh@sheba.health.gov.il
INFO 2026-04-26 06:53:25,949 audit User registered successfully: amit.mose694@gmail.com
INFO 2026-04-26 07:41:18,220 audit Email verified: lior.naveh@sheba.health.gov.il
ERROR 2026-04-26 08:09:50,418 django.security.DisallowedHost Invalid HTTP_HOST header: '51.84.138.91:8085'. You may need to add '51.84.138.91' to ALLOWED_HOSTS.
Traceback (most recent call last):
  File "/home/shebahub/ShebaHub_Backend/venv/lib/python3.12/site-packages/django/core/handlers/exception.py", line 55, in inner
    response = get_response(request)
               ^^^^^^^^^^^^^^^^^^^^^
  File "/home/shebahub/ShebaHub_Backend/venv/lib/python3.12/site-packages/django/utils/deprecation.py", line 133, in __call__
    response = self.process_request(request)
               ^^^^^^^^^^^^^^^^^^^^^^^^^^^^^
  File "/home/shebahub/ShebaHub_Backend/venv/lib/python3.12/site-packages/django/middleware/common.py", line 48, in process_request
    host = request.get_host()
           ^^^^^^^^^^^^^^^^^^
  File "/home/shebahub/ShebaHub_Backend/venv/lib/python3.12/site-packages/django/http/request.py", line 150, in get_host
    raise DisallowedHost(msg)
django.core.exceptions.DisallowedHost: Invalid HTTP_HOST header: '51.84.138.91:8085'. You may need to add '51.84.138.91' to ALLOWED_HOSTS.
ERROR 2026-04-26 08:11:06,739 django.security.DisallowedHost Invalid HTTP_HOST header: '51.84.138.91:8085'. You may need to add '51.84.138.91' to ALLOWED_HOSTS.
Traceback (most recent call last):
  File "/home/shebahub/ShebaHub_Backend/venv/lib/python3.12/site-packages/django/core/handlers/exception.py", line 55, in inner
    response = get_response(request)
               ^^^^^^^^^^^^^^^^^^^^^
  File "/home/shebahub/ShebaHub_Backend/venv/lib/python3.12/site-packages/django/utils/deprecation.py", line 133, in __call__
    response = self.process_request(request)
               ^^^^^^^^^^^^^^^^^^^^^^^^^^^^^
  File "/home/shebahub/ShebaHub_Backend/venv/lib/python3.12/site-packages/django/middleware/common.py", line 48, in process_request
    host = request.get_host()
           ^^^^^^^^^^^^^^^^^^
  File "/home/shebahub/ShebaHub_Backend/venv/lib/python3.12/site-packages/django/http/request.py", line 150, in get_host
    raise DisallowedHost(msg)
django.core.exceptions.DisallowedHost: Invalid HTTP_HOST header: '51.84.138.91:8085'. You may need to add '51.84.138.91' to ALLOWED_HOSTS.
WARNING 2026-04-26 08:25:16,773 audit Signup validation failed: {'password': [ErrorDetail(string='This password is entirely numeric.', code='invalid')]}
INFO 2026-04-26 08:25:37,711 audit User registered successfully: lipkinilona8@gmail.com
INFO 2026-04-26 08:26:04,217 audit User registered successfully: rom.keshet@sheba.health.gov.il
INFO 2026-04-26 08:29:19,817 audit Email verified: rom.keshet@sheba.health.gov.il
INFO 2026-04-26 08:32:06,268 audit Email verified: lipkinilona8@gmail.com
INFO 2026-04-26 08:44:18,977 audit User registered successfully: rom_k@yahoo.com
INFO 2026-04-26 08:45:30,044 audit Email verified: rom_k@yahoo.com
INFO 2026-04-26 08:50:40,025 audit Mentor profile created: rom_k@yahoo.com
INFO 2026-04-26 08:50:40,215 audit Document uploaded to mentor profile: rom_k@yahoo.com
INFO 2026-04-26 08:56:24,175 audit Email verified: rom.keshet@sheba.health.gov.il
INFO 2026-04-26 09:54:28,379 audit User logged in successfully: rom_k@yahoo.com
INFO 2026-04-26 11:17:30,665 audit User registered successfully: noamfelig@gmail.com
INFO 2026-04-26 11:23:31,653 audit Email verified: noamfelig@gmail.com
INFO 2026-04-26 11:23:38,900 audit Email verified: noamfelig@gmail.com
WARNING 2026-04-26 11:31:34,250 audit Signup validation failed: {'password': [ErrorDetail(string='This password is too common.', code='invalid')]}
INFO 2026-04-26 11:32:01,664 audit User registered successfully: omerberner@gmail.com
INFO 2026-04-26 12:01:36,274 audit User logged in successfully: lior.naveh@sheba.health.gov.il
INFO 2026-04-26 12:05:18,250 audit User registered successfully: yishay.wasserstrum@sheba.gov.il
INFO 2026-04-26 12:09:29,011 audit Mentor profile created: yishay.wasserstrum@sheba.gov.il
INFO 2026-04-26 12:10:02,552 audit Email verified: yishay.wasserstrum@sheba.gov.il
INFO 2026-04-26 12:10:07,622 audit Email verified: yishay.wasserstrum@sheba.gov.il
INFO 2026-04-26 12:10:25,985 audit Email verified: yishay.wasserstrum@sheba.gov.il
INFO 2026-04-26 12:19:45,150 audit Email verified: yishay.wasserstrum@sheba.gov.il
INFO 2026-04-26 12:21:25,598 audit User logged in successfully: admin@sheba.com
INFO 2026-04-26 12:24:47,160 audit Email verified: yishay.wasserstrum@sheba.gov.il
INFO 2026-04-26 13:15:30,842 audit User registered successfully: akm.p91@gmail.com
INFO 2026-04-26 13:22:03,036 audit Mentor profile created: akm.p91@gmail.com
INFO 2026-04-26 13:22:56,123 audit Email verified: akm.p91@gmail.com
INFO 2026-04-26 13:37:52,441 audit User registered successfully: dzelmanoff@gmail.com
INFO 2026-04-26 14:06:47,583 audit Mentor profile created: dzelmanoff@gmail.com
INFO 2026-04-26 14:06:47,910 audit Document uploaded to mentor profile: dzelmanoff@gmail.com
INFO 2026-04-26 14:08:21,904 audit Mentor profile updated: dzelmanoff@gmail.com
INFO 2026-04-26 14:09:28,276 audit Email verified: dzelmanoff@gmail.com
INFO 2026-04-26 17:19:58,563 audit User logged in successfully: roy.vivantee@gmail.com
ERROR 2026-04-26 17:49:11,804 django.security.DisallowedHost Invalid HTTP_HOST header: '51.84.138.91:8085'. You may need to add '51.84.138.91' to ALLOWED_HOSTS.
Traceback (most recent call last):
  File "/home/shebahub/ShebaHub_Backend/venv/lib/python3.12/site-packages/django/core/handlers/exception.py", line 55, in inner
    response = get_response(request)
               ^^^^^^^^^^^^^^^^^^^^^
  File "/home/shebahub/ShebaHub_Backend/venv/lib/python3.12/site-packages/django/utils/deprecation.py", line 133, in __call__
    response = self.process_request(request)
               ^^^^^^^^^^^^^^^^^^^^^^^^^^^^^
  File "/home/shebahub/ShebaHub_Backend/venv/lib/python3.12/site-packages/django/middleware/common.py", line 48, in process_request
    host = request.get_host()
           ^^^^^^^^^^^^^^^^^^
  File "/home/shebahub/ShebaHub_Backend/venv/lib/python3.12/site-packages/django/http/request.py", line 150, in get_host
    raise DisallowedHost(msg)
django.core.exceptions.DisallowedHost: Invalid HTTP_HOST header: '51.84.138.91:8085'. You may need to add '51.84.138.91' to ALLOWED_HOSTS.
ERROR 2026-04-26 17:52:13,761 django.security.DisallowedHost Invalid HTTP_HOST header: '51.84.138.91:8085'. You may need to add '51.84.138.91' to ALLOWED_HOSTS.
Traceback (most recent call last):
  File "/home/shebahub/ShebaHub_Backend/venv/lib/python3.12/site-packages/django/core/handlers/exception.py", line 55, in inner
    response = get_response(request)
               ^^^^^^^^^^^^^^^^^^^^^
  File "/home/shebahub/ShebaHub_Backend/venv/lib/python3.12/site-packages/django/utils/deprecation.py", line 133, in __call__
    response = self.process_request(request)
               ^^^^^^^^^^^^^^^^^^^^^^^^^^^^^
  File "/home/shebahub/ShebaHub_Backend/venv/lib/python3.12/site-packages/django/middleware/common.py", line 48, in process_request
    host = request.get_host()
           ^^^^^^^^^^^^^^^^^^
  File "/home/shebahub/ShebaHub_Backend/venv/lib/python3.12/site-packages/django/http/request.py", line 150, in get_host
    raise DisallowedHost(msg)
django.core.exceptions.DisallowedHost: Invalid HTTP_HOST header: '51.84.138.91:8085'. You may need to add '51.84.138.91' to ALLOWED_HOSTS.
ERROR 2026-04-27 02:03:58,378 django.security.DisallowedHost Invalid HTTP_HOST header: '51.84.138.91:8085'. You may need to add '51.84.138.91' to ALLOWED_HOSTS.
Traceback (most recent call last):
  File "/home/shebahub/ShebaHub_Backend/venv/lib/python3.12/site-packages/django/core/handlers/exception.py", line 55, in inner
    response = get_response(request)
               ^^^^^^^^^^^^^^^^^^^^^
  File "/home/shebahub/ShebaHub_Backend/venv/lib/python3.12/site-packages/django/utils/deprecation.py", line 133, in __call__
    response = self.process_request(request)
               ^^^^^^^^^^^^^^^^^^^^^^^^^^^^^
  File "/home/shebahub/ShebaHub_Backend/venv/lib/python3.12/site-packages/django/middleware/common.py", line 48, in process_request
    host = request.get_host()
           ^^^^^^^^^^^^^^^^^^
  File "/home/shebahub/ShebaHub_Backend/venv/lib/python3.12/site-packages/django/http/request.py", line 150, in get_host
    raise DisallowedHost(msg)
django.core.exceptions.DisallowedHost: Invalid HTTP_HOST header: '51.84.138.91:8085'. You may need to add '51.84.138.91' to ALLOWED_HOSTS.
ERROR 2026-04-27 02:03:59,071 django.security.DisallowedHost Invalid HTTP_HOST header: '51.84.138.91:8085'. You may need to add '51.84.138.91' to ALLOWED_HOSTS.
Traceback (most recent call last):
  File "/home/shebahub/ShebaHub_Backend/venv/lib/python3.12/site-packages/django/core/handlers/exception.py", line 55, in inner
    response = get_response(request)
               ^^^^^^^^^^^^^^^^^^^^^
  File "/home/shebahub/ShebaHub_Backend/venv/lib/python3.12/site-packages/django/utils/deprecation.py", line 133, in __call__
    response = self.process_request(request)
               ^^^^^^^^^^^^^^^^^^^^^^^^^^^^^
  File "/home/shebahub/ShebaHub_Backend/venv/lib/python3.12/site-packages/django/middleware/common.py", line 48, in process_request
    host = request.get_host()
           ^^^^^^^^^^^^^^^^^^
  File "/home/shebahub/ShebaHub_Backend/venv/lib/python3.12/site-packages/django/http/request.py", line 150, in get_host
    raise DisallowedHost(msg)
django.core.exceptions.DisallowedHost: Invalid HTTP_HOST header: '51.84.138.91:8085'. You may need to add '51.84.138.91' to ALLOWED_HOSTS.
ERROR 2026-04-27 02:03:59,758 django.security.DisallowedHost Invalid HTTP_HOST header: '51.84.138.91:8085'. You may need to add '51.84.138.91' to ALLOWED_HOSTS.
Traceback (most recent call last):
  File "/home/shebahub/ShebaHub_Backend/venv/lib/python3.12/site-packages/django/core/handlers/exception.py", line 55, in inner
    response = get_response(request)
               ^^^^^^^^^^^^^^^^^^^^^
  File "/home/shebahub/ShebaHub_Backend/venv/lib/python3.12/site-packages/django/utils/deprecation.py", line 133, in __call__
    response = self.process_request(request)
               ^^^^^^^^^^^^^^^^^^^^^^^^^^^^^
  File "/home/shebahub/ShebaHub_Backend/venv/lib/python3.12/site-packages/django/middleware/common.py", line 48, in process_request
    host = request.get_host()
           ^^^^^^^^^^^^^^^^^^
  File "/home/shebahub/ShebaHub_Backend/venv/lib/python3.12/site-packages/django/http/request.py", line 150, in get_host
    raise DisallowedHost(msg)
django.core.exceptions.DisallowedHost: Invalid HTTP_HOST header: '51.84.138.91:8085'. You may need to add '51.84.138.91' to ALLOWED_HOSTS.
ERROR 2026-04-27 02:04:00,442 django.security.DisallowedHost Invalid HTTP_HOST header: '51.84.138.91:8085'. You may need to add '51.84.138.91' to ALLOWED_HOSTS.
Traceback (most recent call last):
  File "/home/shebahub/ShebaHub_Backend/venv/lib/python3.12/site-packages/django/core/handlers/exception.py", line 55, in inner
    response = get_response(request)
               ^^^^^^^^^^^^^^^^^^^^^
  File "/home/shebahub/ShebaHub_Backend/venv/lib/python3.12/site-packages/django/utils/deprecation.py", line 133, in __call__
    response = self.process_request(request)
               ^^^^^^^^^^^^^^^^^^^^^^^^^^^^^
  File "/home/shebahub/ShebaHub_Backend/venv/lib/python3.12/site-packages/django/middleware/common.py", line 48, in process_request
    host = request.get_host()
           ^^^^^^^^^^^^^^^^^^
  File "/home/shebahub/ShebaHub_Backend/venv/lib/python3.12/site-packages/django/http/request.py", line 150, in get_host
    raise DisallowedHost(msg)
django.core.exceptions.DisallowedHost: Invalid HTTP_HOST header: '51.84.138.91:8085'. You may need to add '51.84.138.91' to ALLOWED_HOSTS.
INFO 2026-04-27 07:13:37,357 audit User registered successfully: evyatar.hubara@sheba.health.gov.il
INFO 2026-04-27 07:17:56,006 audit User registered successfully: guraviv@gmail.com
INFO 2026-04-27 07:42:30,649 audit Mentor profile created: evyatar.hubara@sheba.health.gov.il
INFO 2026-04-27 07:52:46,748 audit Email verified: evyatar.hubara@sheba.health.gov.il
INFO 2026-04-27 07:55:17,911 audit Mentor profile updated: evyatar.hubara@sheba.health.gov.il
INFO 2026-04-27 07:55:18,042 audit Mentor avatar uploaded: evyatar.hubara@sheba.health.gov.il
INFO 2026-04-27 08:00:13,422 audit Mentor profile updated: evyatar.hubara@sheba.health.gov.il
INFO 2026-04-27 08:04:58,223 audit Mentor profile updated: evyatar.hubara@sheba.health.gov.il
ERROR 2026-04-27 08:47:01,163 django.security.DisallowedHost Invalid HTTP_HOST header: '51.84.138.91:8085'. You may need to add '51.84.138.91' to ALLOWED_HOSTS.
Traceback (most recent call last):
  File "/home/shebahub/ShebaHub_Backend/venv/lib/python3.12/site-packages/django/core/handlers/exception.py", line 55, in inner
    response = get_response(request)
               ^^^^^^^^^^^^^^^^^^^^^
  File "/home/shebahub/ShebaHub_Backend/venv/lib/python3.12/site-packages/django/utils/deprecation.py", line 133, in __call__
    response = self.process_request(request)
               ^^^^^^^^^^^^^^^^^^^^^^^^^^^^^
  File "/home/shebahub/ShebaHub_Backend/venv/lib/python3.12/site-packages/django/middleware/common.py", line 48, in process_request
    host = request.get_host()
           ^^^^^^^^^^^^^^^^^^
  File "/home/shebahub/ShebaHub_Backend/venv/lib/python3.12/site-packages/django/http/request.py", line 150, in get_host
    raise DisallowedHost(msg)
django.core.exceptions.DisallowedHost: Invalid HTTP_HOST header: '51.84.138.91:8085'. You may need to add '51.84.138.91' to ALLOWED_HOSTS.
ERROR 2026-04-27 08:48:12,319 django.security.DisallowedHost Invalid HTTP_HOST header: '51.84.138.91:8085'. You may need to add '51.84.138.91' to ALLOWED_HOSTS.
Traceback (most recent call last):
  File "/home/shebahub/ShebaHub_Backend/venv/lib/python3.12/site-packages/django/core/handlers/exception.py", line 55, in inner
    response = get_response(request)
               ^^^^^^^^^^^^^^^^^^^^^
  File "/home/shebahub/ShebaHub_Backend/venv/lib/python3.12/site-packages/django/utils/deprecation.py", line 133, in __call__
    response = self.process_request(request)
               ^^^^^^^^^^^^^^^^^^^^^^^^^^^^^
  File "/home/shebahub/ShebaHub_Backend/venv/lib/python3.12/site-packages/django/middleware/common.py", line 48, in process_request
    host = request.get_host()
           ^^^^^^^^^^^^^^^^^^
  File "/home/shebahub/ShebaHub_Backend/venv/lib/python3.12/site-packages/django/http/request.py", line 150, in get_host
    raise DisallowedHost(msg)
django.core.exceptions.DisallowedHost: Invalid HTTP_HOST header: '51.84.138.91:8085'. You may need to add '51.84.138.91' to ALLOWED_HOSTS.
INFO 2026-04-27 09:00:09,494 audit User logged in successfully: lior.naveh@sheba.health.gov.il
INFO 2026-04-27 10:06:14,451 audit Mentor profile updated: evyatar.hubara@sheba.health.gov.il
INFO 2026-04-27 10:07:07,553 audit Mentor profile updated: evyatar.hubara@sheba.health.gov.il
WARNING 2026-04-27 10:08:13,999 audit Signup validation failed: {'password': [ErrorDetail(string='This password is entirely numeric.', code='invalid')]}
INFO 2026-04-27 10:08:32,856 audit User registered successfully: noarosenthal14@gmail.com
INFO 2026-04-27 10:09:35,140 audit Mentor profile updated: evyatar.hubara@sheba.health.gov.il
INFO 2026-04-27 10:10:42,579 audit Email verified: noarosenthal14@gmail.com
INFO 2026-04-27 10:33:37,146 audit Mentor profile created: guraviv@gmail.com
INFO 2026-04-27 11:24:55,776 audit Email verified: guraviv@gmail.com
INFO 2026-04-27 12:51:49,244 audit User logged in successfully: admin@sheba.com
INFO 2026-04-27 13:10:39,121 audit User logged in successfully: evyatar.hubara@sheba.health.gov.il
WARNING 2026-04-27 13:55:08,872 audit Account locked after 5 failed attempts: ggg@gmail.com
WARNING 2026-04-27 13:55:08,872 audit Failed login attempt for: ggg@gmail.com
ERROR 2026-04-27 15:10:04,833 django.security.DisallowedHost Invalid HTTP_HOST header: '51.84.138.91:8085'. You may need to add '51.84.138.91' to ALLOWED_HOSTS.
Traceback (most recent call last):
  File "/home/shebahub/ShebaHub_Backend/venv/lib/python3.12/site-packages/django/core/handlers/exception.py", line 55, in inner
    response = get_response(request)
               ^^^^^^^^^^^^^^^^^^^^^
  File "/home/shebahub/ShebaHub_Backend/venv/lib/python3.12/site-packages/django/utils/deprecation.py", line 133, in __call__
    response = self.process_request(request)
               ^^^^^^^^^^^^^^^^^^^^^^^^^^^^^
  File "/home/shebahub/ShebaHub_Backend/venv/lib/python3.12/site-packages/django/middleware/common.py", line 48, in process_request
    host = request.get_host()
           ^^^^^^^^^^^^^^^^^^
  File "/home/shebahub/ShebaHub_Backend/venv/lib/python3.12/site-packages/django/http/request.py", line 150, in get_host
    raise DisallowedHost(msg)
django.core.exceptions.DisallowedHost: Invalid HTTP_HOST header: '51.84.138.91:8085'. You may need to add '51.84.138.91' to ALLOWED_HOSTS.
INFO 2026-04-27 19:01:49,037 audit User registered successfully: mirifoglevin@gmail.com
INFO 2026-04-27 19:06:02,561 audit Email verified: mirifoglevin@gmail.com
INFO 2026-04-27 19:08:41,845 audit Mentor profile created: mirifoglevin@gmail.com
ERROR 2026-04-27 21:07:25,503 django.security.DisallowedHost Invalid HTTP_HOST header: '51.84.138.91:8085'. You may need to add '51.84.138.91' to ALLOWED_HOSTS.
Traceback (most recent call last):
  File "/home/shebahub/ShebaHub_Backend/venv/lib/python3.12/site-packages/django/core/handlers/exception.py", line 55, in inner
    response = get_response(request)
               ^^^^^^^^^^^^^^^^^^^^^
  File "/home/shebahub/ShebaHub_Backend/venv/lib/python3.12/site-packages/django/utils/deprecation.py", line 133, in __call__
    response = self.process_request(request)
               ^^^^^^^^^^^^^^^^^^^^^^^^^^^^^
  File "/home/shebahub/ShebaHub_Backend/venv/lib/python3.12/site-packages/django/middleware/common.py", line 48, in process_request
    host = request.get_host()
           ^^^^^^^^^^^^^^^^^^
  File "/home/shebahub/ShebaHub_Backend/venv/lib/python3.12/site-packages/django/http/request.py", line 150, in get_host
    raise DisallowedHost(msg)
django.core.exceptions.DisallowedHost: Invalid HTTP_HOST header: '51.84.138.91:8085'. You may need to add '51.84.138.91' to ALLOWED_HOSTS.
ERROR 2026-04-27 21:07:26,210 django.security.DisallowedHost Invalid HTTP_HOST header: '51.84.138.91:8085'. You may need to add '51.84.138.91' to ALLOWED_HOSTS.
Traceback (most recent call last):
  File "/home/shebahub/ShebaHub_Backend/venv/lib/python3.12/site-packages/django/core/handlers/exception.py", line 55, in inner
    response = get_response(request)
               ^^^^^^^^^^^^^^^^^^^^^
  File "/home/shebahub/ShebaHub_Backend/venv/lib/python3.12/site-packages/django/utils/deprecation.py", line 133, in __call__
    response = self.process_request(request)
               ^^^^^^^^^^^^^^^^^^^^^^^^^^^^^
  File "/home/shebahub/ShebaHub_Backend/venv/lib/python3.12/site-packages/django/middleware/common.py", line 48, in process_request
    host = request.get_host()
           ^^^^^^^^^^^^^^^^^^
  File "/home/shebahub/ShebaHub_Backend/venv/lib/python3.12/site-packages/django/http/request.py", line 150, in get_host
    raise DisallowedHost(msg)
django.core.exceptions.DisallowedHost: Invalid HTTP_HOST header: '51.84.138.91:8085'. You may need to add '51.84.138.91' to ALLOWED_HOSTS.
ERROR 2026-04-27 21:07:26,908 django.security.DisallowedHost Invalid HTTP_HOST header: '51.84.138.91:8085'. You may need to add '51.84.138.91' to ALLOWED_HOSTS.
Traceback (most recent call last):
  File "/home/shebahub/ShebaHub_Backend/venv/lib/python3.12/site-packages/django/core/handlers/exception.py", line 55, in inner
    response = get_response(request)
               ^^^^^^^^^^^^^^^^^^^^^
  File "/home/shebahub/ShebaHub_Backend/venv/lib/python3.12/site-packages/django/utils/deprecation.py", line 133, in __call__
    response = self.process_request(request)
               ^^^^^^^^^^^^^^^^^^^^^^^^^^^^^
  File "/home/shebahub/ShebaHub_Backend/venv/lib/python3.12/site-packages/django/middleware/common.py", line 48, in process_request
    host = request.get_host()
           ^^^^^^^^^^^^^^^^^^
  File "/home/shebahub/ShebaHub_Backend/venv/lib/python3.12/site-packages/django/http/request.py", line 150, in get_host
    raise DisallowedHost(msg)
django.core.exceptions.DisallowedHost: Invalid HTTP_HOST header: '51.84.138.91:8085'. You may need to add '51.84.138.91' to ALLOWED_HOSTS.
ERROR 2026-04-27 21:07:27,594 django.security.DisallowedHost Invalid HTTP_HOST header: '51.84.138.91:8085'. You may need to add '51.84.138.91' to ALLOWED_HOSTS.
Traceback (most recent call last):
  File "/home/shebahub/ShebaHub_Backend/venv/lib/python3.12/site-packages/django/core/handlers/exception.py", line 55, in inner
    response = get_response(request)
               ^^^^^^^^^^^^^^^^^^^^^
  File "/home/shebahub/ShebaHub_Backend/venv/lib/python3.12/site-packages/django/utils/deprecation.py", line 133, in __call__
    response = self.process_request(request)
               ^^^^^^^^^^^^^^^^^^^^^^^^^^^^^
  File "/home/shebahub/ShebaHub_Backend/venv/lib/python3.12/site-packages/django/middleware/common.py", line 48, in process_request
    host = request.get_host()
           ^^^^^^^^^^^^^^^^^^
  File "/home/shebahub/ShebaHub_Backend/venv/lib/python3.12/site-packages/django/http/request.py", line 150, in get_host
    raise DisallowedHost(msg)
django.core.exceptions.DisallowedHost: Invalid HTTP_HOST header: '51.84.138.91:8085'. You may need to add '51.84.138.91' to ALLOWED_HOSTS.
ERROR 2026-04-27 23:47:30,591 django.security.DisallowedHost Invalid HTTP_HOST header: '51.84.138.91:8085'. You may need to add '51.84.138.91' to ALLOWED_HOSTS.
Traceback (most recent call last):
  File "/home/shebahub/ShebaHub_Backend/venv/lib/python3.12/site-packages/django/core/handlers/exception.py", line 55, in inner
    response = get_response(request)
               ^^^^^^^^^^^^^^^^^^^^^
  File "/home/shebahub/ShebaHub_Backend/venv/lib/python3.12/site-packages/django/utils/deprecation.py", line 133, in __call__
    response = self.process_request(request)
               ^^^^^^^^^^^^^^^^^^^^^^^^^^^^^
  File "/home/shebahub/ShebaHub_Backend/venv/lib/python3.12/site-packages/django/middleware/common.py", line 48, in process_request
    host = request.get_host()
           ^^^^^^^^^^^^^^^^^^
  File "/home/shebahub/ShebaHub_Backend/venv/lib/python3.12/site-packages/django/http/request.py", line 150, in get_host
    raise DisallowedHost(msg)
django.core.exceptions.DisallowedHost: Invalid HTTP_HOST header: '51.84.138.91:8085'. You may need to add '51.84.138.91' to ALLOWED_HOSTS.
ERROR 2026-04-28 04:42:48,040 django.security.DisallowedHost Invalid HTTP_HOST header: '51.84.138.91:8085'. You may need to add '51.84.138.91' to ALLOWED_HOSTS.
Traceback (most recent call last):
  File "/home/shebahub/ShebaHub_Backend/venv/lib/python3.12/site-packages/django/core/handlers/exception.py", line 55, in inner
    response = get_response(request)
               ^^^^^^^^^^^^^^^^^^^^^
  File "/home/shebahub/ShebaHub_Backend/venv/lib/python3.12/site-packages/django/utils/deprecation.py", line 133, in __call__
    response = self.process_request(request)
               ^^^^^^^^^^^^^^^^^^^^^^^^^^^^^
  File "/home/shebahub/ShebaHub_Backend/venv/lib/python3.12/site-packages/django/middleware/common.py", line 48, in process_request
    host = request.get_host()
           ^^^^^^^^^^^^^^^^^^
  File "/home/shebahub/ShebaHub_Backend/venv/lib/python3.12/site-packages/django/http/request.py", line 150, in get_host
    raise DisallowedHost(msg)
django.core.exceptions.DisallowedHost: Invalid HTTP_HOST header: '51.84.138.91:8085'. You may need to add '51.84.138.91' to ALLOWED_HOSTS.
ERROR 2026-04-28 04:42:48,714 django.security.DisallowedHost Invalid HTTP_HOST header: '51.84.138.91:8085'. You may need to add '51.84.138.91' to ALLOWED_HOSTS.
Traceback (most recent call last):
  File "/home/shebahub/ShebaHub_Backend/venv/lib/python3.12/site-packages/django/core/handlers/exception.py", line 55, in inner
    response = get_response(request)
               ^^^^^^^^^^^^^^^^^^^^^
  File "/home/shebahub/ShebaHub_Backend/venv/lib/python3.12/site-packages/django/utils/deprecation.py", line 133, in __call__
    response = self.process_request(request)
               ^^^^^^^^^^^^^^^^^^^^^^^^^^^^^
  File "/home/shebahub/ShebaHub_Backend/venv/lib/python3.12/site-packages/django/middleware/common.py", line 48, in process_request
    host = request.get_host()
           ^^^^^^^^^^^^^^^^^^
  File "/home/shebahub/ShebaHub_Backend/venv/lib/python3.12/site-packages/django/http/request.py", line 150, in get_host
    raise DisallowedHost(msg)
django.core.exceptions.DisallowedHost: Invalid HTTP_HOST header: '51.84.138.91:8085'. You may need to add '51.84.138.91' to ALLOWED_HOSTS.
ERROR 2026-04-28 07:05:57,180 django.security.DisallowedHost Invalid HTTP_HOST header: 'shamir.hitheal.org.il:8085'. You may need to add 'shamir.hitheal.org.il' to ALLOWED_HOSTS.
Traceback (most recent call last):
  File "/home/shebahub/ShebaHub_Backend/venv/lib/python3.12/site-packages/django/core/handlers/exception.py", line 55, in inner
    response = get_response(request)
               ^^^^^^^^^^^^^^^^^^^^^
  File "/home/shebahub/ShebaHub_Backend/venv/lib/python3.12/site-packages/django/utils/deprecation.py", line 133, in __call__
    response = self.process_request(request)
               ^^^^^^^^^^^^^^^^^^^^^^^^^^^^^
  File "/home/shebahub/ShebaHub_Backend/venv/lib/python3.12/site-packages/django/middleware/common.py", line 48, in process_request
    host = request.get_host()
           ^^^^^^^^^^^^^^^^^^
  File "/home/shebahub/ShebaHub_Backend/venv/lib/python3.12/site-packages/django/http/request.py", line 150, in get_host
    raise DisallowedHost(msg)
django.core.exceptions.DisallowedHost: Invalid HTTP_HOST header: 'shamir.hitheal.org.il:8085'. You may need to add 'shamir.hitheal.org.il' to ALLOWED_HOSTS.
INFO 2026-04-28 12:28:39,610 audit User logged in successfully: roy.vivantee@gmail.com
ERROR 2026-04-28 13:53:49,650 django.security.DisallowedHost Invalid HTTP_HOST header: '51.84.138.91:8085'. You may need to add '51.84.138.91' to ALLOWED_HOSTS.
Traceback (most recent call last):
  File "/home/shebahub/ShebaHub_Backend/venv/lib/python3.12/site-packages/django/core/handlers/exception.py", line 55, in inner
    response = get_response(request)
               ^^^^^^^^^^^^^^^^^^^^^
  File "/home/shebahub/ShebaHub_Backend/venv/lib/python3.12/site-packages/django/utils/deprecation.py", line 133, in __call__
    response = self.process_request(request)
               ^^^^^^^^^^^^^^^^^^^^^^^^^^^^^
  File "/home/shebahub/ShebaHub_Backend/venv/lib/python3.12/site-packages/django/middleware/common.py", line 48, in process_request
    host = request.get_host()
           ^^^^^^^^^^^^^^^^^^
  File "/home/shebahub/ShebaHub_Backend/venv/lib/python3.12/site-packages/django/http/request.py", line 150, in get_host
    raise DisallowedHost(msg)
django.core.exceptions.DisallowedHost: Invalid HTTP_HOST header: '51.84.138.91:8085'. You may need to add '51.84.138.91' to ALLOWED_HOSTS.
INFO 2026-04-28 14:13:57,581 audit User logged in successfully: roy.vivantee@gmail.com
WARNING 2026-04-28 21:20:58,748 audit Account locked after 5 failed attempts: ggg@gmail.com
WARNING 2026-04-28 21:20:58,748 audit Failed login attempt for: ggg@gmail.com
INFO 2026-04-29 07:16:25,012 audit User logged in successfully: roy.vivantee@gmail.com
INFO 2026-04-29 07:43:35,004 audit User registered successfully: aviyael@gmail.com
INFO 2026-04-29 07:44:01,604 audit Mentor profile created: aviyael@gmail.com
INFO 2026-04-29 08:22:56,813 audit User logged in successfully: lior.naveh@sheba.health.gov.il
ERROR 2026-04-29 08:57:34,591 django.security.DisallowedHost Invalid HTTP_HOST header: '51.84.138.91:8085'. You may need to add '51.84.138.91' to ALLOWED_HOSTS.
Traceback (most recent call last):
  File "/home/shebahub/ShebaHub_Backend/venv/lib/python3.12/site-packages/django/core/handlers/exception.py", line 55, in inner
    response = get_response(request)
               ^^^^^^^^^^^^^^^^^^^^^
  File "/home/shebahub/ShebaHub_Backend/venv/lib/python3.12/site-packages/django/utils/deprecation.py", line 133, in __call__
    response = self.process_request(request)
               ^^^^^^^^^^^^^^^^^^^^^^^^^^^^^
  File "/home/shebahub/ShebaHub_Backend/venv/lib/python3.12/site-packages/django/middleware/common.py", line 48, in process_request
    host = request.get_host()
           ^^^^^^^^^^^^^^^^^^
  File "/home/shebahub/ShebaHub_Backend/venv/lib/python3.12/site-packages/django/http/request.py", line 150, in get_host
    raise DisallowedHost(msg)
django.core.exceptions.DisallowedHost: Invalid HTTP_HOST header: '51.84.138.91:8085'. You may need to add '51.84.138.91' to ALLOWED_HOSTS.
INFO 2026-04-29 09:55:48,812 audit User registered successfully: yoavbourla@gmail.com
ERROR 2026-04-29 10:03:21,628 django.security.DisallowedHost Invalid HTTP_HOST header: '51.84.138.91:8085'. You may need to add '51.84.138.91' to ALLOWED_HOSTS.
Traceback (most recent call last):
  File "/home/shebahub/ShebaHub_Backend/venv/lib/python3.12/site-packages/django/core/handlers/exception.py", line 55, in inner
    response = get_response(request)
               ^^^^^^^^^^^^^^^^^^^^^
  File "/home/shebahub/ShebaHub_Backend/venv/lib/python3.12/site-packages/django/utils/deprecation.py", line 133, in __call__
    response = self.process_request(request)
               ^^^^^^^^^^^^^^^^^^^^^^^^^^^^^
  File "/home/shebahub/ShebaHub_Backend/venv/lib/python3.12/site-packages/django/middleware/common.py", line 48, in process_request
    host = request.get_host()
           ^^^^^^^^^^^^^^^^^^
  File "/home/shebahub/ShebaHub_Backend/venv/lib/python3.12/site-packages/django/http/request.py", line 150, in get_host
    raise DisallowedHost(msg)
django.core.exceptions.DisallowedHost: Invalid HTTP_HOST header: '51.84.138.91:8085'. You may need to add '51.84.138.91' to ALLOWED_HOSTS.
ERROR 2026-04-29 10:04:00,822 django.security.DisallowedHost Invalid HTTP_HOST header: '51.84.138.91:8085'. You may need to add '51.84.138.91' to ALLOWED_HOSTS.
Traceback (most recent call last):
  File "/home/shebahub/ShebaHub_Backend/venv/lib/python3.12/site-packages/django/core/handlers/exception.py", line 55, in inner
    response = get_response(request)
               ^^^^^^^^^^^^^^^^^^^^^
  File "/home/shebahub/ShebaHub_Backend/venv/lib/python3.12/site-packages/django/utils/deprecation.py", line 133, in __call__
    response = self.process_request(request)
               ^^^^^^^^^^^^^^^^^^^^^^^^^^^^^
  File "/home/shebahub/ShebaHub_Backend/venv/lib/python3.12/site-packages/django/middleware/common.py", line 48, in process_request
    host = request.get_host()
           ^^^^^^^^^^^^^^^^^^
  File "/home/shebahub/ShebaHub_Backend/venv/lib/python3.12/site-packages/django/http/request.py", line 150, in get_host
    raise DisallowedHost(msg)
django.core.exceptions.DisallowedHost: Invalid HTTP_HOST header: '51.84.138.91:8085'. You may need to add '51.84.138.91' to ALLOWED_HOSTS.
INFO 2026-04-29 10:17:36,507 audit Email verified: yoavbourla@gmail.com
INFO 2026-04-29 10:29:55,111 audit Student profile created: yoavbourla@gmail.com
INFO 2026-04-29 10:29:55,221 audit Document uploaded to student profile: yoavbourla@gmail.com
INFO 2026-04-29 10:35:19,727 audit Email verified: yoavbourla@gmail.com
INFO 2026-04-29 11:52:31,224 audit User registered successfully: tamiras24@gmail.com
INFO 2026-04-29 11:54:00,522 audit Mentor profile created: tamiras24@gmail.com
WARNING 2026-04-29 12:01:37,664 audit Signup validation failed: {'email': [ErrorDetail(string='User with this email already exists.', code='unique')]}
INFO 2026-04-29 12:01:53,726 audit User logged in successfully: reut.shoham@sheba.gov.il
INFO 2026-04-29 12:03:20,463 audit Mentor profile created: reut.shoham@sheba.gov.il
WARNING 2026-04-29 12:03:26,995 audit Failed login attempt for: orit.erman@sheba.health.org.il
INFO 2026-04-29 12:04:04,830 audit User registered successfully: oriterman@gmail.com
INFO 2026-04-29 12:25:24,425 audit User registered successfully: goldenberg.s@live.unic.ac.cy
INFO 2026-04-29 12:32:04,548 audit User registered successfully: qormata92@gmail.com
INFO 2026-04-29 12:32:20,173 audit User registered successfully: majd.elias23@gmail.com
INFO 2026-04-29 12:32:27,910 audit User registered successfully: heli3003@gmail.com
INFO 2026-04-29 12:42:42,953 audit User registered successfully: avitalk2@mail.tau.ac.il
INFO 2026-04-29 12:47:50,170 audit User logged in successfully: admin@sheba.com
INFO 2026-04-29 12:54:48,067 audit User registered successfully: orshani515@gmail.com
INFO 2026-04-29 12:54:51,305 audit User registered successfully: tehilash0004@gmail.com
INFO 2026-04-29 12:54:56,624 audit User registered successfully: orlovsky.yaniv@gmail.com
INFO 2026-04-29 12:55:07,994 audit User registered successfully: itshayek@mail.tau.ac.il
INFO 2026-04-29 12:55:52,241 audit User registered successfully: natali.haddad.md@gmail.com
INFO 2026-04-29 12:56:13,800 audit User registered successfully: hadar.vaisbuch@gmail.com
INFO 2026-04-29 12:56:14,123 audit User registered successfully: tiferetw@gmail.com
INFO 2026-04-29 12:56:20,710 audit User registered successfully: avishag46@gmail.com
INFO 2026-04-29 12:57:44,560 audit User registered successfully: nava0508@gmail.com
INFO 2026-04-29 12:58:10,125 audit User registered successfully: michelle1piper1@gmail.com
INFO 2026-04-29 12:58:56,163 audit User logged in successfully: roy.vivantee@gmail.com
INFO 2026-04-29 12:58:58,056 audit User registered successfully: natalims96@gmail.com
INFO 2026-04-29 13:00:15,383 audit Email verified: tiferetw@gmail.com
INFO 2026-04-29 13:00:30,559 audit User registered successfully: galiagelman@gmail.com
INFO 2026-04-29 13:00:38,545 audit User registered successfully: ronohana404@gmail.com
INFO 2026-04-29 13:01:02,280 audit User registered successfully: lionlebron996@gmail.com
INFO 2026-04-29 13:01:56,844 audit Student profile created: nava0508@gmail.com
INFO 2026-04-29 13:03:13,865 audit Student profile created: natalims96@gmail.com
INFO 2026-04-29 13:03:31,311 audit Email verified: natalims96@gmail.com
INFO 2026-04-29 13:03:38,115 audit Student profile created: avishag46@gmail.com
INFO 2026-04-29 13:05:11,483 audit User registered successfully: michal.gabbay28@gmail.com
INFO 2026-04-29 13:05:29,670 audit Email verified: itshayek@mail.tau.ac.il
WARNING 2026-04-29 13:06:21,495 audit Signup validation failed: {'password': [ErrorDetail(string='This password is too common.', code='invalid')]}
INFO 2026-04-29 13:06:40,077 audit User registered successfully: yuval.kaduri@gmail.com
INFO 2026-04-29 13:07:21,784 audit User registered successfully: yael.doyev@gmail.com
INFO 2026-04-29 13:08:51,073 audit User registered successfully: maya.boxer10@gmail.com
INFO 2026-04-29 13:11:21,693 audit User registered successfully: elahmidian@gmail.com
INFO 2026-04-29 13:13:41,797 audit User registered successfully: nicolekovaks@mail.tau.ac.il
INFO 2026-04-29 13:17:04,725 audit Student profile created: yuval.kaduri@gmail.com
INFO 2026-04-29 13:17:05,502 audit Document uploaded to student profile: yuval.kaduri@gmail.com
INFO 2026-04-29 13:17:19,467 audit Email verified: yuval.kaduri@gmail.com
INFO 2026-04-29 13:17:27,187 audit User logged in successfully: yuval.kaduri@gmail.com
INFO 2026-04-29 13:18:14,852 audit Email verified: elahmidian@gmail.com
INFO 2026-04-29 13:18:46,797 audit Student profile updated: yuval.kaduri@gmail.com
INFO 2026-04-29 13:18:47,791 audit Student avatar uploaded: yuval.kaduri@gmail.com
INFO 2026-04-29 13:20:06,610 audit User logged in successfully: reut.shoham@sheba.gov.il
INFO 2026-04-29 13:20:37,658 audit Student profile created: galiagelman@gmail.com
INFO 2026-04-29 13:25:28,883 audit Student profile created: nicolekovaks@mail.tau.ac.il
INFO 2026-04-29 13:26:15,675 audit Verification email resent: galiagelman@gmail.com
INFO 2026-04-29 13:26:25,021 audit Email verified: nicolekovaks@mail.tau.ac.il
INFO 2026-04-29 13:26:54,222 audit Email verified: galiagelman@gmail.com
INFO 2026-04-29 13:27:30,073 audit User registered successfully: amitalisaac@gmail.com
INFO 2026-04-29 13:27:52,780 audit Student profile updated: nicolekovaks@mail.tau.ac.il
WARNING 2026-04-29 13:28:12,607 audit Signup validation failed: {'password': [ErrorDetail(string='This password is entirely numeric.', code='invalid')]}
INFO 2026-04-29 13:28:30,848 audit User registered successfully: nirchen1998@gmail.com
INFO 2026-04-29 13:29:35,329 audit Student profile updated: galiagelman@gmail.com
INFO 2026-04-29 13:29:40,715 audit User registered successfully: eladmeishar@gmail.com
INFO 2026-04-29 13:29:55,841 audit Mentor profile created: amitalisaac@gmail.com
INFO 2026-04-29 13:30:20,377 audit User registered successfully: adidush.kn@gmail.com
INFO 2026-04-29 13:30:30,167 audit Student profile updated: nicolekovaks@mail.tau.ac.il
INFO 2026-04-29 13:30:47,875 audit Student profile updated: nicolekovaks@mail.tau.ac.il
INFO 2026-04-29 13:31:07,178 audit Student profile created: nirchen1998@gmail.com
INFO 2026-04-29 13:31:31,754 audit Email verified: nirchen1998@gmail.com
INFO 2026-04-29 13:31:39,071 audit User logged in successfully: nirchen1998@gmail.com
INFO 2026-04-29 13:32:02,698 audit Verification email resent: avishag46@gmail.com
INFO 2026-04-29 13:32:11,171 audit Email verified: avishag46@gmail.com
INFO 2026-04-29 13:32:20,690 audit User logged in successfully: avishag46@gmail.com
INFO 2026-04-29 13:33:27,233 audit Student profile updated: avishag46@gmail.com
INFO 2026-04-29 13:34:34,805 audit Student profile updated: avishag46@gmail.com
INFO 2026-04-29 13:35:03,747 audit Student profile updated: nirchen1998@gmail.com
INFO 2026-04-29 13:35:16,842 audit Student profile created: eladmeishar@gmail.com
WARNING 2026-04-29 13:35:51,764 audit Signup validation failed: {'password': [ErrorDetail(string='This password is entirely numeric.', code='invalid')]}
INFO 2026-04-29 13:36:10,787 audit Student profile created: adidush.kn@gmail.com
INFO 2026-04-29 13:36:31,564 audit User registered successfully: ohadmanshirov@gmail.com
INFO 2026-04-29 13:37:02,621 audit Student profile created: elahmidian@gmail.com
INFO 2026-04-29 13:37:33,312 audit Student profile updated: elahmidian@gmail.com
INFO 2026-04-29 13:38:02,285 audit Email verified: ohadmanshirov@gmail.com
INFO 2026-04-29 13:41:09,166 audit Student profile created: ohadmanshirov@gmail.com
INFO 2026-04-29 13:42:09,313 audit Student profile updated: nicolekovaks@mail.tau.ac.il
INFO 2026-04-29 13:42:09,418 audit Student avatar uploaded: nicolekovaks@mail.tau.ac.il
ERROR 2026-04-29 13:46:39,177 django.security.DisallowedHost Invalid HTTP_HOST header: '51.84.138.91:8085'. You may need to add '51.84.138.91' to ALLOWED_HOSTS.
Traceback (most recent call last):
  File "/home/shebahub/ShebaHub_Backend/venv/lib/python3.12/site-packages/django/core/handlers/exception.py", line 55, in inner
    response = get_response(request)
               ^^^^^^^^^^^^^^^^^^^^^
  File "/home/shebahub/ShebaHub_Backend/venv/lib/python3.12/site-packages/django/utils/deprecation.py", line 133, in __call__
    response = self.process_request(request)
               ^^^^^^^^^^^^^^^^^^^^^^^^^^^^^
  File "/home/shebahub/ShebaHub_Backend/venv/lib/python3.12/site-packages/django/middleware/common.py", line 48, in process_request
    host = request.get_host()
           ^^^^^^^^^^^^^^^^^^
  File "/home/shebahub/ShebaHub_Backend/venv/lib/python3.12/site-packages/django/http/request.py", line 150, in get_host
    raise DisallowedHost(msg)
django.core.exceptions.DisallowedHost: Invalid HTTP_HOST header: '51.84.138.91:8085'. You may need to add '51.84.138.91' to ALLOWED_HOSTS.
INFO 2026-04-29 13:51:29,646 audit User registered successfully: oranrahamim@gmail.com
INFO 2026-04-29 13:52:33,093 audit User registered successfully: shtayman.avital@gmail.com
INFO 2026-04-29 13:55:49,054 audit User registered successfully: lironsnapir@gmail.com
INFO 2026-04-29 13:56:03,096 audit Email verified: lironsnapir@gmail.com
INFO 2026-04-29 13:56:18,290 audit Email verified: eladmeishar@gmail.com
INFO 2026-04-29 13:57:27,758 audit User registered successfully: rotemtal2511@gmail.com
INFO 2026-04-29 14:03:16,208 audit Student profile created: lironsnapir@gmail.com
INFO 2026-04-29 14:03:16,387 audit Document uploaded to student profile: lironsnapir@gmail.com
INFO 2026-04-29 14:06:13,544 audit User logged in successfully: lironsnapir@gmail.com
INFO 2026-04-29 14:09:19,948 audit Document downloaded:  Liron Snapir CV .pdf
ERROR 2026-04-29 14:23:55,293 django.security.DisallowedHost Invalid HTTP_HOST header: '51.84.138.91:8085'. You may need to add '51.84.138.91' to ALLOWED_HOSTS.
Traceback (most recent call last):
  File "/home/shebahub/ShebaHub_Backend/venv/lib/python3.12/site-packages/django/core/handlers/exception.py", line 55, in inner
    response = get_response(request)
               ^^^^^^^^^^^^^^^^^^^^^
  File "/home/shebahub/ShebaHub_Backend/venv/lib/python3.12/site-packages/django/utils/deprecation.py", line 133, in __call__
    response = self.process_request(request)
               ^^^^^^^^^^^^^^^^^^^^^^^^^^^^^
  File "/home/shebahub/ShebaHub_Backend/venv/lib/python3.12/site-packages/django/middleware/common.py", line 48, in process_request
    host = request.get_host()
           ^^^^^^^^^^^^^^^^^^
  File "/home/shebahub/ShebaHub_Backend/venv/lib/python3.12/site-packages/django/http/request.py", line 150, in get_host
    raise DisallowedHost(msg)
django.core.exceptions.DisallowedHost: Invalid HTTP_HOST header: '51.84.138.91:8085'. You may need to add '51.84.138.91' to ALLOWED_HOSTS.
INFO 2026-04-29 14:27:22,552 audit User registered successfully: zohar87@gmail.com
INFO 2026-04-29 14:27:26,421 audit Email verified: rotemtal2511@gmail.com
INFO 2026-04-29 14:30:53,278 audit Student profile created: zohar87@gmail.com
INFO 2026-04-29 14:31:06,686 audit Email verified: zohar87@gmail.com
INFO 2026-04-29 14:51:34,281 audit Email verified: orlovsky.yaniv@gmail.com
INFO 2026-04-29 14:51:42,604 audit Email verified: orlovsky.yaniv@gmail.com
INFO 2026-04-29 14:51:53,862 audit User logged in successfully: orlovsky.yaniv@gmail.com
INFO 2026-04-29 14:53:56,511 audit User logged in successfully: elahmidian@gmail.com
WARNING 2026-04-29 14:57:37,328 audit Failed login attempt for: avishag46@gmail.con
INFO 2026-04-29 14:57:45,225 audit User logged in successfully: avishag46@gmail.com
INFO 2026-04-29 14:59:15,712 audit Email verified: oranrahamim@gmail.com
INFO 2026-04-29 16:29:38,343 audit User registered successfully: waked.ibrahim7@gmail.com
INFO 2026-04-29 16:31:26,447 audit Mentor profile created: waked.ibrahim7@gmail.com
INFO 2026-04-29 16:35:57,721 audit Email verified: waked.ibrahim7@gmail.com
INFO 2026-04-29 16:36:02,331 audit Email verified: waked.ibrahim7@gmail.com
INFO 2026-04-29 16:39:08,225 audit Email verified: lionlebron996@gmail.com
INFO 2026-04-29 16:41:45,526 audit User registered successfully: ofrygr96@gmail.com
INFO 2026-04-29 16:46:46,259 audit User registered successfully: morangendler@gmail.com
INFO 2026-04-29 16:55:13,065 audit User registered successfully: ghannam.rola97@gmail.com
INFO 2026-04-29 16:55:30,633 audit Email verified: ghannam.rola97@gmail.com
INFO 2026-04-29 16:58:34,873 audit Student profile created: ghannam.rola97@gmail.com
INFO 2026-04-29 17:27:40,231 audit Student profile created: ofrygr96@gmail.com
INFO 2026-04-29 17:28:08,615 audit Document uploaded to student profile: ofrygr96@gmail.com
INFO 2026-04-29 17:35:12,657 audit Student profile updated: ofrygr96@gmail.com
INFO 2026-04-29 17:35:28,883 audit Email verified: ofrygr96@gmail.com
INFO 2026-04-29 17:35:56,482 audit Student profile updated: ofrygr96@gmail.com
INFO 2026-04-29 17:37:43,903 audit Student profile updated: ofrygr96@gmail.com
INFO 2026-04-29 17:37:59,787 audit Student profile updated: ofrygr96@gmail.com
INFO 2026-04-29 17:39:17,435 audit Student profile updated: ofrygr96@gmail.com
INFO 2026-04-29 17:42:19,742 audit Student profile updated: ofrygr96@gmail.com
INFO 2026-04-29 17:45:24,096 audit Student profile updated: ofrygr96@gmail.com
INFO 2026-04-29 17:51:36,131 audit Student profile updated: ofrygr96@gmail.com
INFO 2026-04-29 18:52:36,834 audit User registered successfully: chana770r@gmail.com
INFO 2026-04-29 18:53:05,816 audit User registered successfully: daniellereznik@gmail.com
INFO 2026-04-29 18:53:14,934 audit Email verified: rotemtal2511@gmail.com
INFO 2026-04-29 18:53:22,533 audit User logged in successfully: rotemtal2511@gmail.com
INFO 2026-04-29 18:54:46,477 audit Student profile created: chana770r@gmail.com
INFO 2026-04-29 19:00:52,148 audit Student profile created: rotemtal2511@gmail.com
INFO 2026-04-29 19:05:36,646 audit User registered successfully: ahinoamavni@mail.tau.ac.il
INFO 2026-04-29 19:15:18,216 audit User logged in successfully: gad.segal@sheba.health.gov.il
INFO 2026-04-29 19:16:28,374 audit User registered successfully: joellerothenberg@gmail.com
INFO 2026-04-29 19:19:21,272 audit User registered successfully: vardib@mail.tau.ac.il
INFO 2026-04-29 19:30:17,298 audit User registered successfully: shirabh2708@gmail.com
INFO 2026-04-29 19:32:49,923 audit Email verified: nava0508@gmail.com
INFO 2026-04-29 19:33:08,084 audit User logged in successfully: nava0508@gmail.com
INFO 2026-04-29 19:35:49,125 audit Student profile created: shirabh2708@gmail.com
INFO 2026-04-29 19:35:59,177 audit Email verified: shirabh2708@gmail.com
INFO 2026-04-29 19:39:49,427 audit User registered successfully: shirazs2@mail.tau.ac.il
INFO 2026-04-29 19:43:46,782 audit Student profile created: shirazs2@mail.tau.ac.il
INFO 2026-04-29 20:45:12,521 audit User registered successfully: idanlevi1@mail.tau.ac.il
INFO 2026-04-29 20:48:27,624 audit Student profile created: idanlevi1@mail.tau.ac.il
INFO 2026-04-29 21:06:57,622 audit Verification email resent: idanlevi1@mail.tau.ac.il
INFO 2026-04-29 22:11:21,975 audit User logged in successfully: idanlevi1@mail.tau.ac.il
WARNING 2026-04-29 22:28:08,593 audit Signup validation failed: {'password': [ErrorDetail(string='This password is entirely numeric.', code='invalid')]}
INFO 2026-04-29 22:28:40,167 audit User registered successfully: leah32544@gmail.com
INFO 2026-04-29 23:06:32,092 audit Email verified: leah32544@gmail.com
ERROR 2026-04-30 01:49:59,253 django.security.DisallowedHost Invalid HTTP_HOST header: '51.84.138.91:8085'. You may need to add '51.84.138.91' to ALLOWED_HOSTS.
Traceback (most recent call last):
  File "/home/shebahub/ShebaHub_Backend/venv/lib/python3.12/site-packages/django/core/handlers/exception.py", line 55, in inner
    response = get_response(request)
               ^^^^^^^^^^^^^^^^^^^^^
  File "/home/shebahub/ShebaHub_Backend/venv/lib/python3.12/site-packages/django/utils/deprecation.py", line 133, in __call__
    response = self.process_request(request)
               ^^^^^^^^^^^^^^^^^^^^^^^^^^^^^
  File "/home/shebahub/ShebaHub_Backend/venv/lib/python3.12/site-packages/django/middleware/common.py", line 48, in process_request
    host = request.get_host()
           ^^^^^^^^^^^^^^^^^^
  File "/home/shebahub/ShebaHub_Backend/venv/lib/python3.12/site-packages/django/http/request.py", line 150, in get_host
    raise DisallowedHost(msg)
django.core.exceptions.DisallowedHost: Invalid HTTP_HOST header: '51.84.138.91:8085'. You may need to add '51.84.138.91' to ALLOWED_HOSTS.
ERROR 2026-04-30 01:50:00,203 django.security.DisallowedHost Invalid HTTP_HOST header: '51.84.138.91:8085'. You may need to add '51.84.138.91' to ALLOWED_HOSTS.
Traceback (most recent call last):
  File "/home/shebahub/ShebaHub_Backend/venv/lib/python3.12/site-packages/django/core/handlers/exception.py", line 55, in inner
    response = get_response(request)
               ^^^^^^^^^^^^^^^^^^^^^
  File "/home/shebahub/ShebaHub_Backend/venv/lib/python3.12/site-packages/django/utils/deprecation.py", line 133, in __call__
    response = self.process_request(request)
               ^^^^^^^^^^^^^^^^^^^^^^^^^^^^^
  File "/home/shebahub/ShebaHub_Backend/venv/lib/python3.12/site-packages/django/middleware/common.py", line 48, in process_request
    host = request.get_host()
           ^^^^^^^^^^^^^^^^^^
  File "/home/shebahub/ShebaHub_Backend/venv/lib/python3.12/site-packages/django/http/request.py", line 150, in get_host
    raise DisallowedHost(msg)
django.core.exceptions.DisallowedHost: Invalid HTTP_HOST header: '51.84.138.91:8085'. You may need to add '51.84.138.91' to ALLOWED_HOSTS.
ERROR 2026-04-30 01:50:01,144 django.security.DisallowedHost Invalid HTTP_HOST header: '51.84.138.91:8085'. You may need to add '51.84.138.91' to ALLOWED_HOSTS.
Traceback (most recent call last):
  File "/home/shebahub/ShebaHub_Backend/venv/lib/python3.12/site-packages/django/core/handlers/exception.py", line 55, in inner
    response = get_response(request)
               ^^^^^^^^^^^^^^^^^^^^^
  File "/home/shebahub/ShebaHub_Backend/venv/lib/python3.12/site-packages/django/utils/deprecation.py", line 133, in __call__
    response = self.process_request(request)
               ^^^^^^^^^^^^^^^^^^^^^^^^^^^^^
  File "/home/shebahub/ShebaHub_Backend/venv/lib/python3.12/site-packages/django/middleware/common.py", line 48, in process_request
    host = request.get_host()
           ^^^^^^^^^^^^^^^^^^
  File "/home/shebahub/ShebaHub_Backend/venv/lib/python3.12/site-packages/django/http/request.py", line 150, in get_host
    raise DisallowedHost(msg)
django.core.exceptions.DisallowedHost: Invalid HTTP_HOST header: '51.84.138.91:8085'. You may need to add '51.84.138.91' to ALLOWED_HOSTS.
ERROR 2026-04-30 01:50:02,084 django.security.DisallowedHost Invalid HTTP_HOST header: '51.84.138.91:8085'. You may need to add '51.84.138.91' to ALLOWED_HOSTS.
Traceback (most recent call last):
  File "/home/shebahub/ShebaHub_Backend/venv/lib/python3.12/site-packages/django/core/handlers/exception.py", line 55, in inner
    response = get_response(request)
               ^^^^^^^^^^^^^^^^^^^^^
  File "/home/shebahub/ShebaHub_Backend/venv/lib/python3.12/site-packages/django/utils/deprecation.py", line 133, in __call__
    response = self.process_request(request)
               ^^^^^^^^^^^^^^^^^^^^^^^^^^^^^
  File "/home/shebahub/ShebaHub_Backend/venv/lib/python3.12/site-packages/django/middleware/common.py", line 48, in process_request
    host = request.get_host()
           ^^^^^^^^^^^^^^^^^^
  File "/home/shebahub/ShebaHub_Backend/venv/lib/python3.12/site-packages/django/http/request.py", line 150, in get_host
    raise DisallowedHost(msg)
django.core.exceptions.DisallowedHost: Invalid HTTP_HOST header: '51.84.138.91:8085'. You may need to add '51.84.138.91' to ALLOWED_HOSTS.
INFO 2026-04-30 03:50:37,047 audit User logged in successfully: ofrygr96@gmail.com
INFO 2026-04-30 03:55:22,548 audit Document deleted from student profile: ofrygr96@gmail.com
INFO 2026-04-30 03:55:28,459 audit Student profile updated: ofrygr96@gmail.com
INFO 2026-04-30 04:19:56,492 audit User registered successfully: daniellegazit@gmail.com
INFO 2026-04-30 04:24:02,721 audit User registered successfully: maorb4756@gmail.com
INFO 2026-04-30 04:41:47,402 audit Student profile created: daniellegazit@gmail.com
INFO 2026-04-30 04:42:11,975 audit Email verified: daniellegazit@gmail.com
INFO 2026-04-30 05:07:12,980 audit User registered successfully: maskitgm@gmail.com
INFO 2026-04-30 05:23:35,535 audit Student profile created: maskitgm@gmail.com
INFO 2026-04-30 05:53:36,501 audit User logged in successfully: elahmidian@gmail.com
INFO 2026-04-30 07:34:08,843 audit User registered successfully: lizne19@gmail.com
INFO 2026-04-30 07:34:31,537 audit User registered successfully: baganmax@post.bgu.ac.il
INFO 2026-04-30 07:34:44,845 audit User registered successfully: shabtai39@gmail.com
INFO 2026-04-30 07:35:00,215 audit User registered successfully: ayelet.ha.koren@gmail.com
INFO 2026-04-30 07:35:15,520 audit Email verified: ayelet.ha.koren@gmail.com
INFO 2026-04-30 07:35:32,904 audit User logged in successfully: ayelet.ha.koren@gmail.com
INFO 2026-04-30 07:40:17,660 audit Email verified: ayelet.ha.koren@gmail.com
INFO 2026-04-30 07:45:22,819 audit User registered successfully: rafael.aviram@gmail.com
INFO 2026-04-30 07:49:17,691 audit User registered successfully: luizam@mail.afeka.ac.il
INFO 2026-04-30 07:58:57,998 audit User registered successfully: straschnow1@mail.tau.ac.il
INFO 2026-04-30 08:06:54,611 audit User registered successfully: adivichner@gmail.com
INFO 2026-04-30 08:07:29,534 audit Verification email resent: luizam@mail.afeka.ac.il
INFO 2026-04-30 08:07:54,715 audit Email verified: luizam@mail.afeka.ac.il
INFO 2026-04-30 08:08:42,456 audit Email verified: adivichner@gmail.com
INFO 2026-04-30 08:13:11,703 audit User logged in successfully: admin@sheba.com
INFO 2026-04-30 08:14:10,103 audit User logged in successfully: maayangilboa@tau.ac.il
INFO 2026-04-30 08:21:10,791 audit User registered successfully: malovmalki@gmail.com
INFO 2026-04-30 08:23:49,977 audit Email verified: malovmalki@gmail.com
INFO 2026-04-30 08:24:25,674 audit Email verified: malovmalki@gmail.com
INFO 2026-04-30 08:39:55,880 audit User registered successfully: avihai7896@gmail.com
INFO 2026-04-30 08:44:19,724 audit User registered successfully: rahelr2k@gmail.com
WARNING 2026-04-30 09:04:26,715 audit Failed login attempt for: roy.vivantee@gmail.com
INFO 2026-04-30 09:06:05,226 audit User logged in successfully: roy.vivantee@gmail.com
INFO 2026-04-30 09:06:30,217 audit User registered successfully: oriyaassor8@gmail.com
INFO 2026-04-30 09:37:19,020 audit User registered successfully: neoriswissa@gmail.com
INFO 2026-04-30 09:44:58,455 audit User logged in successfully: yoavbourla@gmail.com
INFO 2026-04-30 09:45:30,422 audit Student profile created: neoriswissa@gmail.com
ERROR 2026-04-30 09:55:05,385 django.security.DisallowedHost Invalid HTTP_HOST header: '51.84.138.91:8085'. You may need to add '51.84.138.91' to ALLOWED_HOSTS.
Traceback (most recent call last):
  File "/home/shebahub/ShebaHub_Backend/venv/lib/python3.12/site-packages/django/core/handlers/exception.py", line 55, in inner
    response = get_response(request)
               ^^^^^^^^^^^^^^^^^^^^^
  File "/home/shebahub/ShebaHub_Backend/venv/lib/python3.12/site-packages/django/utils/deprecation.py", line 133, in __call__
    response = self.process_request(request)
               ^^^^^^^^^^^^^^^^^^^^^^^^^^^^^
  File "/home/shebahub/ShebaHub_Backend/venv/lib/python3.12/site-packages/django/middleware/common.py", line 48, in process_request
    host = request.get_host()
           ^^^^^^^^^^^^^^^^^^
  File "/home/shebahub/ShebaHub_Backend/venv/lib/python3.12/site-packages/django/http/request.py", line 150, in get_host
    raise DisallowedHost(msg)
django.core.exceptions.DisallowedHost: Invalid HTTP_HOST header: '51.84.138.91:8085'. You may need to add '51.84.138.91' to ALLOWED_HOSTS.
ERROR 2026-04-30 09:55:45,746 django.security.DisallowedHost Invalid HTTP_HOST header: '51.84.138.91:8085'. You may need to add '51.84.138.91' to ALLOWED_HOSTS.
Traceback (most recent call last):
  File "/home/shebahub/ShebaHub_Backend/venv/lib/python3.12/site-packages/django/core/handlers/exception.py", line 55, in inner
    response = get_response(request)
               ^^^^^^^^^^^^^^^^^^^^^
  File "/home/shebahub/ShebaHub_Backend/venv/lib/python3.12/site-packages/django/utils/deprecation.py", line 133, in __call__
    response = self.process_request(request)
               ^^^^^^^^^^^^^^^^^^^^^^^^^^^^^
  File "/home/shebahub/ShebaHub_Backend/venv/lib/python3.12/site-packages/django/middleware/common.py", line 48, in process_request
    host = request.get_host()
           ^^^^^^^^^^^^^^^^^^
  File "/home/shebahub/ShebaHub_Backend/venv/lib/python3.12/site-packages/django/http/request.py", line 150, in get_host
    raise DisallowedHost(msg)
django.core.exceptions.DisallowedHost: Invalid HTTP_HOST header: '51.84.138.91:8085'. You may need to add '51.84.138.91' to ALLOWED_HOSTS.
INFO 2026-04-30 10:11:45,108 audit User logged in successfully: roy.vivantee@gmail.com
INFO 2026-04-30 10:15:29,637 audit Email verified: maskitgm@gmail.com
INFO 2026-04-30 10:15:46,809 audit User logged in successfully: maskitgm@gmail.com
INFO 2026-04-30 10:24:15,025 audit User registered successfully: yrozen8@gmail.com
ERROR 2026-04-30 10:25:30,616 django.security.DisallowedHost Invalid HTTP_HOST header: '51.84.138.91:8085'. You may need to add '51.84.138.91' to ALLOWED_HOSTS.
Traceback (most recent call last):
  File "/home/shebahub/ShebaHub_Backend/venv/lib/python3.12/site-packages/django/core/handlers/exception.py", line 55, in inner
    response = get_response(request)
               ^^^^^^^^^^^^^^^^^^^^^
  File "/home/shebahub/ShebaHub_Backend/venv/lib/python3.12/site-packages/django/utils/deprecation.py", line 133, in __call__
    response = self.process_request(request)
               ^^^^^^^^^^^^^^^^^^^^^^^^^^^^^
  File "/home/shebahub/ShebaHub_Backend/venv/lib/python3.12/site-packages/django/middleware/common.py", line 48, in process_request
    host = request.get_host()
           ^^^^^^^^^^^^^^^^^^
  File "/home/shebahub/ShebaHub_Backend/venv/lib/python3.12/site-packages/django/http/request.py", line 150, in get_host
    raise DisallowedHost(msg)
django.core.exceptions.DisallowedHost: Invalid HTTP_HOST header: '51.84.138.91:8085'. You may need to add '51.84.138.91' to ALLOWED_HOSTS.
INFO 2026-04-30 10:41:17,828 audit Verification email resent: yrozen8@gmail.com
INFO 2026-04-30 10:41:31,069 audit Email verified: yrozen8@gmail.com
INFO 2026-04-30 10:41:36,901 audit Email verified: yrozen8@gmail.com
INFO 2026-04-30 10:45:27,973 audit User logged in successfully: ofrygr96@gmail.com
INFO 2026-04-30 10:47:17,326 audit Student profile created: yrozen8@gmail.com
WARNING 2026-04-30 11:01:08,228 audit Failed login attempt for: shiraalbo1@gmail.com
INFO 2026-04-30 11:01:41,773 audit User registered successfully: shiraalbo1@gmail.com
INFO 2026-04-30 11:09:24,923 audit User registered successfully: nofarf1000@gmail.com
INFO 2026-04-30 11:10:47,725 audit User logged in successfully: galiagelman@gmail.com
INFO 2026-04-30 11:13:57,309 audit Student profile created: nofarf1000@gmail.com
INFO 2026-04-30 11:17:33,803 audit Email verified: nofarf1000@gmail.com
INFO 2026-04-30 11:23:18,795 audit User registered successfully: adanimor15@gmail.com
INFO 2026-04-30 11:25:04,994 audit Student profile created: shiraalbo1@gmail.com
INFO 2026-04-30 11:25:19,758 audit Email verified: shiraalbo1@gmail.com
INFO 2026-04-30 11:26:03,861 audit User registered successfully: nick190.ng@gmail.com
INFO 2026-04-30 11:26:46,112 audit Student profile updated: shiraalbo1@gmail.com
INFO 2026-04-30 11:27:10,052 audit Student profile updated: yrozen8@gmail.com
INFO 2026-04-30 12:16:10,792 audit User logged in successfully: roy.vivantee@gmail.com
INFO 2026-04-30 12:18:44,450 audit User logged in successfully: maayangilboa@tau.ac.il
INFO 2026-04-30 12:39:34,692 audit User logged in successfully: admin@sheba.com
INFO 2026-04-30 12:55:20,781 audit User logged in successfully: malovmalki@gmail.com
INFO 2026-04-30 13:04:09,777 audit Student profile created: malovmalki@gmail.com
INFO 2026-04-30 13:04:09,897 audit Document uploaded to student profile: malovmalki@gmail.com
INFO 2026-04-30 13:25:40,360 audit User logged in successfully: gad.segal@sheba.health.gov.il
INFO 2026-04-30 13:42:23,769 audit User logged in successfully: roy.vivantee@gmail.com
INFO 2026-04-30 14:05:43,716 audit User registered successfully: plirazp2002@gmail.com
INFO 2026-04-30 14:17:20,371 audit User registered successfully: noa6845@gmail.com
INFO 2026-04-30 14:17:44,285 audit User registered successfully: tmishal7@gmail.com
INFO 2026-04-30 14:23:56,069 audit User registered successfully: avi28800@gmail.com
ERROR 2026-04-30 14:26:06,144 django.security.DisallowedHost Invalid HTTP_HOST header: '51.84.138.91:8085'. You may need to add '51.84.138.91' to ALLOWED_HOSTS.
Traceback (most recent call last):
  File "/home/shebahub/ShebaHub_Backend/venv/lib/python3.12/site-packages/django/core/handlers/exception.py", line 55, in inner
    response = get_response(request)
               ^^^^^^^^^^^^^^^^^^^^^
  File "/home/shebahub/ShebaHub_Backend/venv/lib/python3.12/site-packages/django/utils/deprecation.py", line 133, in __call__
    response = self.process_request(request)
               ^^^^^^^^^^^^^^^^^^^^^^^^^^^^^
  File "/home/shebahub/ShebaHub_Backend/venv/lib/python3.12/site-packages/django/middleware/common.py", line 48, in process_request
    host = request.get_host()
           ^^^^^^^^^^^^^^^^^^
  File "/home/shebahub/ShebaHub_Backend/venv/lib/python3.12/site-packages/django/http/request.py", line 150, in get_host
    raise DisallowedHost(msg)
django.core.exceptions.DisallowedHost: Invalid HTTP_HOST header: '51.84.138.91:8085'. You may need to add '51.84.138.91' to ALLOWED_HOSTS.
INFO 2026-04-30 14:28:17,716 audit User registered successfully: shiri.achimeir@gmail.com
INFO 2026-04-30 14:28:31,883 audit User registered successfully: sharlitv@gmail.com
INFO 2026-04-30 14:31:44,166 audit User registered successfully: shanilyskov@mail.tau.ac.il
INFO 2026-04-30 14:32:14,129 audit Email verified: shiri.achimeir@gmail.com
INFO 2026-04-30 14:36:28,465 audit Student profile created: shanilyskov@mail.tau.ac.il
INFO 2026-04-30 14:37:47,564 audit Student profile updated: shanilyskov@mail.tau.ac.il
ERROR 2026-04-30 14:46:33,377 django.security.DisallowedHost Invalid HTTP_HOST header: '51.84.138.91:8085'. You may need to add '51.84.138.91' to ALLOWED_HOSTS.
Traceback (most recent call last):
  File "/home/shebahub/ShebaHub_Backend/venv/lib/python3.12/site-packages/django/core/handlers/exception.py", line 55, in inner
    response = get_response(request)
               ^^^^^^^^^^^^^^^^^^^^^
  File "/home/shebahub/ShebaHub_Backend/venv/lib/python3.12/site-packages/django/utils/deprecation.py", line 133, in __call__
    response = self.process_request(request)
               ^^^^^^^^^^^^^^^^^^^^^^^^^^^^^
  File "/home/shebahub/ShebaHub_Backend/venv/lib/python3.12/site-packages/django/middleware/common.py", line 48, in process_request
    host = request.get_host()
           ^^^^^^^^^^^^^^^^^^
  File "/home/shebahub/ShebaHub_Backend/venv/lib/python3.12/site-packages/django/http/request.py", line 150, in get_host
    raise DisallowedHost(msg)
django.core.exceptions.DisallowedHost: Invalid HTTP_HOST header: '51.84.138.91:8085'. You may need to add '51.84.138.91' to ALLOWED_HOSTS.
INFO 2026-04-30 14:48:13,568 audit User logged in successfully: admin@sheba.com
INFO 2026-04-30 14:50:50,237 audit User registered successfully: matanshmuel7@gmail.com
INFO 2026-04-30 14:51:23,097 audit User registered successfully: roylinzen@gmail.com
INFO 2026-04-30 14:51:57,929 audit User registered successfully: admin_test@gmail.com
INFO 2026-04-30 14:53:16,808 audit Student profile created: matanshmuel7@gmail.com
INFO 2026-04-30 14:53:51,735 audit Email verified: shanilyskov@mail.tau.ac.il
INFO 2026-04-30 14:54:12,875 audit User logged in successfully: admin_test@gmail.com
INFO 2026-04-30 14:56:19,254 audit Student profile updated: matanshmuel7@gmail.com
INFO 2026-04-30 14:56:50,673 audit Email verified: rahelr2k@gmail.com
INFO 2026-04-30 14:56:56,252 audit User logged in successfully: rahelr2k@gmail.com
INFO 2026-04-30 15:01:44,409 audit User registered successfully: rotemnahmias15@gmail.com
INFO 2026-04-30 15:02:08,521 audit User logged in successfully: admin_test@gmail.com
INFO 2026-04-30 15:03:27,991 audit Student profile created: noa6845@gmail.com
INFO 2026-04-30 15:08:56,123 audit User registered successfully: shiraharzion@gmail.com
INFO 2026-04-30 15:09:15,121 audit User registered successfully: gkojukhov@gmail.com
INFO 2026-04-30 15:11:27,176 audit User logged in successfully: yrozen8@gmail.com
INFO 2026-04-30 15:12:37,198 audit User registered successfully: m.shwuehdi@gmail.com
INFO 2026-04-30 15:12:58,652 audit User registered successfully: nivpesok@mail.tau.ac.il
INFO 2026-04-30 15:13:06,763 audit User registered successfully: reut954@gmail.com
WARNING 2026-04-30 15:14:45,911 audit Signup validation failed: {'password': [ErrorDetail(string='This password is too common.', code='invalid')]}
WARNING 2026-04-30 15:15:02,075 audit Signup validation failed: {'password': [ErrorDetail(string='This password is too common.', code='invalid')]}
INFO 2026-04-30 15:15:11,766 audit Student profile created: nivpesok@mail.tau.ac.il
INFO 2026-04-30 15:15:17,202 audit User registered successfully: jonathan200123456@gmail.com
INFO 2026-04-30 15:15:43,100 audit Email verified: nivpesok@mail.tau.ac.il
INFO 2026-04-30 15:15:53,128 audit Email verified: nivpesok@mail.tau.ac.il
INFO 2026-04-30 15:16:22,126 audit User registered successfully: avraofri@gmail.con
INFO 2026-04-30 15:17:26,170 audit User registered successfully: belle10042@gmail.com
INFO 2026-04-30 15:18:00,543 audit User registered successfully: ilana.libin.2002@gmail.com
INFO 2026-04-30 15:19:00,747 audit Student profile created: jonathan200123456@gmail.com
INFO 2026-04-30 15:19:17,613 audit Student profile created: reut954@gmail.com
INFO 2026-04-30 15:19:42,609 audit Student profile created: belle10042@gmail.com
INFO 2026-04-30 15:20:26,359 audit Email verified: belle10042@gmail.com
INFO 2026-04-30 15:20:39,128 audit Email verified: belle10042@gmail.com
INFO 2026-04-30 15:20:45,274 audit Student profile updated: jonathan200123456@gmail.com
INFO 2026-04-30 15:21:52,393 audit Student profile created: ilana.libin.2002@gmail.com
INFO 2026-04-30 15:22:08,780 audit User registered successfully: galihemo3@gmail.com
INFO 2026-04-30 15:22:18,206 audit User logged in successfully: elahmidian@gmail.com
INFO 2026-04-30 15:23:14,704 audit User registered successfully: urifridman91@gmail.com
INFO 2026-04-30 15:25:55,762 audit User registered successfully: hschlakman10@gmail.com
INFO 2026-04-30 15:29:35,096 audit Mentor profile created: urifridman91@gmail.com
INFO 2026-04-30 15:29:35,533 audit Document uploaded to mentor profile: urifridman91@gmail.com
INFO 2026-04-30 15:29:45,230 audit Email verified: urifridman91@gmail.com
INFO 2026-04-30 15:29:53,259 audit User logged in successfully: urifridman91@gmail.com
INFO 2026-04-30 15:36:39,307 audit Student profile created: galihemo3@gmail.com
INFO 2026-04-30 15:36:39,625 audit Document uploaded to student profile: galihemo3@gmail.com
INFO 2026-04-30 15:39:29,372 audit Email verified: galihemo3@gmail.com
INFO 2026-04-30 15:39:47,528 audit User registered successfully: itaybaror@gmail.com
INFO 2026-04-30 15:51:27,749 audit User registered successfully: leewilk18@gmail.com
INFO 2026-04-30 15:51:32,427 audit User registered successfully: yuvalzaada8@gmail.com
ERROR 2026-04-30 15:53:57,977 django.security.DisallowedHost Invalid HTTP_HOST header: '51.84.138.91:8085'. You may need to add '51.84.138.91' to ALLOWED_HOSTS.
Traceback (most recent call last):
  File "/home/shebahub/ShebaHub_Backend/venv/lib/python3.12/site-packages/django/core/handlers/exception.py", line 55, in inner
    response = get_response(request)
               ^^^^^^^^^^^^^^^^^^^^^
  File "/home/shebahub/ShebaHub_Backend/venv/lib/python3.12/site-packages/django/utils/deprecation.py", line 133, in __call__
    response = self.process_request(request)
               ^^^^^^^^^^^^^^^^^^^^^^^^^^^^^
  File "/home/shebahub/ShebaHub_Backend/venv/lib/python3.12/site-packages/django/middleware/common.py", line 48, in process_request
    host = request.get_host()
           ^^^^^^^^^^^^^^^^^^
  File "/home/shebahub/ShebaHub_Backend/venv/lib/python3.12/site-packages/django/http/request.py", line 150, in get_host
    raise DisallowedHost(msg)
django.core.exceptions.DisallowedHost: Invalid HTTP_HOST header: '51.84.138.91:8085'. You may need to add '51.84.138.91' to ALLOWED_HOSTS.
INFO 2026-04-30 15:57:33,752 audit Mentor profile created: leewilk18@gmail.com
INFO 2026-04-30 15:58:57,597 audit User registered successfully: zl1@mail.tau.ac.il
INFO 2026-04-30 15:59:14,363 audit User registered successfully: hodaya7058@gmail.com
WARNING 2026-04-30 15:59:38,719 audit Failed login attempt for: lorenkr20@gmail.com
WARNING 2026-04-30 15:59:54,656 audit Failed login attempt for: lorenkr20@gmail.com
WARNING 2026-04-30 16:00:24,118 audit Failed login attempt for: student1@gmail.com
INFO 2026-04-30 16:01:04,583 audit Student profile created: hodaya7058@gmail.com
WARNING 2026-04-30 16:01:25,080 audit Signup validation failed: {'email': [ErrorDetail(string='User with this email already exists.', code='unique')]}
WARNING 2026-04-30 16:01:37,147 audit Signup validation failed: {'email': [ErrorDetail(string='User with this email already exists.', code='unique')]}
INFO 2026-04-30 16:02:04,849 audit User registered successfully: loren1352@walla.com
INFO 2026-04-30 16:02:43,085 audit Mentor profile updated: leewilk18@gmail.com
INFO 2026-04-30 16:02:43,195 audit Mentor avatar uploaded: leewilk18@gmail.com
INFO 2026-04-30 16:09:43,134 audit User registered successfully: allegra.dan81@gmail.com
INFO 2026-04-30 16:11:01,799 audit Email verified: leewilk18@gmail.com
INFO 2026-04-30 16:11:05,790 audit Email verified: ilana.libin.2002@gmail.com
INFO 2026-04-30 16:17:51,505 audit User logged in successfully: matanshmuel7@gmail.com
INFO 2026-04-30 16:19:35,745 audit Student profile created: allegra.dan81@gmail.com
INFO 2026-04-30 16:23:20,693 audit Email verified: allegra.dan81@gmail.com
INFO 2026-04-30 16:23:23,299 audit Email verified: allegra.dan81@gmail.com
INFO 2026-04-30 16:39:05,045 audit Email verified: hodaya7058@gmail.com
INFO 2026-04-30 17:11:04,061 audit User registered successfully: khaskiam1710@gmail.com
INFO 2026-04-30 17:14:03,608 audit Student profile created: khaskiam1710@gmail.com
INFO 2026-04-30 17:14:13,153 audit Email verified: khaskiam1710@gmail.com
INFO 2026-04-30 17:38:41,633 audit Email verified: jonathan200123456@gmail.com
INFO 2026-04-30 17:38:46,535 audit User logged in successfully: jonathan200123456@gmail.com
INFO 2026-04-30 17:47:16,674 audit User registered successfully: srourmaria1611@gmail.com
INFO 2026-04-30 18:01:24,235 audit Email verified: srourmaria1611@gmail.com
INFO 2026-04-30 18:13:46,177 audit User registered successfully: nikatikt@gmail.com
WARNING 2026-04-30 18:50:27,286 audit Failed login attempt for: adminsheba@gmail.com
WARNING 2026-04-30 18:50:44,808 audit Failed login attempt for: admin_sheba@gmail.com
INFO 2026-04-30 18:50:52,132 audit User logged in successfully: admin_test@gmail.com
INFO 2026-04-30 19:11:11,733 audit User logged in successfully: yuval.kaduri@gmail.com
INFO 2026-04-30 19:29:32,703 audit User registered successfully: mimie3248@gmail.com
INFO 2026-04-30 19:35:49,111 audit User registered successfully: zamlinlior95@gmail.com
INFO 2026-04-30 19:39:58,765 audit Student profile created: zamlinlior95@gmail.com
INFO 2026-04-30 19:49:23,615 audit Email verified: zamlinlior95@gmail.com
INFO 2026-04-30 19:54:24,117 audit User registered successfully: yuli8880@gmail.com
INFO 2026-04-30 20:15:39,986 audit User logged in successfully: matanshmuel7@gmail.com
INFO 2026-04-30 20:21:11,149 audit User logged in successfully: ofrygr96@gmail.com
INFO 2026-04-30 22:09:21,064 audit User registered successfully: luli.rahamimov@gmail.com
INFO 2026-04-30 22:11:39,474 audit Email verified: luli.rahamimov@gmail.com
INFO 2026-04-30 23:18:06,667 audit User registered successfully: leaz@mail.tau.ac.il
INFO 2026-05-01 03:40:40,168 audit Email verified: leewilk18@gmail.com
INFO 2026-05-01 03:44:58,888 audit User registered successfully: reutprotis@gmail.com
INFO 2026-05-01 04:26:13,532 audit User registered successfully: anetdahan14@gmail.com
INFO 2026-05-01 04:30:07,268 audit Student profile created: anetdahan14@gmail.com
INFO 2026-05-01 04:31:30,227 audit Student profile updated: anetdahan14@gmail.com
INFO 2026-05-01 04:32:25,716 audit Student profile updated: anetdahan14@gmail.com
INFO 2026-05-01 04:32:32,818 audit Verification email resent: anetdahan14@gmail.com
INFO 2026-05-01 04:36:22,221 audit Email verified: anetdahan14@gmail.com
INFO 2026-05-01 04:36:36,803 audit Email verified: anetdahan14@gmail.com
INFO 2026-05-01 04:36:57,497 audit Student profile updated: anetdahan14@gmail.com
INFO 2026-05-01 04:37:58,400 audit User logged in successfully: admin@sheba.com
INFO 2026-05-01 04:38:55,693 audit Contact message sent: from=admin@sheba.com to user #5c934918-9b5c-453a-bb1d-fd7198460e61
INFO 2026-05-01 04:39:28,114 audit Contact message sent: from=admin@sheba.com to user #9f04d198-5cd5-400e-b865-2cb56fe3e0fc
INFO 2026-05-01 04:40:49,719 audit User registered successfully: yoavz@mail.tau.ac.il
INFO 2026-05-01 04:45:22,547 audit User logged in successfully: anetdahan14@gmail.com
INFO 2026-05-01 04:46:03,947 audit Student profile updated: anetdahan14@gmail.com
INFO 2026-05-01 04:54:14,026 audit User registered successfully: eden.altschuler1@gmail.com
INFO 2026-05-01 05:00:25,259 audit Student profile created: eden.altschuler1@gmail.com
INFO 2026-05-01 05:02:24,893 audit Student profile updated: eden.altschuler1@gmail.com
INFO 2026-05-01 05:12:11,639 audit User logged in successfully: leewilk18@gmail.com
INFO 2026-05-01 05:16:20,073 audit User registered successfully: michalgurevitch@gmail.com
INFO 2026-05-01 05:17:59,345 audit Student profile created: leewilk18@gmail.com
INFO 2026-05-01 05:18:35,464 audit Contact message sent: from=leewilk18@gmail.com to user #95978319-e749-40a9-b852-f5e5712031d4
INFO 2026-05-01 05:19:33,943 audit Mentor profile updated: leewilk18@gmail.com
INFO 2026-05-01 05:19:34,048 audit Mentor avatar deleted: leewilk18@gmail.com
INFO 2026-05-01 05:21:10,099 audit Student profile updated: leewilk18@gmail.com
INFO 2026-05-01 05:21:10,417 audit Student avatar uploaded: leewilk18@gmail.com
INFO 2026-05-01 05:27:33,228 audit User registered successfully: isca24@gmail.com
INFO 2026-05-01 05:30:42,123 audit User registered successfully: ronnieshamri@gmail.com
INFO 2026-05-01 05:31:25,223 audit User logged in successfully: shanilyskov@mail.tau.ac.il
INFO 2026-05-01 05:33:57,769 audit Mentor profile created: isca24@gmail.com
INFO 2026-05-01 05:34:14,574 audit Email verified: isca24@gmail.com
INFO 2026-05-01 05:34:33,575 audit User logged in successfully: isca24@gmail.com
INFO 2026-05-01 05:36:32,058 audit Mentor profile updated: isca24@gmail.com
INFO 2026-05-01 05:38:13,622 audit Student profile created: isca24@gmail.com
INFO 2026-05-01 05:49:20,923 audit User registered successfully: hilarious611@gmail.com
INFO 2026-05-01 05:54:11,304 audit Email verified: hilarious611@gmail.com
INFO 2026-05-01 05:55:35,275 audit User registered successfully: amitelkoby26@gmail.com
INFO 2026-05-01 05:55:54,090 audit User registered successfully: eden1mizrahi@gmail.com
INFO 2026-05-01 06:06:21,778 audit User registered successfully: hillyboh@gmail.com
INFO 2026-05-01 06:06:40,295 audit Email verified: hillyboh@gmail.com
INFO 2026-05-01 06:09:50,575 audit User registered successfully: hadar.israeli1@mail.huji.ac.il
INFO 2026-05-01 06:14:53,997 audit User registered successfully: segalnoy@gmail.com
INFO 2026-05-01 06:15:06,453 audit Email verified: segalnoy@gmail.com
INFO 2026-05-01 06:15:20,628 audit User logged in successfully: segalnoy@gmail.com
INFO 2026-05-01 06:16:11,476 audit Student profile created: hillyboh@gmail.com
WARNING 2026-05-01 06:18:21,302 audit Signup validation failed: {'email': [ErrorDetail(string='User with this email already exists.', code='unique')]}
INFO 2026-05-01 06:18:21,499 audit User registered successfully: kimbe@post.bgu.ac.il
INFO 2026-05-01 06:25:08,013 audit User registered successfully: giladrtm@gmail.com
INFO 2026-05-01 06:28:40,418 audit User logged in successfully: noa6845@gmail.com
INFO 2026-05-01 06:33:12,629 audit Mentor profile created: giladrtm@gmail.com
INFO 2026-05-01 06:34:08,667 audit Email verified: giladrtm@gmail.com
INFO 2026-05-01 06:36:19,896 audit User registered successfully: rotemg2904@gmail.com
INFO 2026-05-01 06:44:11,270 audit User registered successfully: ofristolbov@gmail.com
INFO 2026-05-01 06:44:28,102 audit User logged in successfully: ofrygr96@gmail.com
INFO 2026-05-01 06:46:58,157 audit Mentor profile created: ofristolbov@gmail.com
INFO 2026-05-01 06:47:16,063 audit Email verified: ofristolbov@gmail.com
INFO 2026-05-01 06:49:00,148 audit User registered successfully: anaelbinyamin@gmail.com
INFO 2026-05-01 06:50:06,628 audit Mentor profile updated: ofristolbov@gmail.com
INFO 2026-05-01 06:52:05,692 audit User registered successfully: zarfatimor@gmail.com
INFO 2026-05-01 06:53:31,137 audit Email verified: ofristolbov@gmail.com
INFO 2026-05-01 06:53:55,253 audit User logged in successfully: ofristolbov@gmail.com
INFO 2026-05-01 07:06:56,249 audit User registered successfully: gallitman@mail.tau.ac.il
INFO 2026-05-01 07:09:05,661 audit Mentor profile created: zarfatimor@gmail.com
INFO 2026-05-01 07:09:51,232 audit User logged in successfully: zarfatimor@gmail.com
INFO 2026-05-01 07:18:21,787 audit User registered successfully: herutdor@gmail.com
INFO 2026-05-01 07:18:37,201 audit User registered successfully: ulgy.com@gmail.com
INFO 2026-05-01 07:20:22,686 audit User registered successfully: tovash2046@gmail.com
INFO 2026-05-01 07:21:56,313 audit Email verified: tovash2046@gmail.com
INFO 2026-05-01 07:23:30,450 audit User registered successfully: rania.k.yacoub@gmail.com
INFO 2026-05-01 07:24:17,069 audit Student profile created: kimbe@post.bgu.ac.il
INFO 2026-05-01 07:24:52,859 audit Mentor profile created: ulgy.com@gmail.com
INFO 2026-05-01 07:28:17,776 audit Email verified: ulgy.com@gmail.com
INFO 2026-05-01 07:31:05,130 audit Student profile created: zarfatimor@gmail.com
INFO 2026-05-01 07:32:21,469 audit Student profile updated: zarfatimor@gmail.com
INFO 2026-05-01 07:32:31,870 audit Student profile created: rania.k.yacoub@gmail.com
INFO 2026-05-01 07:32:32,285 audit Document uploaded to student profile: rania.k.yacoub@gmail.com
INFO 2026-05-01 07:32:32,516 audit Document uploaded to student profile: rania.k.yacoub@gmail.com
INFO 2026-05-01 07:33:22,160 audit Email verified: rania.k.yacoub@gmail.com
INFO 2026-05-01 07:33:57,865 audit User logged in successfully: rania.k.yacoub@gmail.com
INFO 2026-05-01 07:34:10,720 audit User registered successfully: nani1021994@gmail.com
INFO 2026-05-01 07:35:19,374 audit User registered successfully: levy.erez.daniella@gmail.com
INFO 2026-05-01 07:36:06,101 audit Email verified: zarfatimor@gmail.com
WARNING 2026-05-01 07:44:44,205 audit Account locked after 5 failed attempts: ggg@gmail.com
WARNING 2026-05-01 07:44:44,205 audit Failed login attempt for: ggg@gmail.com
WARNING 2026-05-01 07:45:59,727 audit Login attempt on locked account: ggg@gmail.com
INFO 2026-05-01 07:46:28,770 audit Email verified: levy.erez.daniella@gmail.com
INFO 2026-05-01 07:49:38,151 audit User registered successfully: hilan238@gmail.con
WARNING 2026-05-01 08:00:16,361 audit Signup validation failed: {'password': [ErrorDetail(string='This password is too common.', code='invalid')]}
INFO 2026-05-01 08:00:38,757 audit User registered successfully: hadarlevi.92@gmail.com
INFO 2026-05-01 08:00:48,706 audit User registered successfully: shanyceausu@gmail.com
INFO 2026-05-01 08:04:40,236 audit Student profile created: shanyceausu@gmail.com
INFO 2026-05-01 08:07:36,675 audit Email verified: hadarlevi.92@gmail.com
INFO 2026-05-01 08:07:59,170 audit User registered successfully: yzbarda@gmail.com
INFO 2026-05-01 08:10:24,161 audit User registered successfully: munai.abu@gmail.com
INFO 2026-05-01 08:13:52,149 audit User registered successfully: noga.kol@gmail.com
INFO 2026-05-01 08:16:15,913 audit User registered successfully: shiraoph@gmail.com
INFO 2026-05-01 08:18:16,930 audit User registered successfully: nirdubov@gmail.com
INFO 2026-05-01 08:18:52,602 audit Mentor profile created: noga.kol@gmail.com
INFO 2026-05-01 08:20:03,033 audit Email verified: shiraoph@gmail.com
INFO 2026-05-01 08:20:17,838 audit User logged in successfully: shiraoph@gmail.com
INFO 2026-05-01 08:24:36,530 audit User registered successfully: naghammahajne@gmail.com
INFO 2026-05-01 08:29:34,076 audit User registered successfully: shron18021995@gmail.com
INFO 2026-05-01 08:34:20,098 audit User registered successfully: shira240498@gmail.com
INFO 2026-05-01 08:35:41,486 audit User logged in successfully: admin@sheba.com
INFO 2026-05-01 08:37:13,801 audit User registered successfully: benet8890@gmail.com
WARNING 2026-05-01 08:37:47,806 audit Failed login attempt for: zarfatimor@gmail.com
INFO 2026-05-01 08:37:57,704 audit User logged in successfully: zarfatimor@gmail.com
INFO 2026-05-01 08:38:09,414 audit User logged in successfully: hodaya7058@gmail.com
INFO 2026-05-01 08:46:49,108 audit Email verified: kimbe@post.bgu.ac.il
INFO 2026-05-01 08:50:28,150 audit User logged in successfully: shanilyskov@mail.tau.ac.il
INFO 2026-05-01 08:51:34,753 audit User registered successfully: ferasmeary@gmail.com
INFO 2026-05-01 08:53:19,334 audit Email verified: ferasmeary@gmail.com
INFO 2026-05-01 08:57:07,456 audit Student profile updated: shanilyskov@mail.tau.ac.il
INFO 2026-05-01 09:02:08,244 audit User registered successfully: linoy2680@gmail.com
INFO 2026-05-01 09:02:16,500 audit User registered successfully: linoymegreli@mail.tau.ac.il
INFO 2026-05-01 09:02:58,857 audit User registered successfully: maayan.s.oren@gmail.com
WARNING 2026-05-01 09:05:55,613 audit Signup validation failed: {'email': [ErrorDetail(string='User with this email already exists.', code='unique')]}
INFO 2026-05-01 09:05:57,722 audit User registered successfully: edva183@gmail.com
INFO 2026-05-01 09:06:50,061 audit User logged in successfully: benet8890@gmail.com
INFO 2026-05-01 09:11:06,187 audit User registered successfully: lia.tmazur@gmail.com
INFO 2026-05-01 09:11:54,616 audit Verification email resent: edva183@gmail.com
INFO 2026-05-01 09:12:04,503 audit Email verified: edva183@gmail.com
INFO 2026-05-01 09:12:13,632 audit User logged in successfully: edva183@gmail.com
INFO 2026-05-01 09:13:10,202 audit Mentor profile created: lia.tmazur@gmail.com
INFO 2026-05-01 09:15:39,316 audit User registered successfully: noa.ofir123@gmail.com
INFO 2026-05-01 09:18:10,097 audit User registered successfully: klevanon@gmail.com
INFO 2026-05-01 09:18:57,820 audit User registered successfully: sultansabaa@gmail.com
INFO 2026-05-01 09:19:01,865 audit User logged in successfully: roy.vivantee@gmail.com
INFO 2026-05-01 09:32:20,463 audit Student profile created: noa.ofir123@gmail.com
INFO 2026-05-01 09:34:27,905 audit Mentor profile created: klevanon@gmail.com
INFO 2026-05-01 09:36:01,686 audit Email verified: noa.ofir123@gmail.com
INFO 2026-05-01 09:36:12,258 audit Email verified: noa.ofir123@gmail.com
INFO 2026-05-01 09:38:27,703 audit User registered successfully: noa.varssano@gmail.com
INFO 2026-05-01 09:50:00,631 audit User registered successfully: praisman.emily@gmail.com
INFO 2026-05-01 09:53:54,318 audit User registered successfully: tom.finger@gmail.com
INFO 2026-05-01 09:56:06,015 audit Student profile created: tom.finger@gmail.com
INFO 2026-05-01 09:56:21,298 audit User registered successfully: sara.kutzk@gmail.com
INFO 2026-05-01 10:00:29,533 audit Student profile created: sara.kutzk@gmail.com
INFO 2026-05-01 10:03:33,802 audit User registered successfully: netalyfa@gmail.com
INFO 2026-05-01 10:04:43,284 audit Mentor profile created: netalyfa@gmail.com
INFO 2026-05-01 10:05:15,068 audit User logged in successfully: natalims96@gmail.com
INFO 2026-05-01 10:06:50,475 audit User registered successfully: noaperetz117@gmail.com
INFO 2026-05-01 10:07:41,803 audit User registered successfully: noyeropa@mail.tau.ac.il
INFO 2026-05-01 10:08:41,970 audit User registered successfully: shiramend@gmail.com
INFO 2026-05-01 10:14:21,606 audit Student profile created: shiramend@gmail.com
INFO 2026-05-01 10:14:38,672 audit Email verified: shiramend@gmail.com
INFO 2026-05-01 10:14:54,824 audit User logged in successfully: shiramend@gmail.com
INFO 2026-05-01 10:16:43,977 audit Email verified: klevanon@gmail.com
INFO 2026-05-01 10:17:01,752 audit User logged in successfully: klevanon@gmail.com
INFO 2026-05-01 10:17:31,039 audit Email verified: yoavz@mail.tau.ac.il
INFO 2026-05-01 10:20:16,294 audit User registered successfully: inbar100klang@gmail.com
INFO 2026-05-01 10:20:59,299 audit User logged in successfully: malovmalki@gmail.com
WARNING 2026-05-01 10:27:02,064 audit Signup validation failed: {'password': [ErrorDetail(string='This password is entirely numeric.', code='invalid')]}
INFO 2026-05-01 10:27:29,755 audit User registered successfully: liat.waldman1@gmail.com
INFO 2026-05-01 10:27:37,297 audit User registered successfully: hadaslevy2@gmail.com
INFO 2026-05-01 10:28:06,476 audit Student profile updated: malovmalki@gmail.com
INFO 2026-05-01 10:28:48,464 audit Mentor profile created: liat.waldman1@gmail.com
INFO 2026-05-01 10:31:22,152 audit User registered successfully: karinlevin9@gmail.com
INFO 2026-05-01 10:35:42,537 audit Email verified: netalyfa@gmail.com
INFO 2026-05-01 10:36:05,383 audit User registered successfully: fitter-zinnia.3y@icloud.com
INFO 2026-05-01 10:37:39,858 audit Student profile created: fitter-zinnia.3y@icloud.com
INFO 2026-05-01 10:39:05,859 audit Student profile updated: fitter-zinnia.3y@icloud.com
INFO 2026-05-01 10:41:12,340 audit Email verified: sara.kutzk@gmail.com
INFO 2026-05-01 10:41:24,302 audit Email verified: sara.kutzk@gmail.com
WARNING 2026-05-01 10:47:33,152 audit Failed login attempt for: sara.kutzk@gmail.com
WARNING 2026-05-01 10:47:39,709 audit Failed login attempt for: sara.kutzk@gmail.com
WARNING 2026-05-01 10:47:47,683 audit Failed login attempt for: sara.kutzk@gmail.com
WARNING 2026-05-01 10:47:54,303 audit Failed login attempt for: sara.kutzk@gmail.com
INFO 2026-05-01 10:48:01,868 audit Password reset requested for: sara.kutzk@gmail.com
INFO 2026-05-01 10:49:22,420 audit Email verified: liat.waldman1@gmail.com
INFO 2026-05-01 10:49:39,614 audit User logged in successfully: liat.waldman1@gmail.com
INFO 2026-05-01 10:50:47,960 audit Password reset completed for: sara.kutzk@gmail.com
INFO 2026-05-01 10:51:11,380 audit User logged in successfully: sara.kutzk@gmail.com
INFO 2026-05-01 10:54:18,087 audit User logged in successfully: elahmidian@gmail.com
INFO 2026-05-01 10:58:32,410 audit User registered successfully: shakedil17@gmail.com
INFO 2026-05-01 11:01:02,831 audit Student profile created: shakedil17@gmail.com
INFO 2026-05-01 11:03:50,165 audit Email verified: zarfatimor@gmail.com
INFO 2026-05-01 11:14:36,677 audit User registered successfully: areen.anabosy@gmail.com
INFO 2026-05-01 11:24:30,086 audit User registered successfully: yaelingber16@gmail.com
INFO 2026-05-01 11:25:33,619 audit Student profile created: itaybaror@gmail.com
INFO 2026-05-01 11:25:49,700 audit Email verified: itaybaror@gmail.com
INFO 2026-05-01 11:26:12,588 audit Email verified: itaybaror@gmail.com
INFO 2026-05-01 11:27:11,476 audit Student profile updated: itaybaror@gmail.com
INFO 2026-05-01 11:27:12,452 audit Student avatar uploaded: itaybaror@gmail.com
INFO 2026-05-01 11:27:57,639 audit User registered successfully: ofeklevi161197@gmail.com
INFO 2026-05-01 11:31:49,390 audit Email verified: shakedil17@gmail.com
INFO 2026-05-01 11:35:56,837 audit Email verified: shakedil17@gmail.com
INFO 2026-05-01 11:39:02,237 audit User registered successfully: litalsh79@gmail.com
INFO 2026-05-01 11:39:19,218 audit Email verified: litalsh79@gmail.com
INFO 2026-05-01 11:44:40,057 audit User registered successfully: shakedbel94@gmail.com
INFO 2026-05-01 11:52:49,796 audit Student profile created: shakedbel94@gmail.com
INFO 2026-05-01 11:53:25,596 audit User registered successfully: hilushm@gmail.com
INFO 2026-05-01 11:57:07,326 audit User registered successfully: benayoundanielle@gmail.com
INFO 2026-05-01 11:58:00,656 audit Email verified: shakedbel94@gmail.com
INFO 2026-05-01 11:58:25,287 audit Mentor profile created: benayoundanielle@gmail.com
INFO 2026-05-01 12:00:00,989 audit User registered successfully: eden.engal@mail.huji.ac.il
ERROR 2026-05-01 12:00:30,683 django.security.DisallowedHost Invalid HTTP_HOST header: '51.84.138.91:8085'. You may need to add '51.84.138.91' to ALLOWED_HOSTS.
Traceback (most recent call last):
  File "/home/shebahub/ShebaHub_Backend/venv/lib/python3.12/site-packages/django/core/handlers/exception.py", line 55, in inner
    response = get_response(request)
               ^^^^^^^^^^^^^^^^^^^^^
  File "/home/shebahub/ShebaHub_Backend/venv/lib/python3.12/site-packages/django/utils/deprecation.py", line 133, in __call__
    response = self.process_request(request)
               ^^^^^^^^^^^^^^^^^^^^^^^^^^^^^
  File "/home/shebahub/ShebaHub_Backend/venv/lib/python3.12/site-packages/django/middleware/common.py", line 48, in process_request
    host = request.get_host()
           ^^^^^^^^^^^^^^^^^^
  File "/home/shebahub/ShebaHub_Backend/venv/lib/python3.12/site-packages/django/http/request.py", line 150, in get_host
    raise DisallowedHost(msg)
django.core.exceptions.DisallowedHost: Invalid HTTP_HOST header: '51.84.138.91:8085'. You may need to add '51.84.138.91' to ALLOWED_HOSTS.
ERROR 2026-05-01 12:00:43,561 django.security.DisallowedHost Invalid HTTP_HOST header: '51.84.138.91:8085'. You may need to add '51.84.138.91' to ALLOWED_HOSTS.
Traceback (most recent call last):
  File "/home/shebahub/ShebaHub_Backend/venv/lib/python3.12/site-packages/django/core/handlers/exception.py", line 55, in inner
    response = get_response(request)
               ^^^^^^^^^^^^^^^^^^^^^
  File "/home/shebahub/ShebaHub_Backend/venv/lib/python3.12/site-packages/django/utils/deprecation.py", line 133, in __call__
    response = self.process_request(request)
               ^^^^^^^^^^^^^^^^^^^^^^^^^^^^^
  File "/home/shebahub/ShebaHub_Backend/venv/lib/python3.12/site-packages/django/middleware/common.py", line 48, in process_request
    host = request.get_host()
           ^^^^^^^^^^^^^^^^^^
  File "/home/shebahub/ShebaHub_Backend/venv/lib/python3.12/site-packages/django/http/request.py", line 150, in get_host
    raise DisallowedHost(msg)
django.core.exceptions.DisallowedHost: Invalid HTTP_HOST header: '51.84.138.91:8085'. You may need to add '51.84.138.91' to ALLOWED_HOSTS.
INFO 2026-05-01 12:01:36,873 audit Mentor profile created: eden.engal@mail.huji.ac.il
INFO 2026-05-01 12:07:31,060 audit User logged in successfully: shanilyskov@mail.tau.ac.il
INFO 2026-05-01 12:11:08,297 audit Mentor profile updated: eden.engal@mail.huji.ac.il
INFO 2026-05-01 12:14:05,885 audit Student profile created: eden.engal@mail.huji.ac.il
INFO 2026-05-01 12:15:15,406 audit Student profile updated: eden.engal@mail.huji.ac.il
INFO 2026-05-01 12:21:21,284 audit Student profile created: ofeklevi161197@gmail.com
INFO 2026-05-01 12:21:21,950 audit Document uploaded to student profile: ofeklevi161197@gmail.com
INFO 2026-05-01 12:21:22,249 audit Document uploaded to student profile: ofeklevi161197@gmail.com
INFO 2026-05-01 12:21:58,876 audit User registered successfully: kpragier@gmail.com
INFO 2026-05-01 12:24:57,906 audit Document deleted from student profile: ofeklevi161197@gmail.com
INFO 2026-05-01 12:24:59,812 audit Document deleted from student profile: ofeklevi161197@gmail.com
INFO 2026-05-01 12:25:53,696 audit Student profile updated: ofeklevi161197@gmail.com
INFO 2026-05-01 12:26:08,686 audit Student profile updated: ofeklevi161197@gmail.com
INFO 2026-05-01 12:26:39,638 audit Student profile updated: ofeklevi161197@gmail.com
INFO 2026-05-01 12:26:58,044 audit Student profile updated: ofeklevi161197@gmail.com
INFO 2026-05-01 12:29:22,027 audit Email verified: eden.engal@mail.huji.ac.il
INFO 2026-05-01 12:32:49,122 audit User registered successfully: omer.arad95@gmail.com
INFO 2026-05-01 12:36:52,857 audit User registered successfully: reggev@mail.tau.ac.il
INFO 2026-05-01 12:39:00,452 audit Email verified: reggev@mail.tau.ac.il
INFO 2026-05-01 12:40:23,389 audit User logged in successfully: urifridman91@gmail.com
INFO 2026-05-01 12:41:04,519 audit Mentor profile updated: urifridman91@gmail.com
INFO 2026-05-01 12:41:52,876 audit Student profile created: reggev@mail.tau.ac.il
INFO 2026-05-01 12:42:14,025 audit User logged in successfully: admin@sheba.com
INFO 2026-05-01 12:42:25,994 audit User registered successfully: tali.zamed@gmail.com
INFO 2026-05-01 12:42:36,839 audit User registered successfully: tehila.kaismanelbaz@sheba.health.gov.il
INFO 2026-05-01 12:50:11,010 audit Student profile updated: reggev@mail.tau.ac.il
INFO 2026-05-01 12:50:32,163 audit User registered successfully: aditalmy@gmail.com
INFO 2026-05-01 12:52:30,742 audit Student profile created: omer.arad95@gmail.com
INFO 2026-05-01 12:53:39,569 audit User registered successfully: germansky@mail.tau.ac.il
INFO 2026-05-01 12:55:38,715 audit User logged in successfully: areen.anabosy@gmail.com
INFO 2026-05-01 12:56:21,743 audit User registered successfully: eban318@gmail.com
INFO 2026-05-01 13:09:55,578 audit Email verified: omer.arad95@gmail.com
ERROR 2026-05-01 13:14:34,421 django.security.DisallowedHost Invalid HTTP_HOST header: '51.84.138.91:8085'. You may need to add '51.84.138.91' to ALLOWED_HOSTS.
Traceback (most recent call last):
  File "/home/shebahub/ShebaHub_Backend/venv/lib/python3.12/site-packages/django/core/handlers/exception.py", line 55, in inner
    response = get_response(request)
               ^^^^^^^^^^^^^^^^^^^^^
  File "/home/shebahub/ShebaHub_Backend/venv/lib/python3.12/site-packages/django/utils/deprecation.py", line 133, in __call__
    response = self.process_request(request)
               ^^^^^^^^^^^^^^^^^^^^^^^^^^^^^
  File "/home/shebahub/ShebaHub_Backend/venv/lib/python3.12/site-packages/django/middleware/common.py", line 48, in process_request
    host = request.get_host()
           ^^^^^^^^^^^^^^^^^^
  File "/home/shebahub/ShebaHub_Backend/venv/lib/python3.12/site-packages/django/http/request.py", line 150, in get_host
    raise DisallowedHost(msg)
django.core.exceptions.DisallowedHost: Invalid HTTP_HOST header: '51.84.138.91:8085'. You may need to add '51.84.138.91' to ALLOWED_HOSTS.
INFO 2026-05-01 13:15:06,691 audit Email verified: eban318@gmail.com
INFO 2026-05-01 13:32:29,481 audit User registered successfully: nofakirav@gmail.com
INFO 2026-05-01 13:37:48,163 audit User logged in successfully: yoavbourla@gmail.com
INFO 2026-05-01 13:37:58,600 audit Mentor profile created: tehila.kaismanelbaz@sheba.health.gov.il
INFO 2026-05-01 13:44:11,616 audit Mentor profile updated: tehila.kaismanelbaz@sheba.health.gov.il
INFO 2026-05-01 13:44:12,135 audit Mentor avatar uploaded: tehila.kaismanelbaz@sheba.health.gov.il
ERROR 2026-05-01 13:46:35,564 django.security.DisallowedHost Invalid HTTP_HOST header: '51.84.138.91:8085'. You may need to add '51.84.138.91' to ALLOWED_HOSTS.
Traceback (most recent call last):
  File "/home/shebahub/ShebaHub_Backend/venv/lib/python3.12/site-packages/django/core/handlers/exception.py", line 55, in inner
    response = get_response(request)
               ^^^^^^^^^^^^^^^^^^^^^
  File "/home/shebahub/ShebaHub_Backend/venv/lib/python3.12/site-packages/django/utils/deprecation.py", line 133, in __call__
    response = self.process_request(request)
               ^^^^^^^^^^^^^^^^^^^^^^^^^^^^^
  File "/home/shebahub/ShebaHub_Backend/venv/lib/python3.12/site-packages/django/middleware/common.py", line 48, in process_request
    host = request.get_host()
           ^^^^^^^^^^^^^^^^^^
  File "/home/shebahub/ShebaHub_Backend/venv/lib/python3.12/site-packages/django/http/request.py", line 150, in get_host
    raise DisallowedHost(msg)
django.core.exceptions.DisallowedHost: Invalid HTTP_HOST header: '51.84.138.91:8085'. You may need to add '51.84.138.91' to ALLOWED_HOSTS.
INFO 2026-05-01 13:46:35,959 audit Contact message sent: from=yoavbourla@gmail.com to user #6040fc1d-ba4e-4b3f-8aac-d2d490b4fc1c
ERROR 2026-05-01 13:46:36,001 django.security.DisallowedHost Invalid HTTP_HOST header: '51.84.138.91:8085'. You may need to add '51.84.138.91' to ALLOWED_HOSTS.
Traceback (most recent call last):
  File "/home/shebahub/ShebaHub_Backend/venv/lib/python3.12/site-packages/django/core/handlers/exception.py", line 55, in inner
    response = get_response(request)
               ^^^^^^^^^^^^^^^^^^^^^
  File "/home/shebahub/ShebaHub_Backend/venv/lib/python3.12/site-packages/django/utils/deprecation.py", line 133, in __call__
    response = self.process_request(request)
               ^^^^^^^^^^^^^^^^^^^^^^^^^^^^^
  File "/home/shebahub/ShebaHub_Backend/venv/lib/python3.12/site-packages/django/middleware/common.py", line 48, in process_request
    host = request.get_host()
           ^^^^^^^^^^^^^^^^^^
  File "/home/shebahub/ShebaHub_Backend/venv/lib/python3.12/site-packages/django/http/request.py", line 150, in get_host
    raise DisallowedHost(msg)
django.core.exceptions.DisallowedHost: Invalid HTTP_HOST header: '51.84.138.91:8085'. You may need to add '51.84.138.91' to ALLOWED_HOSTS.
INFO 2026-05-01 13:46:36,204 audit Mentor profile updated: tehila.kaismanelbaz@sheba.health.gov.il
ERROR 2026-05-01 13:46:36,428 django.security.DisallowedHost Invalid HTTP_HOST header: '51.84.138.91:8085'. You may need to add '51.84.138.91' to ALLOWED_HOSTS.
Traceback (most recent call last):
  File "/home/shebahub/ShebaHub_Backend/venv/lib/python3.12/site-packages/django/core/handlers/exception.py", line 55, in inner
    response = get_response(request)
               ^^^^^^^^^^^^^^^^^^^^^
  File "/home/shebahub/ShebaHub_Backend/venv/lib/python3.12/site-packages/django/utils/deprecation.py", line 133, in __call__
    response = self.process_request(request)
               ^^^^^^^^^^^^^^^^^^^^^^^^^^^^^
  File "/home/shebahub/ShebaHub_Backend/venv/lib/python3.12/site-packages/django/middleware/common.py", line 48, in process_request
    host = request.get_host()
           ^^^^^^^^^^^^^^^^^^
  File "/home/shebahub/ShebaHub_Backend/venv/lib/python3.12/site-packages/django/http/request.py", line 150, in get_host
    raise DisallowedHost(msg)
django.core.exceptions.DisallowedHost: Invalid HTTP_HOST header: '51.84.138.91:8085'. You may need to add '51.84.138.91' to ALLOWED_HOSTS.
ERROR 2026-05-01 13:46:36,849 django.security.DisallowedHost Invalid HTTP_HOST header: '51.84.138.91:8085'. You may need to add '51.84.138.91' to ALLOWED_HOSTS.
Traceback (most recent call last):
  File "/home/shebahub/ShebaHub_Backend/venv/lib/python3.12/site-packages/django/core/handlers/exception.py", line 55, in inner
    response = get_response(request)
               ^^^^^^^^^^^^^^^^^^^^^
  File "/home/shebahub/ShebaHub_Backend/venv/lib/python3.12/site-packages/django/utils/deprecation.py", line 133, in __call__
    response = self.process_request(request)
               ^^^^^^^^^^^^^^^^^^^^^^^^^^^^^
  File "/home/shebahub/ShebaHub_Backend/venv/lib/python3.12/site-packages/django/middleware/common.py", line 48, in process_request
    host = request.get_host()
           ^^^^^^^^^^^^^^^^^^
  File "/home/shebahub/ShebaHub_Backend/venv/lib/python3.12/site-packages/django/http/request.py", line 150, in get_host
    raise DisallowedHost(msg)
django.core.exceptions.DisallowedHost: Invalid HTTP_HOST header: '51.84.138.91:8085'. You may need to add '51.84.138.91' to ALLOWED_HOSTS.
INFO 2026-05-01 13:49:04,891 audit Mentor profile updated: tehila.kaismanelbaz@sheba.health.gov.il
INFO 2026-05-01 13:51:42,275 audit Email verified: tehila.kaismanelbaz@sheba.health.gov.il
INFO 2026-05-01 13:55:51,476 audit Mentor profile updated: tehila.kaismanelbaz@sheba.health.gov.il
INFO 2026-05-01 13:56:28,615 audit Mentor profile updated: tehila.kaismanelbaz@sheba.health.gov.il
INFO 2026-05-01 13:59:30,348 audit Mentor profile updated: tehila.kaismanelbaz@sheba.health.gov.il
INFO 2026-05-01 14:02:31,207 audit User registered successfully: toharla@gmail.com
WARNING 2026-05-01 14:08:06,426 audit Signup validation failed: {'password': [ErrorDetail(string='This password is entirely numeric.', code='invalid')]}
INFO 2026-05-01 14:08:26,945 audit User registered successfully: mayah1605@gmail.com
INFO 2026-05-01 14:17:21,549 audit User registered successfully: itzhaki173@gmail.com
INFO 2026-05-01 14:17:22,101 audit Student profile created: mayah1605@gmail.com
INFO 2026-05-01 14:18:00,403 audit Email verified: itzhaki173@gmail.com
INFO 2026-05-01 14:19:23,622 audit User registered successfully: aviaklein@mail.tau.ac.il
WARNING 2026-05-01 14:21:25,601 audit Signup validation failed: {'password': [ErrorDetail(string='This password is too common.', code='invalid')]}
INFO 2026-05-01 14:21:41,855 audit User registered successfully: yuliashvartser@gmail.com
INFO 2026-05-01 14:30:35,241 audit Email verified: mayah1605@gmail.com
INFO 2026-05-01 14:30:53,108 audit User logged in successfully: mayah1605@gmail.com
INFO 2026-05-01 14:40:45,949 audit User logged in successfully: ofrygr96@gmail.com
INFO 2026-05-01 14:54:41,147 audit User registered successfully: liorshenhav@mail.tau.ac.il
INFO 2026-05-01 14:54:42,941 audit User logged in successfully: shanilyskov@mail.tau.ac.il
INFO 2026-05-01 14:55:00,359 audit User registered successfully: bittonsa@gmail.com
INFO 2026-05-01 15:00:56,754 audit Email verified: bittonsa@gmail.com
INFO 2026-05-01 15:01:02,894 audit Student profile created: liorshenhav@mail.tau.ac.il
INFO 2026-05-01 15:01:10,800 audit User logged in successfully: bittonsa@gmail.com
INFO 2026-05-01 15:07:10,536 audit User logged in successfully: roy.vivantee@gmail.com
WARNING 2026-05-01 15:23:09,498 audit Account locked after 5 failed attempts: ggg@gmail.com
WARNING 2026-05-01 15:23:09,498 audit Failed login attempt for: ggg@gmail.com
WARNING 2026-05-01 15:23:21,630 audit Failed login attempt for: sheba_admin@gmail.com
INFO 2026-05-01 15:24:51,976 audit User logged in successfully: admin_test@gmail.com
INFO 2026-05-01 15:32:42,310 audit User logged in successfully: anetdahan14@gmail.com
INFO 2026-05-01 15:45:30,910 audit User registered successfully: hilahawa.rosental@gmail.com
INFO 2026-05-01 15:47:34,432 audit User registered successfully: test1admin@gmail.com
INFO 2026-05-01 15:49:04,247 audit Student profile created: test1admin@gmail.com
INFO 2026-05-01 15:56:37,665 audit User logged in successfully: shanilyskov@mail.tau.ac.il
INFO 2026-05-01 15:57:27,729 audit Student profile created: hilahawa.rosental@gmail.com
INFO 2026-05-01 15:57:35,525 audit Email verified: hilahawa.rosental@gmail.com
INFO 2026-05-01 15:57:54,560 audit Email verified: hilahawa.rosental@gmail.com
INFO 2026-05-01 15:58:06,880 audit User logged in successfully: hilahawa.rosental@gmail.com
INFO 2026-05-01 16:00:31,920 audit Email verified: hilahawa.rosental@gmail.com
INFO 2026-05-01 16:14:42,413 audit Email verified: itaybaror@gmail.com
INFO 2026-05-01 16:34:56,898 audit Document downloaded: JOIN OUR TEAM!.pdf
INFO 2026-05-01 18:09:33,649 audit User registered successfully: efratmn1@yahoo.com
INFO 2026-05-01 18:14:18,209 audit Student profile created: efratmn1@yahoo.com
INFO 2026-05-01 18:14:18,666 audit Document uploaded to student profile: efratmn1@yahoo.com
INFO 2026-05-01 18:14:18,740 audit Document uploaded to student profile: efratmn1@yahoo.com
INFO 2026-05-01 18:16:16,120 audit Document deleted from student profile: efratmn1@yahoo.com
INFO 2026-05-01 18:16:17,715 audit Document deleted from student profile: efratmn1@yahoo.com
INFO 2026-05-01 18:16:19,360 audit Student profile updated: efratmn1@yahoo.com
INFO 2026-05-01 18:16:45,071 audit Student profile updated: efratmn1@yahoo.com
INFO 2026-05-01 18:17:37,600 audit Student profile updated: efratmn1@yahoo.com
INFO 2026-05-01 18:18:02,165 audit User registered successfully: noah.gruber@sheba.gov.il
INFO 2026-05-01 18:18:34,185 audit Email verified: efratmn1@yahoo.com
INFO 2026-05-01 18:19:36,321 audit Student profile updated: efratmn1@yahoo.com
INFO 2026-05-01 18:20:00,336 audit Student profile updated: efratmn1@yahoo.com
INFO 2026-05-01 18:20:55,144 audit User registered successfully: soniamodilevsky@gmail.com
INFO 2026-05-01 18:33:59,332 audit User registered successfully: yaelp148@gmail.com
INFO 2026-05-01 18:52:39,501 audit User registered successfully: goldshteinshahar@gmail.com
INFO 2026-05-01 19:00:50,166 audit User registered successfully: stav.gonen@gmail.com
INFO 2026-05-01 19:23:55,014 audit User logged in successfully: lipkinilona8@gmail.com
INFO 2026-05-01 19:26:21,802 audit Student profile created: lipkinilona8@gmail.com
INFO 2026-05-01 19:33:03,568 audit User registered successfully: ori.rimon92@gmail.com
INFO 2026-05-01 19:44:28,853 audit Student profile updated: lipkinilona8@gmail.com
INFO 2026-05-01 19:44:31,792 audit Student avatar uploaded: lipkinilona8@gmail.com
INFO 2026-05-01 19:49:48,470 audit Student profile created: ori.rimon92@gmail.com
INFO 2026-05-01 19:49:48,942 audit Document uploaded to student profile: ori.rimon92@gmail.com
INFO 2026-05-01 19:53:08,655 audit Student profile updated: ori.rimon92@gmail.com
INFO 2026-05-01 19:53:09,061 audit Student avatar uploaded: ori.rimon92@gmail.com
INFO 2026-05-01 19:53:48,450 audit Email verified: ori.rimon92@gmail.com
INFO 2026-05-01 19:55:18,906 audit User registered successfully: najieahj@gmail.com
INFO 2026-05-01 19:59:41,268 audit Student profile updated: ori.rimon92@gmail.com
INFO 2026-05-01 20:00:02,593 audit Student profile updated: ori.rimon92@gmail.com
INFO 2026-05-01 20:00:02,905 audit Student avatar uploaded: ori.rimon92@gmail.com
INFO 2026-05-01 20:00:32,169 audit User logged in successfully: test1admin@gmail.com
INFO 2026-05-01 20:04:22,168 audit Student profile updated: ori.rimon92@gmail.com
INFO 2026-05-01 20:04:39,948 audit Document downloaded: CV Ori Rimon Apr 2026.pdf
INFO 2026-05-01 20:56:21,264 audit Email verified: eden.engal@mail.huji.ac.il
INFO 2026-05-01 20:56:24,996 audit User logged in successfully: eden.engal@mail.huji.ac.il
INFO 2026-05-01 23:23:38,219 audit User registered successfully: tehilah.meged@gmail.com
ERROR 2026-05-02 01:21:30,196 django.security.DisallowedHost Invalid HTTP_HOST header: '51.84.138.91:8085'. You may need to add '51.84.138.91' to ALLOWED_HOSTS.
Traceback (most recent call last):
  File "/home/shebahub/ShebaHub_Backend/venv/lib/python3.12/site-packages/django/core/handlers/exception.py", line 55, in inner
    response = get_response(request)
               ^^^^^^^^^^^^^^^^^^^^^
  File "/home/shebahub/ShebaHub_Backend/venv/lib/python3.12/site-packages/django/utils/deprecation.py", line 133, in __call__
    response = self.process_request(request)
               ^^^^^^^^^^^^^^^^^^^^^^^^^^^^^
  File "/home/shebahub/ShebaHub_Backend/venv/lib/python3.12/site-packages/django/middleware/common.py", line 48, in process_request
    host = request.get_host()
           ^^^^^^^^^^^^^^^^^^
  File "/home/shebahub/ShebaHub_Backend/venv/lib/python3.12/site-packages/django/http/request.py", line 150, in get_host
    raise DisallowedHost(msg)
django.core.exceptions.DisallowedHost: Invalid HTTP_HOST header: '51.84.138.91:8085'. You may need to add '51.84.138.91' to ALLOWED_HOSTS.
ERROR 2026-05-02 01:21:30,862 django.security.DisallowedHost Invalid HTTP_HOST header: '51.84.138.91:8085'. You may need to add '51.84.138.91' to ALLOWED_HOSTS.
Traceback (most recent call last):
  File "/home/shebahub/ShebaHub_Backend/venv/lib/python3.12/site-packages/django/core/handlers/exception.py", line 55, in inner
    response = get_response(request)
               ^^^^^^^^^^^^^^^^^^^^^
  File "/home/shebahub/ShebaHub_Backend/venv/lib/python3.12/site-packages/django/utils/deprecation.py", line 133, in __call__
    response = self.process_request(request)
               ^^^^^^^^^^^^^^^^^^^^^^^^^^^^^
  File "/home/shebahub/ShebaHub_Backend/venv/lib/python3.12/site-packages/django/middleware/common.py", line 48, in process_request
    host = request.get_host()
           ^^^^^^^^^^^^^^^^^^
  File "/home/shebahub/ShebaHub_Backend/venv/lib/python3.12/site-packages/django/http/request.py", line 150, in get_host
    raise DisallowedHost(msg)
django.core.exceptions.DisallowedHost: Invalid HTTP_HOST header: '51.84.138.91:8085'. You may need to add '51.84.138.91' to ALLOWED_HOSTS.
ERROR 2026-05-02 01:21:31,563 django.security.DisallowedHost Invalid HTTP_HOST header: '51.84.138.91:8085'. You may need to add '51.84.138.91' to ALLOWED_HOSTS.
Traceback (most recent call last):
  File "/home/shebahub/ShebaHub_Backend/venv/lib/python3.12/site-packages/django/core/handlers/exception.py", line 55, in inner
    response = get_response(request)
               ^^^^^^^^^^^^^^^^^^^^^
  File "/home/shebahub/ShebaHub_Backend/venv/lib/python3.12/site-packages/django/utils/deprecation.py", line 133, in __call__
    response = self.process_request(request)
               ^^^^^^^^^^^^^^^^^^^^^^^^^^^^^
  File "/home/shebahub/ShebaHub_Backend/venv/lib/python3.12/site-packages/django/middleware/common.py", line 48, in process_request
    host = request.get_host()
           ^^^^^^^^^^^^^^^^^^
  File "/home/shebahub/ShebaHub_Backend/venv/lib/python3.12/site-packages/django/http/request.py", line 150, in get_host
    raise DisallowedHost(msg)
django.core.exceptions.DisallowedHost: Invalid HTTP_HOST header: '51.84.138.91:8085'. You may need to add '51.84.138.91' to ALLOWED_HOSTS.
ERROR 2026-05-02 01:21:32,214 django.security.DisallowedHost Invalid HTTP_HOST header: '51.84.138.91:8085'. You may need to add '51.84.138.91' to ALLOWED_HOSTS.
Traceback (most recent call last):
  File "/home/shebahub/ShebaHub_Backend/venv/lib/python3.12/site-packages/django/core/handlers/exception.py", line 55, in inner
    response = get_response(request)
               ^^^^^^^^^^^^^^^^^^^^^
  File "/home/shebahub/ShebaHub_Backend/venv/lib/python3.12/site-packages/django/utils/deprecation.py", line 133, in __call__
    response = self.process_request(request)
               ^^^^^^^^^^^^^^^^^^^^^^^^^^^^^
  File "/home/shebahub/ShebaHub_Backend/venv/lib/python3.12/site-packages/django/middleware/common.py", line 48, in process_request
    host = request.get_host()
           ^^^^^^^^^^^^^^^^^^
  File "/home/shebahub/ShebaHub_Backend/venv/lib/python3.12/site-packages/django/http/request.py", line 150, in get_host
    raise DisallowedHost(msg)
django.core.exceptions.DisallowedHost: Invalid HTTP_HOST header: '51.84.138.91:8085'. You may need to add '51.84.138.91' to ALLOWED_HOSTS.
INFO 2026-05-02 03:11:49,960 audit User registered successfully: giligueta@gmail.com
WARNING 2026-05-02 03:45:10,862 audit Failed login attempt for: e0526540555@gmail.com
WARNING 2026-05-02 03:45:45,975 audit Failed login attempt for: einat.epstain@sheba.health.gov.il
WARNING 2026-05-02 03:47:01,958 audit Failed login attempt for: einat.epstain@sheba.health.gov.il
WARNING 2026-05-02 03:47:15,203 audit Failed login attempt for: einat.epstain@sheba.health.gov.il
INFO 2026-05-02 03:48:13,247 audit User registered successfully: einat.epstain@sheba.health.gov.il
INFO 2026-05-02 04:10:30,114 audit User registered successfully: dafnana@gmail.com
INFO 2026-05-02 04:33:43,787 audit Email verified: shakedbel94@gmail.com
INFO 2026-05-02 04:43:42,236 audit User registered successfully: max.segev@gmail.com
INFO 2026-05-02 04:46:20,489 audit User logged in successfully: admin@sheba.com
INFO 2026-05-02 05:03:01,049 audit Student profile created: max.segev@gmail.com
INFO 2026-05-02 05:09:37,796 audit User registered successfully: sandyb904@gmail.com
INFO 2026-05-02 05:11:58,341 audit Student profile updated: max.segev@gmail.com
INFO 2026-05-02 06:16:08,077 audit User registered successfully: ronimedan@gmail.com
INFO 2026-05-02 06:25:22,927 audit User logged in successfully: lipkinilona8@gmail.com
INFO 2026-05-02 06:27:06,374 audit User logged in successfully: ori.rimon92@gmail.com
INFO 2026-05-02 06:35:52,515 audit User logged in successfully: shanilyskov@mail.tau.ac.il
WARNING 2026-05-02 06:39:16,602 audit Signup validation failed: {'email': [ErrorDetail(string='User with this email already exists.', code='unique')]}
INFO 2026-05-02 06:39:28,682 audit User logged in successfully: praisman.emily@gmail.com
INFO 2026-05-02 07:02:55,056 audit User registered successfully: sheral90@gmail.com
INFO 2026-05-02 07:53:53,039 audit User registered successfully: theshacham@gmail.com
WARNING 2026-05-02 08:08:10,023 audit Failed login attempt for: sheba_test@gmail.com
WARNING 2026-05-02 08:08:14,349 audit Failed login attempt for: sheba_admin@gmail.com
INFO 2026-05-02 08:08:43,151 audit User logged in successfully: admin_test@gmail.com
INFO 2026-05-02 08:58:12,496 audit User logged in successfully: itaybaror@gmail.com
INFO 2026-05-02 10:13:40,445 audit Mentor profile created: theshacham@gmail.com
INFO 2026-05-02 10:37:28,262 audit User registered successfully: carmitwind@mail.tau.ac.il
INFO 2026-05-02 10:39:29,655 audit Mentor profile created: carmitwind@mail.tau.ac.il
INFO 2026-05-02 10:42:10,410 audit Email verified: carmitwind@mail.tau.ac.il
INFO 2026-05-02 10:42:13,730 audit Contact message sent: from=carmitwind@mail.tau.ac.il to user #19d31728-a2b0-480f-8bc2-1f0d6ff732e9
WARNING 2026-05-02 10:48:54,417 audit Signup validation failed: {'password': [ErrorDetail(string='This password is too common.', code='invalid'), ErrorDetail(string='This password is entirely numeric.', code='invalid'), ErrorDetail(string='This password is too common. Please choose a more unique password.', code='invalid')]}
INFO 2026-05-02 10:49:11,464 audit User registered successfully: noa.hareli@campus.technion.ac.il
INFO 2026-05-02 10:51:19,198 audit User registered successfully: leonoragor@gmail.com
INFO 2026-05-02 10:51:31,510 audit Email verified: leonoragor@gmail.com
INFO 2026-05-02 10:58:00,025 audit Email verified: noa.hareli@campus.technion.ac.il
INFO 2026-05-02 11:05:52,387 audit User logged in successfully: leonoragor@gmail.com
INFO 2026-05-02 11:11:08,834 audit User registered successfully: ohadavivi12@gmail.com
WARNING 2026-05-02 11:36:30,132 audit Failed login attempt for: matanshmuel7@gmail.com
INFO 2026-05-02 11:36:40,042 audit User logged in successfully: matanshmuel7@gmail.com
INFO 2026-05-02 12:04:41,046 audit User logged in successfully: lipkinilona8@gmail.com
INFO 2026-05-02 12:29:46,953 audit User registered successfully: orelhemo89@gmail.com
INFO 2026-05-02 12:46:33,554 audit User logged in successfully: ori.rimon92@gmail.com
INFO 2026-05-02 12:59:02,591 audit User logged in successfully: hilahawa.rosental@gmail.com
INFO 2026-05-02 13:15:04,861 audit User registered successfully: anna25kamenetsky@gmail.com
INFO 2026-05-02 13:19:05,645 audit User registered successfully: nw1@mail.tau.ac.il
WARNING 2026-05-02 13:19:49,367 audit Signup validation failed: {'email': [ErrorDetail(string='User with this email already exists.', code='unique')]}
INFO 2026-05-02 13:20:09,414 audit User logged in successfully: rotemg2904@gmail.com
INFO 2026-05-02 13:22:15,381 audit Student profile created: rotemg2904@gmail.com
INFO 2026-05-02 13:22:49,013 audit Email verified: rotemg2904@gmail.com
INFO 2026-05-02 13:37:03,261 audit User logged in successfully: ori.rimon92@gmail.com
ERROR 2026-05-02 13:53:54,198 django.security.DisallowedHost Invalid HTTP_HOST header: '51.84.138.91:8085'. You may need to add '51.84.138.91' to ALLOWED_HOSTS.
Traceback (most recent call last):
  File "/home/shebahub/ShebaHub_Backend/venv/lib/python3.12/site-packages/django/core/handlers/exception.py", line 55, in inner
    response = get_response(request)
               ^^^^^^^^^^^^^^^^^^^^^
  File "/home/shebahub/ShebaHub_Backend/venv/lib/python3.12/site-packages/django/utils/deprecation.py", line 133, in __call__
    response = self.process_request(request)
               ^^^^^^^^^^^^^^^^^^^^^^^^^^^^^
  File "/home/shebahub/ShebaHub_Backend/venv/lib/python3.12/site-packages/django/middleware/common.py", line 48, in process_request
    host = request.get_host()
           ^^^^^^^^^^^^^^^^^^
  File "/home/shebahub/ShebaHub_Backend/venv/lib/python3.12/site-packages/django/http/request.py", line 150, in get_host
    raise DisallowedHost(msg)
django.core.exceptions.DisallowedHost: Invalid HTTP_HOST header: '51.84.138.91:8085'. You may need to add '51.84.138.91' to ALLOWED_HOSTS.
ERROR 2026-05-02 13:53:54,367 django.security.DisallowedHost Invalid HTTP_HOST header: '51.84.138.91:8085'. You may need to add '51.84.138.91' to ALLOWED_HOSTS.
Traceback (most recent call last):
  File "/home/shebahub/ShebaHub_Backend/venv/lib/python3.12/site-packages/django/core/handlers/exception.py", line 55, in inner
    response = get_response(request)
               ^^^^^^^^^^^^^^^^^^^^^
  File "/home/shebahub/ShebaHub_Backend/venv/lib/python3.12/site-packages/django/utils/deprecation.py", line 133, in __call__
    response = self.process_request(request)
               ^^^^^^^^^^^^^^^^^^^^^^^^^^^^^
  File "/home/shebahub/ShebaHub_Backend/venv/lib/python3.12/site-packages/django/middleware/common.py", line 48, in process_request
    host = request.get_host()
           ^^^^^^^^^^^^^^^^^^
  File "/home/shebahub/ShebaHub_Backend/venv/lib/python3.12/site-packages/django/http/request.py", line 150, in get_host
    raise DisallowedHost(msg)
django.core.exceptions.DisallowedHost: Invalid HTTP_HOST header: '51.84.138.91:8085'. You may need to add '51.84.138.91' to ALLOWED_HOSTS.
ERROR 2026-05-02 13:53:54,534 django.security.DisallowedHost Invalid HTTP_HOST header: '51.84.138.91:8085'. You may need to add '51.84.138.91' to ALLOWED_HOSTS.
Traceback (most recent call last):
  File "/home/shebahub/ShebaHub_Backend/venv/lib/python3.12/site-packages/django/core/handlers/exception.py", line 55, in inner
    response = get_response(request)
               ^^^^^^^^^^^^^^^^^^^^^
  File "/home/shebahub/ShebaHub_Backend/venv/lib/python3.12/site-packages/django/utils/deprecation.py", line 133, in __call__
    response = self.process_request(request)
               ^^^^^^^^^^^^^^^^^^^^^^^^^^^^^
  File "/home/shebahub/ShebaHub_Backend/venv/lib/python3.12/site-packages/django/middleware/common.py", line 48, in process_request
    host = request.get_host()
           ^^^^^^^^^^^^^^^^^^
  File "/home/shebahub/ShebaHub_Backend/venv/lib/python3.12/site-packages/django/http/request.py", line 150, in get_host
    raise DisallowedHost(msg)
django.core.exceptions.DisallowedHost: Invalid HTTP_HOST header: '51.84.138.91:8085'. You may need to add '51.84.138.91' to ALLOWED_HOSTS.
ERROR 2026-05-02 13:53:54,698 django.security.DisallowedHost Invalid HTTP_HOST header: '51.84.138.91:8085'. You may need to add '51.84.138.91' to ALLOWED_HOSTS.
Traceback (most recent call last):
  File "/home/shebahub/ShebaHub_Backend/venv/lib/python3.12/site-packages/django/core/handlers/exception.py", line 55, in inner
    response = get_response(request)
               ^^^^^^^^^^^^^^^^^^^^^
  File "/home/shebahub/ShebaHub_Backend/venv/lib/python3.12/site-packages/django/utils/deprecation.py", line 133, in __call__
    response = self.process_request(request)
               ^^^^^^^^^^^^^^^^^^^^^^^^^^^^^
  File "/home/shebahub/ShebaHub_Backend/venv/lib/python3.12/site-packages/django/middleware/common.py", line 48, in process_request
    host = request.get_host()
           ^^^^^^^^^^^^^^^^^^
  File "/home/shebahub/ShebaHub_Backend/venv/lib/python3.12/site-packages/django/http/request.py", line 150, in get_host
    raise DisallowedHost(msg)
django.core.exceptions.DisallowedHost: Invalid HTTP_HOST header: '51.84.138.91:8085'. You may need to add '51.84.138.91' to ALLOWED_HOSTS.
INFO 2026-05-02 13:57:40,649 audit User registered successfully: miel.baruchi@mail.huji.ac.il
INFO 2026-05-02 14:16:51,426 audit Email verified: leonoragor@gmail.com
INFO 2026-05-02 14:18:04,828 audit User logged in successfully: lipkinilona8@gmail.com
INFO 2026-05-02 14:35:08,019 audit User logged in successfully: yuval.kaduri@gmail.com
WARNING 2026-05-02 14:47:08,376 audit Failed login attempt for: admin_test@gmail.com
INFO 2026-05-02 14:47:33,693 audit User logged in successfully: ori.rimon92@gmail.com
INFO 2026-05-02 14:47:53,489 audit Document deleted from student profile: ori.rimon92@gmail.com
INFO 2026-05-02 14:47:55,557 audit User logged in successfully: admin_test@gmail.com
INFO 2026-05-02 14:48:31,030 audit Student profile updated: ori.rimon92@gmail.com
INFO 2026-05-02 14:48:31,202 audit Document uploaded to student profile: ori.rimon92@gmail.com
INFO 2026-05-02 15:26:58,940 audit Email verified: ohadavivi12@gmail.com
INFO 2026-05-02 16:01:41,936 audit User logged in successfully: admin@sheba.com
INFO 2026-05-02 16:17:06,666 audit User logged in successfully: nicolekovaks@mail.tau.ac.il
INFO 2026-05-02 16:41:14,640 audit User registered successfully: irinashk@campus.technion.ac.il
ERROR 2026-05-02 17:40:46,007 django.security.DisallowedHost Invalid HTTP_HOST header: '51.84.138.91:8085'. You may need to add '51.84.138.91' to ALLOWED_HOSTS.
Traceback (most recent call last):
  File "/home/shebahub/ShebaHub_Backend/venv/lib/python3.12/site-packages/django/core/handlers/exception.py", line 55, in inner
    response = get_response(request)
               ^^^^^^^^^^^^^^^^^^^^^
  File "/home/shebahub/ShebaHub_Backend/venv/lib/python3.12/site-packages/django/utils/deprecation.py", line 133, in __call__
    response = self.process_request(request)
               ^^^^^^^^^^^^^^^^^^^^^^^^^^^^^
  File "/home/shebahub/ShebaHub_Backend/venv/lib/python3.12/site-packages/django/middleware/common.py", line 48, in process_request
    host = request.get_host()
           ^^^^^^^^^^^^^^^^^^
  File "/home/shebahub/ShebaHub_Backend/venv/lib/python3.12/site-packages/django/http/request.py", line 150, in get_host
    raise DisallowedHost(msg)
django.core.exceptions.DisallowedHost: Invalid HTTP_HOST header: '51.84.138.91:8085'. You may need to add '51.84.138.91' to ALLOWED_HOSTS.
INFO 2026-05-02 19:07:09,293 audit User registered successfully: gillsarahuja@mail.tau.ac.il
INFO 2026-05-02 19:10:05,497 audit Student profile created: gillsarahuja@mail.tau.ac.il
INFO 2026-05-02 19:14:32,283 audit User registered successfully: yuligold13@gmail.com
INFO 2026-05-02 19:16:37,341 audit Student profile created: yuligold13@gmail.com
INFO 2026-05-02 19:16:52,126 audit Email verified: yuligold13@gmail.com
INFO 2026-05-02 19:17:05,052 audit User logged in successfully: yuligold13@gmail.com
INFO 2026-05-02 19:18:06,615 audit User registered successfully: duki.fisher@gmail.com
INFO 2026-05-02 19:21:03,744 audit Student profile updated: yuligold13@gmail.com
INFO 2026-05-02 19:27:20,381 audit Student profile updated: yuligold13@gmail.com
INFO 2026-05-02 19:29:29,994 audit Student profile updated: yuligold13@gmail.com
INFO 2026-05-02 19:31:36,649 audit User registered successfully: akivash8@gmail.com
INFO 2026-05-02 19:46:16,868 audit Email verified: gillsarahuja@mail.tau.ac.il
INFO 2026-05-02 19:53:28,289 audit User registered successfully: hadareliad@gmail.com
INFO 2026-05-02 20:14:45,026 audit User logged in successfully: jonathan200123456@gmail.com
WARNING 2026-05-02 20:24:59,162 audit Failed login attempt for: zarfatimor@gmail.com
INFO 2026-05-02 20:25:09,468 audit Password reset requested for: zarfatimor@gmail.com
INFO 2026-05-02 20:27:37,842 audit Password reset completed for: zarfatimor@gmail.com
WARNING 2026-05-02 20:28:01,416 audit Failed login attempt for: zarfatimor@gmail.com
INFO 2026-05-02 20:28:19,053 audit User logged in successfully: zarfatimor@gmail.com
INFO 2026-05-02 20:29:53,031 audit User registered successfully: noa831@gmail.com
INFO 2026-05-02 20:52:19,031 audit User registered successfully: maymoniomer@gmail.com
INFO 2026-05-02 20:56:58,521 audit User registered successfully: noyacorinaldi@gmail.com
INFO 2026-05-02 20:59:48,868 audit Student profile created: maymoniomer@gmail.com
INFO 2026-05-02 21:00:03,256 audit Email verified: maymoniomer@gmail.com
INFO 2026-05-02 21:04:51,505 audit Student profile created: noyacorinaldi@gmail.com
INFO 2026-05-02 21:05:14,674 audit User logged in successfully: malovmalki@gmail.com
INFO 2026-05-02 21:07:10,766 audit Email verified: noyacorinaldi@gmail.com
INFO 2026-05-02 21:12:04,585 audit User logged in successfully: yuligold13@gmail.com
INFO 2026-05-02 21:12:26,854 audit Student profile updated: noyacorinaldi@gmail.com
INFO 2026-05-02 21:13:24,022 audit Email verified: zamlinlior95@gmail.com
INFO 2026-05-02 21:22:15,797 audit User registered successfully: amirkilbeer1@gmail.com
INFO 2026-05-02 21:43:05,890 audit Student profile created: noa831@gmail.com
INFO 2026-05-02 21:43:06,516 audit Document uploaded to student profile: noa831@gmail.com
INFO 2026-05-02 21:50:14,566 audit Document deleted from student profile: noa831@gmail.com
INFO 2026-05-02 21:50:16,695 audit Student profile updated: noa831@gmail.com
INFO 2026-05-02 21:59:25,346 audit User registered successfully: shacar.itzhaki@gmail.con
INFO 2026-05-02 23:11:15,659 audit Student profile updated: noa831@gmail.com
INFO 2026-05-03 01:26:21,636 audit User registered successfully: shira9162@gmail.com
ERROR 2026-05-03 01:28:47,793 django.security.DisallowedHost Invalid HTTP_HOST header: '51.84.138.91:8085'. You may need to add '51.84.138.91' to ALLOWED_HOSTS.
Traceback (most recent call last):
  File "/home/shebahub/ShebaHub_Backend/venv/lib/python3.12/site-packages/django/core/handlers/exception.py", line 55, in inner
    response = get_response(request)
               ^^^^^^^^^^^^^^^^^^^^^
  File "/home/shebahub/ShebaHub_Backend/venv/lib/python3.12/site-packages/django/utils/deprecation.py", line 133, in __call__
    response = self.process_request(request)
               ^^^^^^^^^^^^^^^^^^^^^^^^^^^^^
  File "/home/shebahub/ShebaHub_Backend/venv/lib/python3.12/site-packages/django/middleware/common.py", line 48, in process_request
    host = request.get_host()
           ^^^^^^^^^^^^^^^^^^
  File "/home/shebahub/ShebaHub_Backend/venv/lib/python3.12/site-packages/django/http/request.py", line 150, in get_host
    raise DisallowedHost(msg)
django.core.exceptions.DisallowedHost: Invalid HTTP_HOST header: '51.84.138.91:8085'. You may need to add '51.84.138.91' to ALLOWED_HOSTS.
ERROR 2026-05-03 01:29:08,813 django.security.DisallowedHost Invalid HTTP_HOST header: '51.84.138.91:8085'. You may need to add '51.84.138.91' to ALLOWED_HOSTS.
Traceback (most recent call last):
  File "/home/shebahub/ShebaHub_Backend/venv/lib/python3.12/site-packages/django/core/handlers/exception.py", line 55, in inner
    response = get_response(request)
               ^^^^^^^^^^^^^^^^^^^^^
  File "/home/shebahub/ShebaHub_Backend/venv/lib/python3.12/site-packages/django/utils/deprecation.py", line 133, in __call__
    response = self.process_request(request)
               ^^^^^^^^^^^^^^^^^^^^^^^^^^^^^
  File "/home/shebahub/ShebaHub_Backend/venv/lib/python3.12/site-packages/django/middleware/common.py", line 48, in process_request
    host = request.get_host()
           ^^^^^^^^^^^^^^^^^^
  File "/home/shebahub/ShebaHub_Backend/venv/lib/python3.12/site-packages/django/http/request.py", line 150, in get_host
    raise DisallowedHost(msg)
django.core.exceptions.DisallowedHost: Invalid HTTP_HOST header: '51.84.138.91:8085'. You may need to add '51.84.138.91' to ALLOWED_HOSTS.
ERROR 2026-05-03 01:35:04,915 django.security.DisallowedHost Invalid HTTP_HOST header: '51.84.138.91:8085'. You may need to add '51.84.138.91' to ALLOWED_HOSTS.
Traceback (most recent call last):
  File "/home/shebahub/ShebaHub_Backend/venv/lib/python3.12/site-packages/django/core/handlers/exception.py", line 55, in inner
    response = get_response(request)
               ^^^^^^^^^^^^^^^^^^^^^
  File "/home/shebahub/ShebaHub_Backend/venv/lib/python3.12/site-packages/django/utils/deprecation.py", line 133, in __call__
    response = self.process_request(request)
               ^^^^^^^^^^^^^^^^^^^^^^^^^^^^^
  File "/home/shebahub/ShebaHub_Backend/venv/lib/python3.12/site-packages/django/middleware/common.py", line 48, in process_request
    host = request.get_host()
           ^^^^^^^^^^^^^^^^^^
  File "/home/shebahub/ShebaHub_Backend/venv/lib/python3.12/site-packages/django/http/request.py", line 150, in get_host
    raise DisallowedHost(msg)
django.core.exceptions.DisallowedHost: Invalid HTTP_HOST header: '51.84.138.91:8085'. You may need to add '51.84.138.91' to ALLOWED_HOSTS.
ERROR 2026-05-03 01:35:05,084 django.security.DisallowedHost Invalid HTTP_HOST header: '51.84.138.91:8085'. You may need to add '51.84.138.91' to ALLOWED_HOSTS.
Traceback (most recent call last):
  File "/home/shebahub/ShebaHub_Backend/venv/lib/python3.12/site-packages/django/core/handlers/exception.py", line 55, in inner
    response = get_response(request)
               ^^^^^^^^^^^^^^^^^^^^^
  File "/home/shebahub/ShebaHub_Backend/venv/lib/python3.12/site-packages/django/utils/deprecation.py", line 133, in __call__
    response = self.process_request(request)
               ^^^^^^^^^^^^^^^^^^^^^^^^^^^^^
  File "/home/shebahub/ShebaHub_Backend/venv/lib/python3.12/site-packages/django/middleware/common.py", line 48, in process_request
    host = request.get_host()
           ^^^^^^^^^^^^^^^^^^
  File "/home/shebahub/ShebaHub_Backend/venv/lib/python3.12/site-packages/django/http/request.py", line 150, in get_host
    raise DisallowedHost(msg)
django.core.exceptions.DisallowedHost: Invalid HTTP_HOST header: '51.84.138.91:8085'. You may need to add '51.84.138.91' to ALLOWED_HOSTS.
ERROR 2026-05-03 01:35:05,250 django.security.DisallowedHost Invalid HTTP_HOST header: '51.84.138.91:8085'. You may need to add '51.84.138.91' to ALLOWED_HOSTS.
Traceback (most recent call last):
  File "/home/shebahub/ShebaHub_Backend/venv/lib/python3.12/site-packages/django/core/handlers/exception.py", line 55, in inner
    response = get_response(request)
               ^^^^^^^^^^^^^^^^^^^^^
  File "/home/shebahub/ShebaHub_Backend/venv/lib/python3.12/site-packages/django/utils/deprecation.py", line 133, in __call__
    response = self.process_request(request)
               ^^^^^^^^^^^^^^^^^^^^^^^^^^^^^
  File "/home/shebahub/ShebaHub_Backend/venv/lib/python3.12/site-packages/django/middleware/common.py", line 48, in process_request
    host = request.get_host()
           ^^^^^^^^^^^^^^^^^^
  File "/home/shebahub/ShebaHub_Backend/venv/lib/python3.12/site-packages/django/http/request.py", line 150, in get_host
    raise DisallowedHost(msg)
django.core.exceptions.DisallowedHost: Invalid HTTP_HOST header: '51.84.138.91:8085'. You may need to add '51.84.138.91' to ALLOWED_HOSTS.
ERROR 2026-05-03 01:35:05,416 django.security.DisallowedHost Invalid HTTP_HOST header: '51.84.138.91:8085'. You may need to add '51.84.138.91' to ALLOWED_HOSTS.
Traceback (most recent call last):
  File "/home/shebahub/ShebaHub_Backend/venv/lib/python3.12/site-packages/django/core/handlers/exception.py", line 55, in inner
    response = get_response(request)
               ^^^^^^^^^^^^^^^^^^^^^
  File "/home/shebahub/ShebaHub_Backend/venv/lib/python3.12/site-packages/django/utils/deprecation.py", line 133, in __call__
    response = self.process_request(request)
               ^^^^^^^^^^^^^^^^^^^^^^^^^^^^^
  File "/home/shebahub/ShebaHub_Backend/venv/lib/python3.12/site-packages/django/middleware/common.py", line 48, in process_request
    host = request.get_host()
           ^^^^^^^^^^^^^^^^^^
  File "/home/shebahub/ShebaHub_Backend/venv/lib/python3.12/site-packages/django/http/request.py", line 150, in get_host
    raise DisallowedHost(msg)
django.core.exceptions.DisallowedHost: Invalid HTTP_HOST header: '51.84.138.91:8085'. You may need to add '51.84.138.91' to ALLOWED_HOSTS.
INFO 2026-05-03 02:35:03,919 audit Email verified: tehilah.meged@gmail.com
INFO 2026-05-03 02:35:08,146 audit Email verified: tehilah.meged@gmail.com
WARNING 2026-05-03 04:02:40,486 audit Failed login attempt for: hodayaeta@gmail.com
WARNING 2026-05-03 04:03:45,025 audit Signup validation failed: {'password': [ErrorDetail(string='This password is entirely numeric.', code='invalid')]}
INFO 2026-05-03 04:04:27,524 audit User registered successfully: hodayaeta@gmail.com
INFO 2026-05-03 04:07:20,389 audit Student profile created: hodayaeta@gmail.com
INFO 2026-05-03 04:07:40,658 audit User logged in successfully: lipkinilona8@gmail.com
INFO 2026-05-03 04:54:06,664 audit User registered successfully: adarhaba444@gmail.com
INFO 2026-05-03 04:59:32,937 audit Email verified: duki.fisher@gmail.com
INFO 2026-05-03 05:06:50,538 audit User registered successfully: tsiporak@mail.tau.ac.il
INFO 2026-05-03 05:57:21,508 audit User registered successfully: ronib9@gmail.com
INFO 2026-05-03 06:07:00,959 audit User logged in successfully: ori.rimon92@gmail.com
INFO 2026-05-03 06:47:54,326 audit User registered successfully: morku8@gmail.com
INFO 2026-05-03 06:57:38,966 audit User logged in successfully: noa6845@gmail.com
INFO 2026-05-03 06:57:41,971 audit User logged in successfully: galihemo3@gmail.com
INFO 2026-05-03 07:09:18,441 audit User logged in successfully: admin_test@gmail.com
INFO 2026-05-03 07:09:35,923 audit User logged in successfully: test1admin@gmail.com
INFO 2026-05-03 07:11:29,292 audit User registered successfully: ilan587@gmail.com
INFO 2026-05-03 07:18:08,804 audit Email verified: ilan587@gmail.com
INFO 2026-05-03 07:21:43,574 audit User registered successfully: niro101090@gmail.com
INFO 2026-05-03 07:23:41,890 audit Student profile created: niro101090@gmail.com
INFO 2026-05-03 08:32:43,061 audit User logged in successfully: admin@sheba.com
INFO 2026-05-03 08:33:33,609 audit User logged in successfully: maayangilboa@tau.ac.il
INFO 2026-05-03 08:35:19,239 audit Contact message sent: from=maayangilboa@tau.ac.il to user #0649b2b4-68ad-4a4d-8b06-16bdfeec5656
INFO 2026-05-03 08:55:26,597 audit User logged in successfully: noa831@gmail.com
INFO 2026-05-03 09:01:46,129 audit User logged in successfully: roy.vivantee@gmail.com
INFO 2026-05-03 09:28:47,571 audit User logged in successfully: reggev@mail.tau.ac.il
INFO 2026-05-03 10:09:46,619 audit User logged in successfully: benet8890@gmail.com
INFO 2026-05-03 10:45:12,920 audit User registered successfully: milanamelamed12@gmail.com
INFO 2026-05-03 10:59:10,237 audit User logged in successfully: noyacorinaldi@gmail.com
INFO 2026-05-03 11:18:35,245 audit User registered successfully: shir.barak@mail.huji.ac.il
INFO 2026-05-03 11:26:04,160 audit User logged in successfully: admin_test@gmail.com
INFO 2026-05-03 11:51:03,827 audit User logged in successfully: noa6845@gmail.com
INFO 2026-05-03 12:07:44,457 audit User logged in successfully: admin@sheba.com
INFO 2026-05-03 12:09:31,779 audit Student profile created: admin@sheba.com
INFO 2026-05-03 12:25:02,022 audit User logged in successfully: maayangilboa@tau.ac.il
ERROR 2026-05-03 12:45:01,841 django.security.DisallowedHost Invalid HTTP_HOST header: '51.84.138.91:8085'. You may need to add '51.84.138.91' to ALLOWED_HOSTS.
Traceback (most recent call last):
  File "/home/shebahub/ShebaHub_Backend/venv/lib/python3.12/site-packages/django/core/handlers/exception.py", line 55, in inner
    response = get_response(request)
               ^^^^^^^^^^^^^^^^^^^^^
  File "/home/shebahub/ShebaHub_Backend/venv/lib/python3.12/site-packages/django/utils/deprecation.py", line 133, in __call__
    response = self.process_request(request)
               ^^^^^^^^^^^^^^^^^^^^^^^^^^^^^
  File "/home/shebahub/ShebaHub_Backend/venv/lib/python3.12/site-packages/django/middleware/common.py", line 48, in process_request
    host = request.get_host()
           ^^^^^^^^^^^^^^^^^^
  File "/home/shebahub/ShebaHub_Backend/venv/lib/python3.12/site-packages/django/http/request.py", line 150, in get_host
    raise DisallowedHost(msg)
django.core.exceptions.DisallowedHost: Invalid HTTP_HOST header: '51.84.138.91:8085'. You may need to add '51.84.138.91' to ALLOWED_HOSTS.
INFO 2026-05-03 12:45:02,470 audit Email verified: hadar.israeli1@mail.huji.ac.il
INFO 2026-05-03 12:56:40,403 audit User logged in successfully: admin@sheba.com
INFO 2026-05-03 13:12:01,265 audit User logged in successfully: admin_test@gmail.com
INFO 2026-05-03 13:14:35,409 audit User logged in successfully: maayangilboa@tau.ac.il
INFO 2026-05-03 13:35:13,026 audit User logged in successfully: jonathan200123456@gmail.com
ERROR 2026-05-03 13:36:17,816 django.security.DisallowedHost Invalid HTTP_HOST header: '51.84.138.91:8085'. You may need to add '51.84.138.91' to ALLOWED_HOSTS.
Traceback (most recent call last):
  File "/home/shebahub/ShebaHub_Backend/venv/lib/python3.12/site-packages/django/core/handlers/exception.py", line 55, in inner
    response = get_response(request)
               ^^^^^^^^^^^^^^^^^^^^^
  File "/home/shebahub/ShebaHub_Backend/venv/lib/python3.12/site-packages/django/utils/deprecation.py", line 133, in __call__
    response = self.process_request(request)
               ^^^^^^^^^^^^^^^^^^^^^^^^^^^^^
  File "/home/shebahub/ShebaHub_Backend/venv/lib/python3.12/site-packages/django/middleware/common.py", line 48, in process_request
    host = request.get_host()
           ^^^^^^^^^^^^^^^^^^
  File "/home/shebahub/ShebaHub_Backend/venv/lib/python3.12/site-packages/django/http/request.py", line 150, in get_host
    raise DisallowedHost(msg)
django.core.exceptions.DisallowedHost: Invalid HTTP_HOST header: '51.84.138.91:8085'. You may need to add '51.84.138.91' to ALLOWED_HOSTS.
ERROR 2026-05-03 13:36:18,557 django.security.DisallowedHost Invalid HTTP_HOST header: '51.84.138.91:8085'. You may need to add '51.84.138.91' to ALLOWED_HOSTS.
Traceback (most recent call last):
  File "/home/shebahub/ShebaHub_Backend/venv/lib/python3.12/site-packages/django/core/handlers/exception.py", line 55, in inner
    response = get_response(request)
               ^^^^^^^^^^^^^^^^^^^^^
  File "/home/shebahub/ShebaHub_Backend/venv/lib/python3.12/site-packages/django/utils/deprecation.py", line 133, in __call__
    response = self.process_request(request)
               ^^^^^^^^^^^^^^^^^^^^^^^^^^^^^
  File "/home/shebahub/ShebaHub_Backend/venv/lib/python3.12/site-packages/django/middleware/common.py", line 48, in process_request
    host = request.get_host()
           ^^^^^^^^^^^^^^^^^^
  File "/home/shebahub/ShebaHub_Backend/venv/lib/python3.12/site-packages/django/http/request.py", line 150, in get_host
    raise DisallowedHost(msg)
django.core.exceptions.DisallowedHost: Invalid HTTP_HOST header: '51.84.138.91:8085'. You may need to add '51.84.138.91' to ALLOWED_HOSTS.
ERROR 2026-05-03 13:36:19,296 django.security.DisallowedHost Invalid HTTP_HOST header: '51.84.138.91:8085'. You may need to add '51.84.138.91' to ALLOWED_HOSTS.
Traceback (most recent call last):
  File "/home/shebahub/ShebaHub_Backend/venv/lib/python3.12/site-packages/django/core/handlers/exception.py", line 55, in inner
    response = get_response(request)
               ^^^^^^^^^^^^^^^^^^^^^
  File "/home/shebahub/ShebaHub_Backend/venv/lib/python3.12/site-packages/django/utils/deprecation.py", line 133, in __call__
    response = self.process_request(request)
               ^^^^^^^^^^^^^^^^^^^^^^^^^^^^^
  File "/home/shebahub/ShebaHub_Backend/venv/lib/python3.12/site-packages/django/middleware/common.py", line 48, in process_request
    host = request.get_host()
           ^^^^^^^^^^^^^^^^^^
  File "/home/shebahub/ShebaHub_Backend/venv/lib/python3.12/site-packages/django/http/request.py", line 150, in get_host
    raise DisallowedHost(msg)
django.core.exceptions.DisallowedHost: Invalid HTTP_HOST header: '51.84.138.91:8085'. You may need to add '51.84.138.91' to ALLOWED_HOSTS.
ERROR 2026-05-03 13:36:20,087 django.security.DisallowedHost Invalid HTTP_HOST header: '51.84.138.91:8085'. You may need to add '51.84.138.91' to ALLOWED_HOSTS.
Traceback (most recent call last):
  File "/home/shebahub/ShebaHub_Backend/venv/lib/python3.12/site-packages/django/core/handlers/exception.py", line 55, in inner
    response = get_response(request)
               ^^^^^^^^^^^^^^^^^^^^^
  File "/home/shebahub/ShebaHub_Backend/venv/lib/python3.12/site-packages/django/utils/deprecation.py", line 133, in __call__
    response = self.process_request(request)
               ^^^^^^^^^^^^^^^^^^^^^^^^^^^^^
  File "/home/shebahub/ShebaHub_Backend/venv/lib/python3.12/site-packages/django/middleware/common.py", line 48, in process_request
    host = request.get_host()
           ^^^^^^^^^^^^^^^^^^
  File "/home/shebahub/ShebaHub_Backend/venv/lib/python3.12/site-packages/django/http/request.py", line 150, in get_host
    raise DisallowedHost(msg)
django.core.exceptions.DisallowedHost: Invalid HTTP_HOST header: '51.84.138.91:8085'. You may need to add '51.84.138.91' to ALLOWED_HOSTS.
WARNING 2026-05-03 13:36:22,048 audit Failed login attempt for: admin_test@gmail.com
INFO 2026-05-03 13:36:29,569 audit User logged in successfully: admin_test@gmail.com
ERROR 2026-05-03 13:36:42,679 django.security.DisallowedHost Invalid HTTP_HOST header: '51.84.138.91:8085'. You may need to add '51.84.138.91' to ALLOWED_HOSTS.
Traceback (most recent call last):
  File "/home/shebahub/ShebaHub_Backend/venv/lib/python3.12/site-packages/django/core/handlers/exception.py", line 55, in inner
    response = get_response(request)
               ^^^^^^^^^^^^^^^^^^^^^
  File "/home/shebahub/ShebaHub_Backend/venv/lib/python3.12/site-packages/django/utils/deprecation.py", line 133, in __call__
    response = self.process_request(request)
               ^^^^^^^^^^^^^^^^^^^^^^^^^^^^^
  File "/home/shebahub/ShebaHub_Backend/venv/lib/python3.12/site-packages/django/middleware/common.py", line 48, in process_request
    host = request.get_host()
           ^^^^^^^^^^^^^^^^^^
  File "/home/shebahub/ShebaHub_Backend/venv/lib/python3.12/site-packages/django/http/request.py", line 150, in get_host
    raise DisallowedHost(msg)
django.core.exceptions.DisallowedHost: Invalid HTTP_HOST header: '51.84.138.91:8085'. You may need to add '51.84.138.91' to ALLOWED_HOSTS.
INFO 2026-05-03 13:52:15,613 audit User logged in successfully: reut.shoham@sheba.gov.il
INFO 2026-05-03 13:57:16,874 audit User registered successfully: mahdi.aboalo@mail.huji.ac.il
INFO 2026-05-03 13:57:31,591 audit Email verified: mahdi.aboalo@mail.huji.ac.il
INFO 2026-05-03 13:57:41,662 audit User logged in successfully: mahdi.aboalo@mail.huji.ac.il
INFO 2026-05-03 14:00:28,073 audit Student profile created: mahdi.aboalo@mail.huji.ac.il
INFO 2026-05-03 14:05:24,884 audit Contact message sent: from=mahdi.aboalo@mail.huji.ac.il to user #8fb2d59a-2ac4-4cfd-9caf-b3cd3b87cba4
INFO 2026-05-03 14:16:37,211 audit Student profile updated: mahdi.aboalo@mail.huji.ac.il
INFO 2026-05-03 14:29:23,717 audit User logged in successfully: noyacorinaldi@gmail.com
ERROR 2026-05-03 15:06:10,463 django.security.DisallowedHost Invalid HTTP_HOST header: 'shamir.hitheal.org.il'. You may need to add 'shamir.hitheal.org.il' to ALLOWED_HOSTS.
Traceback (most recent call last):
  File "/home/shebahub/ShebaHub_Backend/venv/lib/python3.12/site-packages/django/core/handlers/exception.py", line 55, in inner
    response = get_response(request)
               ^^^^^^^^^^^^^^^^^^^^^
  File "/home/shebahub/ShebaHub_Backend/venv/lib/python3.12/site-packages/django/utils/deprecation.py", line 133, in __call__
    response = self.process_request(request)
               ^^^^^^^^^^^^^^^^^^^^^^^^^^^^^
  File "/home/shebahub/ShebaHub_Backend/venv/lib/python3.12/site-packages/django/middleware/common.py", line 48, in process_request
    host = request.get_host()
           ^^^^^^^^^^^^^^^^^^
  File "/home/shebahub/ShebaHub_Backend/venv/lib/python3.12/site-packages/django/http/request.py", line 150, in get_host
    raise DisallowedHost(msg)
django.core.exceptions.DisallowedHost: Invalid HTTP_HOST header: 'shamir.hitheal.org.il'. You may need to add 'shamir.hitheal.org.il' to ALLOWED_HOSTS.
ERROR 2026-05-03 15:06:11,561 django.security.DisallowedHost Invalid HTTP_HOST header: 'shamir.hitheal.org.il'. You may need to add 'shamir.hitheal.org.il' to ALLOWED_HOSTS.
Traceback (most recent call last):
  File "/home/shebahub/ShebaHub_Backend/venv/lib/python3.12/site-packages/django/core/handlers/exception.py", line 55, in inner
    response = get_response(request)
               ^^^^^^^^^^^^^^^^^^^^^
  File "/home/shebahub/ShebaHub_Backend/venv/lib/python3.12/site-packages/django/utils/deprecation.py", line 133, in __call__
    response = self.process_request(request)
               ^^^^^^^^^^^^^^^^^^^^^^^^^^^^^
  File "/home/shebahub/ShebaHub_Backend/venv/lib/python3.12/site-packages/django/middleware/common.py", line 48, in process_request
    host = request.get_host()
           ^^^^^^^^^^^^^^^^^^
  File "/home/shebahub/ShebaHub_Backend/venv/lib/python3.12/site-packages/django/http/request.py", line 150, in get_host
    raise DisallowedHost(msg)
django.core.exceptions.DisallowedHost: Invalid HTTP_HOST header: 'shamir.hitheal.org.il'. You may need to add 'shamir.hitheal.org.il' to ALLOWED_HOSTS.
INFO 2026-05-03 15:39:02,866 audit User registered successfully: shahafdaffa@gmail.com
WARNING 2026-05-03 15:41:38,557 audit Failed login attempt for: shoham.reut@gmail.com
INFO 2026-05-03 15:41:49,905 audit User logged in successfully: reut.shoham@sheba.gov.il
INFO 2026-05-03 15:47:57,818 audit Mentor profile updated: reut.shoham@sheba.gov.il
INFO 2026-05-03 15:47:58,133 audit Mentor avatar uploaded: reut.shoham@sheba.gov.il
INFO 2026-05-03 16:19:10,825 audit User logged in successfully: ofrygr96@gmail.com
INFO 2026-05-03 16:34:08,795 audit User logged in successfully: admin@sheba.com
INFO 2026-05-03 16:34:18,995 audit User logged in successfully: maayangilboa@tau.ac.il
INFO 2026-05-03 17:01:34,543 audit User logged in successfully: mahdi.aboalo@mail.huji.ac.il
INFO 2026-05-03 17:44:09,432 audit User logged in successfully: hilahawa.rosental@gmail.com
INFO 2026-05-03 17:50:25,258 audit Contact message sent: from=hilahawa.rosental@gmail.com to user #85ca0922-36db-4d29-9042-713544e8236d
INFO 2026-05-03 18:28:51,201 audit User registered successfully: ybaharad@gmail.com
INFO 2026-05-03 18:31:42,182 audit Student profile created: ybaharad@gmail.com
INFO 2026-05-03 18:31:49,801 audit Email verified: ybaharad@gmail.com
INFO 2026-05-03 18:31:50,351 audit User registered successfully: helenla2910@gmail.com
INFO 2026-05-03 18:32:03,876 audit User logged in successfully: ybaharad@gmail.com
INFO 2026-05-03 18:37:52,606 audit Email verified: max.segev@gmail.com
INFO 2026-05-03 18:38:17,342 audit User logged in successfully: max.segev@gmail.com
INFO 2026-05-03 18:40:07,420 audit Student profile updated: ybaharad@gmail.com
INFO 2026-05-03 19:12:31,145 audit User logged in successfully: yoavbourla@gmail.com
INFO 2026-05-03 19:30:15,129 audit Email verified: ybaharad@gmail.com
INFO 2026-05-03 19:30:21,901 audit Email verified: ybaharad@gmail.com
INFO 2026-05-03 19:59:54,593 audit User logged in successfully: zamlinlior95@gmail.com
INFO 2026-05-03 21:53:14,509 audit User registered successfully: duamasarwa@gmail.com
INFO 2026-05-03 21:57:04,044 audit Mentor profile created: duamasarwa@gmail.com
ERROR 2026-05-04 01:35:43,589 django.security.DisallowedHost Invalid HTTP_HOST header: '51.84.138.91:8085'. You may need to add '51.84.138.91' to ALLOWED_HOSTS.
Traceback (most recent call last):
  File "/home/shebahub/ShebaHub_Backend/venv/lib/python3.12/site-packages/django/core/handlers/exception.py", line 55, in inner
    response = get_response(request)
               ^^^^^^^^^^^^^^^^^^^^^
  File "/home/shebahub/ShebaHub_Backend/venv/lib/python3.12/site-packages/django/utils/deprecation.py", line 133, in __call__
    response = self.process_request(request)
               ^^^^^^^^^^^^^^^^^^^^^^^^^^^^^
  File "/home/shebahub/ShebaHub_Backend/venv/lib/python3.12/site-packages/django/middleware/common.py", line 48, in process_request
    host = request.get_host()
           ^^^^^^^^^^^^^^^^^^
  File "/home/shebahub/ShebaHub_Backend/venv/lib/python3.12/site-packages/django/http/request.py", line 150, in get_host
    raise DisallowedHost(msg)
django.core.exceptions.DisallowedHost: Invalid HTTP_HOST header: '51.84.138.91:8085'. You may need to add '51.84.138.91' to ALLOWED_HOSTS.
ERROR 2026-05-04 01:35:44,082 django.security.DisallowedHost Invalid HTTP_HOST header: '51.84.138.91:8085'. You may need to add '51.84.138.91' to ALLOWED_HOSTS.
Traceback (most recent call last):
  File "/home/shebahub/ShebaHub_Backend/venv/lib/python3.12/site-packages/django/core/handlers/exception.py", line 55, in inner
    response = get_response(request)
               ^^^^^^^^^^^^^^^^^^^^^
  File "/home/shebahub/ShebaHub_Backend/venv/lib/python3.12/site-packages/django/utils/deprecation.py", line 133, in __call__
    response = self.process_request(request)
               ^^^^^^^^^^^^^^^^^^^^^^^^^^^^^
  File "/home/shebahub/ShebaHub_Backend/venv/lib/python3.12/site-packages/django/middleware/common.py", line 48, in process_request
    host = request.get_host()
           ^^^^^^^^^^^^^^^^^^
  File "/home/shebahub/ShebaHub_Backend/venv/lib/python3.12/site-packages/django/http/request.py", line 150, in get_host
    raise DisallowedHost(msg)
django.core.exceptions.DisallowedHost: Invalid HTTP_HOST header: '51.84.138.91:8085'. You may need to add '51.84.138.91' to ALLOWED_HOSTS.
ERROR 2026-05-04 01:35:44,558 django.security.DisallowedHost Invalid HTTP_HOST header: '51.84.138.91:8085'. You may need to add '51.84.138.91' to ALLOWED_HOSTS.
Traceback (most recent call last):
  File "/home/shebahub/ShebaHub_Backend/venv/lib/python3.12/site-packages/django/core/handlers/exception.py", line 55, in inner
    response = get_response(request)
               ^^^^^^^^^^^^^^^^^^^^^
  File "/home/shebahub/ShebaHub_Backend/venv/lib/python3.12/site-packages/django/utils/deprecation.py", line 133, in __call__
    response = self.process_request(request)
               ^^^^^^^^^^^^^^^^^^^^^^^^^^^^^
  File "/home/shebahub/ShebaHub_Backend/venv/lib/python3.12/site-packages/django/middleware/common.py", line 48, in process_request
    host = request.get_host()
           ^^^^^^^^^^^^^^^^^^
  File "/home/shebahub/ShebaHub_Backend/venv/lib/python3.12/site-packages/django/http/request.py", line 150, in get_host
    raise DisallowedHost(msg)
django.core.exceptions.DisallowedHost: Invalid HTTP_HOST header: '51.84.138.91:8085'. You may need to add '51.84.138.91' to ALLOWED_HOSTS.
ERROR 2026-05-04 01:35:45,031 django.security.DisallowedHost Invalid HTTP_HOST header: '51.84.138.91:8085'. You may need to add '51.84.138.91' to ALLOWED_HOSTS.
Traceback (most recent call last):
  File "/home/shebahub/ShebaHub_Backend/venv/lib/python3.12/site-packages/django/core/handlers/exception.py", line 55, in inner
    response = get_response(request)
               ^^^^^^^^^^^^^^^^^^^^^
  File "/home/shebahub/ShebaHub_Backend/venv/lib/python3.12/site-packages/django/utils/deprecation.py", line 133, in __call__
    response = self.process_request(request)
               ^^^^^^^^^^^^^^^^^^^^^^^^^^^^^
  File "/home/shebahub/ShebaHub_Backend/venv/lib/python3.12/site-packages/django/middleware/common.py", line 48, in process_request
    host = request.get_host()
           ^^^^^^^^^^^^^^^^^^
  File "/home/shebahub/ShebaHub_Backend/venv/lib/python3.12/site-packages/django/http/request.py", line 150, in get_host
    raise DisallowedHost(msg)
django.core.exceptions.DisallowedHost: Invalid HTTP_HOST header: '51.84.138.91:8085'. You may need to add '51.84.138.91' to ALLOWED_HOSTS.
ERROR 2026-05-04 01:47:44,539 django.security.DisallowedHost Invalid HTTP_HOST header: '51.84.138.91:8085'. You may need to add '51.84.138.91' to ALLOWED_HOSTS.
Traceback (most recent call last):
  File "/home/shebahub/ShebaHub_Backend/venv/lib/python3.12/site-packages/django/core/handlers/exception.py", line 55, in inner
    response = get_response(request)
               ^^^^^^^^^^^^^^^^^^^^^
  File "/home/shebahub/ShebaHub_Backend/venv/lib/python3.12/site-packages/django/utils/deprecation.py", line 133, in __call__
    response = self.process_request(request)
               ^^^^^^^^^^^^^^^^^^^^^^^^^^^^^
  File "/home/shebahub/ShebaHub_Backend/venv/lib/python3.12/site-packages/django/middleware/common.py", line 48, in process_request
    host = request.get_host()
           ^^^^^^^^^^^^^^^^^^
  File "/home/shebahub/ShebaHub_Backend/venv/lib/python3.12/site-packages/django/http/request.py", line 150, in get_host
    raise DisallowedHost(msg)
django.core.exceptions.DisallowedHost: Invalid HTTP_HOST header: '51.84.138.91:8085'. You may need to add '51.84.138.91' to ALLOWED_HOSTS.
ERROR 2026-05-04 01:49:08,984 django.security.DisallowedHost Invalid HTTP_HOST header: '51.84.138.91:8085'. You may need to add '51.84.138.91' to ALLOWED_HOSTS.
Traceback (most recent call last):
  File "/home/shebahub/ShebaHub_Backend/venv/lib/python3.12/site-packages/django/core/handlers/exception.py", line 55, in inner
    response = get_response(request)
               ^^^^^^^^^^^^^^^^^^^^^
  File "/home/shebahub/ShebaHub_Backend/venv/lib/python3.12/site-packages/django/utils/deprecation.py", line 133, in __call__
    response = self.process_request(request)
               ^^^^^^^^^^^^^^^^^^^^^^^^^^^^^
  File "/home/shebahub/ShebaHub_Backend/venv/lib/python3.12/site-packages/django/middleware/common.py", line 48, in process_request
    host = request.get_host()
           ^^^^^^^^^^^^^^^^^^
  File "/home/shebahub/ShebaHub_Backend/venv/lib/python3.12/site-packages/django/http/request.py", line 150, in get_host
    raise DisallowedHost(msg)
django.core.exceptions.DisallowedHost: Invalid HTTP_HOST header: '51.84.138.91:8085'. You may need to add '51.84.138.91' to ALLOWED_HOSTS.
INFO 2026-05-04 06:41:47,947 audit Student profile created: praisman.emily@gmail.com
INFO 2026-05-04 06:41:48,551 audit Document uploaded to student profile: praisman.emily@gmail.com
INFO 2026-05-04 06:42:18,404 audit Email verified: praisman.emily@gmail.com
INFO 2026-05-04 06:51:39,598 audit Email verified: max.segev@gmail.com
INFO 2026-05-04 06:51:59,520 audit User logged in successfully: max.segev@gmail.com
INFO 2026-05-04 06:52:21,719 audit Student profile updated: max.segev@gmail.com
WARNING 2026-05-04 07:27:52,451 audit Failed login attempt for: liorshenhav@mail.tau.ac.il
WARNING 2026-05-04 07:27:58,117 audit Failed login attempt for: liorshenhav@mail.tau.ac.il
INFO 2026-05-04 07:28:08,774 audit User logged in successfully: liorshenhav@mail.tau.ac.il
INFO 2026-05-04 07:28:46,780 audit User logged in successfully: ofrygr96@gmail.com
INFO 2026-05-04 07:33:54,458 audit User logged in successfully: reggev@mail.tau.ac.il
INFO 2026-05-04 07:37:13,835 audit User logged in successfully: rania.k.yacoub@gmail.com
INFO 2026-05-04 07:45:30,063 audit Student profile updated: liorshenhav@mail.tau.ac.il
INFO 2026-05-04 07:45:34,778 audit Verification email resent: liorshenhav@mail.tau.ac.il
INFO 2026-05-04 07:46:33,478 audit Email verified: liorshenhav@mail.tau.ac.il
INFO 2026-05-04 07:47:43,159 audit Student profile updated: reggev@mail.tau.ac.il
INFO 2026-05-04 07:48:21,809 audit User logged in successfully: noa831@gmail.com
INFO 2026-05-04 07:55:38,771 audit User registered successfully: marian.zeibak@gmail.com
INFO 2026-05-04 07:57:50,515 audit User logged in successfully: admin_test@gmail.com
INFO 2026-05-04 08:05:01,483 audit User logged in successfully: lipkinilona8@gmail.com
INFO 2026-05-04 08:26:28,822 audit User registered successfully: ssshaked@mail.tau.ac.il
INFO 2026-05-04 08:26:32,192 audit User registered successfully: lielabergel@mail.tau.ac.il
INFO 2026-05-04 08:28:06,731 audit Student profile created: marian.zeibak@gmail.com
INFO 2026-05-04 08:28:07,397 audit Document uploaded to student profile: marian.zeibak@gmail.com
INFO 2026-05-04 08:28:19,193 audit Email verified: marian.zeibak@gmail.com
INFO 2026-05-04 08:28:36,659 audit User logged in successfully: marian.zeibak@gmail.com
INFO 2026-05-04 08:29:48,593 audit Email verified: lielabergel@mail.tau.ac.il
INFO 2026-05-04 08:32:09,234 audit User logged in successfully: roy.vivantee@gmail.com
INFO 2026-05-04 09:48:39,352 audit User logged in successfully: zamlinlior95@gmail.com
WARNING 2026-05-04 09:50:11,869 audit Failed login attempt for: dana.feldman@sheba.health.gov.il
WARNING 2026-05-04 09:50:22,691 audit Failed login attempt for: dana.feldman@sheba.health.gov.il
INFO 2026-05-04 10:12:30,352 audit User logged in successfully: praisman.emily@gmail.com
INFO 2026-05-04 11:23:48,644 audit User logged in successfully: ybaharad@gmail.com
INFO 2026-05-04 11:46:15,457 audit User logged in successfully: yuligold13@gmail.com
INFO 2026-05-04 11:54:15,996 audit User logged in successfully: maayangilboa@tau.ac.il
INFO 2026-05-04 12:09:01,985 audit User logged in successfully: admin_test@gmail.com
INFO 2026-05-04 12:43:20,622 audit User logged in successfully: noa831@gmail.com
INFO 2026-05-04 13:18:54,469 audit User logged in successfully: ori.rimon92@gmail.com
ERROR 2026-05-04 13:32:45,721 django.security.DisallowedHost Invalid HTTP_HOST header: '51.84.138.91:8085'. You may need to add '51.84.138.91' to ALLOWED_HOSTS.
Traceback (most recent call last):
  File "/home/shebahub/ShebaHub_Backend/venv/lib/python3.12/site-packages/django/core/handlers/exception.py", line 55, in inner
    response = get_response(request)
               ^^^^^^^^^^^^^^^^^^^^^
  File "/home/shebahub/ShebaHub_Backend/venv/lib/python3.12/site-packages/django/utils/deprecation.py", line 133, in __call__
    response = self.process_request(request)
               ^^^^^^^^^^^^^^^^^^^^^^^^^^^^^
  File "/home/shebahub/ShebaHub_Backend/venv/lib/python3.12/site-packages/django/middleware/common.py", line 48, in process_request
    host = request.get_host()
           ^^^^^^^^^^^^^^^^^^
  File "/home/shebahub/ShebaHub_Backend/venv/lib/python3.12/site-packages/django/http/request.py", line 150, in get_host
    raise DisallowedHost(msg)
django.core.exceptions.DisallowedHost: Invalid HTTP_HOST header: '51.84.138.91:8085'. You may need to add '51.84.138.91' to ALLOWED_HOSTS.
ERROR 2026-05-04 13:32:46,351 django.security.DisallowedHost Invalid HTTP_HOST header: '51.84.138.91:8085'. You may need to add '51.84.138.91' to ALLOWED_HOSTS.
Traceback (most recent call last):
  File "/home/shebahub/ShebaHub_Backend/venv/lib/python3.12/site-packages/django/core/handlers/exception.py", line 55, in inner
    response = get_response(request)
               ^^^^^^^^^^^^^^^^^^^^^
  File "/home/shebahub/ShebaHub_Backend/venv/lib/python3.12/site-packages/django/utils/deprecation.py", line 133, in __call__
    response = self.process_request(request)
               ^^^^^^^^^^^^^^^^^^^^^^^^^^^^^
  File "/home/shebahub/ShebaHub_Backend/venv/lib/python3.12/site-packages/django/middleware/common.py", line 48, in process_request
    host = request.get_host()
           ^^^^^^^^^^^^^^^^^^
  File "/home/shebahub/ShebaHub_Backend/venv/lib/python3.12/site-packages/django/http/request.py", line 150, in get_host
    raise DisallowedHost(msg)
django.core.exceptions.DisallowedHost: Invalid HTTP_HOST header: '51.84.138.91:8085'. You may need to add '51.84.138.91' to ALLOWED_HOSTS.
ERROR 2026-05-04 13:32:47,012 django.security.DisallowedHost Invalid HTTP_HOST header: '51.84.138.91:8085'. You may need to add '51.84.138.91' to ALLOWED_HOSTS.
Traceback (most recent call last):
  File "/home/shebahub/ShebaHub_Backend/venv/lib/python3.12/site-packages/django/core/handlers/exception.py", line 55, in inner
    response = get_response(request)
               ^^^^^^^^^^^^^^^^^^^^^
  File "/home/shebahub/ShebaHub_Backend/venv/lib/python3.12/site-packages/django/utils/deprecation.py", line 133, in __call__
    response = self.process_request(request)
               ^^^^^^^^^^^^^^^^^^^^^^^^^^^^^
  File "/home/shebahub/ShebaHub_Backend/venv/lib/python3.12/site-packages/django/middleware/common.py", line 48, in process_request
    host = request.get_host()
           ^^^^^^^^^^^^^^^^^^
  File "/home/shebahub/ShebaHub_Backend/venv/lib/python3.12/site-packages/django/http/request.py", line 150, in get_host
    raise DisallowedHost(msg)
django.core.exceptions.DisallowedHost: Invalid HTTP_HOST header: '51.84.138.91:8085'. You may need to add '51.84.138.91' to ALLOWED_HOSTS.
ERROR 2026-05-04 13:32:47,645 django.security.DisallowedHost Invalid HTTP_HOST header: '51.84.138.91:8085'. You may need to add '51.84.138.91' to ALLOWED_HOSTS.
Traceback (most recent call last):
  File "/home/shebahub/ShebaHub_Backend/venv/lib/python3.12/site-packages/django/core/handlers/exception.py", line 55, in inner
    response = get_response(request)
               ^^^^^^^^^^^^^^^^^^^^^
  File "/home/shebahub/ShebaHub_Backend/venv/lib/python3.12/site-packages/django/utils/deprecation.py", line 133, in __call__
    response = self.process_request(request)
               ^^^^^^^^^^^^^^^^^^^^^^^^^^^^^
  File "/home/shebahub/ShebaHub_Backend/venv/lib/python3.12/site-packages/django/middleware/common.py", line 48, in process_request
    host = request.get_host()
           ^^^^^^^^^^^^^^^^^^
  File "/home/shebahub/ShebaHub_Backend/venv/lib/python3.12/site-packages/django/http/request.py", line 150, in get_host
    raise DisallowedHost(msg)
django.core.exceptions.DisallowedHost: Invalid HTTP_HOST header: '51.84.138.91:8085'. You may need to add '51.84.138.91' to ALLOWED_HOSTS.
ERROR 2026-05-04 14:02:36,367 django.security.DisallowedHost Invalid HTTP_HOST header: '51.84.138.91:8085'. You may need to add '51.84.138.91' to ALLOWED_HOSTS.
Traceback (most recent call last):
  File "/home/shebahub/ShebaHub_Backend/venv/lib/python3.12/site-packages/django/core/handlers/exception.py", line 55, in inner
    response = get_response(request)
               ^^^^^^^^^^^^^^^^^^^^^
  File "/home/shebahub/ShebaHub_Backend/venv/lib/python3.12/site-packages/django/utils/deprecation.py", line 133, in __call__
    response = self.process_request(request)
               ^^^^^^^^^^^^^^^^^^^^^^^^^^^^^
  File "/home/shebahub/ShebaHub_Backend/venv/lib/python3.12/site-packages/django/middleware/common.py", line 48, in process_request
    host = request.get_host()
           ^^^^^^^^^^^^^^^^^^
  File "/home/shebahub/ShebaHub_Backend/venv/lib/python3.12/site-packages/django/http/request.py", line 150, in get_host
    raise DisallowedHost(msg)
django.core.exceptions.DisallowedHost: Invalid HTTP_HOST header: '51.84.138.91:8085'. You may need to add '51.84.138.91' to ALLOWED_HOSTS.
INFO 2026-05-04 14:26:06,986 audit User logged in successfully: ori.rimon92@gmail.com
WARNING 2026-05-04 14:34:56,354 audit Failed login attempt for: lorenkr20@gmail.com
WARNING 2026-05-04 14:35:25,519 audit Failed login attempt for: loren1352@walla.com
INFO 2026-05-04 14:36:22,512 audit User registered successfully: lorenkr2020@gmail.com
INFO 2026-05-04 15:01:13,589 audit User logged in successfully: shiri.achimeir@gmail.com
INFO 2026-05-04 15:04:33,677 audit Student profile created: shiri.achimeir@gmail.com
INFO 2026-05-04 15:06:41,150 audit Contact message sent: from=shiri.achimeir@gmail.com to user #bf72add5-e5d6-4540-a2af-04516e0e788d
INFO 2026-05-04 15:19:16,637 audit User logged in successfully: klevanon@gmail.com
INFO 2026-05-04 15:22:19,240 audit Contact message sent: from=klevanon@gmail.com to user #3927d2c3-3c50-4eed-a7d3-9ffeaf24f5c0
ERROR 2026-05-04 15:27:47,311 django.security.DisallowedHost Invalid HTTP_HOST header: '51.84.138.91:8085'. You may need to add '51.84.138.91' to ALLOWED_HOSTS.
Traceback (most recent call last):
  File "/home/shebahub/ShebaHub_Backend/venv/lib/python3.12/site-packages/django/core/handlers/exception.py", line 55, in inner
    response = get_response(request)
               ^^^^^^^^^^^^^^^^^^^^^
  File "/home/shebahub/ShebaHub_Backend/venv/lib/python3.12/site-packages/django/utils/deprecation.py", line 133, in __call__
    response = self.process_request(request)
               ^^^^^^^^^^^^^^^^^^^^^^^^^^^^^
  File "/home/shebahub/ShebaHub_Backend/venv/lib/python3.12/site-packages/django/middleware/common.py", line 48, in process_request
    host = request.get_host()
           ^^^^^^^^^^^^^^^^^^
  File "/home/shebahub/ShebaHub_Backend/venv/lib/python3.12/site-packages/django/http/request.py", line 150, in get_host
    raise DisallowedHost(msg)
django.core.exceptions.DisallowedHost: Invalid HTTP_HOST header: '51.84.138.91:8085'. You may need to add '51.84.138.91' to ALLOWED_HOSTS.
INFO 2026-05-04 15:30:42,544 audit Contact message sent: from=shiri.achimeir@gmail.com to user #bf72add5-e5d6-4540-a2af-04516e0e788d
INFO 2026-05-04 15:33:07,449 audit User logged in successfully: shiri.achimeir@gmail.com
INFO 2026-05-04 16:01:30,923 audit User logged in successfully: tehilah.meged@gmail.com
WARNING 2026-05-04 16:02:31,986 audit Failed login attempt for: tehilah.meged@gmail.com
INFO 2026-05-04 16:02:45,627 audit User logged in successfully: tehilah.meged@gmail.com
INFO 2026-05-04 16:11:50,291 audit Contact message sent: from=klevanon@gmail.com to user #3927d2c3-3c50-4eed-a7d3-9ffeaf24f5c0
INFO 2026-05-04 16:12:08,942 audit User registered successfully: maayanbrami92@gmail.com
INFO 2026-05-04 16:15:47,101 audit Email verified: maayanbrami92@gmail.com
INFO 2026-05-04 16:16:02,935 audit User logged in successfully: maayanbrami92@gmail.com
INFO 2026-05-04 16:21:39,826 audit User registered successfully: eden511999@gmail.com
INFO 2026-05-04 16:22:23,236 audit Student profile created: maayanbrami92@gmail.com
INFO 2026-05-04 16:23:09,689 audit Contact message sent: from=shiri.achimeir@gmail.com to user #bf72add5-e5d6-4540-a2af-04516e0e788d
INFO 2026-05-04 16:24:39,894 audit Mentor profile created: tehilah.meged@gmail.com
INFO 2026-05-04 16:28:44,301 audit Student profile created: eden511999@gmail.com
INFO 2026-05-04 16:28:53,137 audit Email verified: eden511999@gmail.com
INFO 2026-05-04 16:30:24,250 audit Student profile updated: eden511999@gmail.com
INFO 2026-05-04 16:49:57,261 audit Mentor profile updated: tehilah.meged@gmail.com
INFO 2026-05-04 16:49:59,037 audit Mentor avatar uploaded: tehilah.meged@gmail.com
INFO 2026-05-04 16:50:24,362 audit Mentor profile updated: tehilah.meged@gmail.com
INFO 2026-05-04 16:51:04,767 audit Mentor profile updated: tehilah.meged@gmail.com
INFO 2026-05-04 16:51:08,442 audit User logged in successfully: ofrygr96@gmail.com
INFO 2026-05-04 16:51:37,723 audit Mentor profile updated: tehilah.meged@gmail.com
INFO 2026-05-04 17:54:47,220 audit User logged in successfully: reut.shoham@sheba.gov.il
INFO 2026-05-04 18:10:13,700 audit User logged in successfully: yoavbourla@gmail.com
INFO 2026-05-04 18:10:41,161 audit User logged in successfully: reggev@mail.tau.ac.il
WARNING 2026-05-04 18:33:00,553 audit Signup validation failed: {'email': [ErrorDetail(string='User with this email already exists.', code='unique')]}
WARNING 2026-05-04 18:33:12,889 audit Failed login attempt for: shiraharzion@gmail.com
INFO 2026-05-04 18:33:20,630 audit User logged in successfully: shiraharzion@gmail.com
INFO 2026-05-04 18:47:45,399 audit Student profile created: shiraharzion@gmail.com
INFO 2026-05-04 18:47:45,698 audit Document uploaded to student profile: shiraharzion@gmail.com
INFO 2026-05-04 18:48:31,908 audit Email verified: shiraharzion@gmail.com
INFO 2026-05-04 18:51:20,565 audit User logged in successfully: jonathan200123456@gmail.com
INFO 2026-05-04 18:52:58,678 audit Contact message sent: from=jonathan200123456@gmail.com to user #b75e6d4d-4a26-40f2-b57c-df75d38c258f
INFO 2026-05-04 18:56:42,200 audit Student profile updated: shiraharzion@gmail.com
INFO 2026-05-04 19:52:05,864 audit User logged in successfully: tehila.kaismanelbaz@sheba.health.gov.il
INFO 2026-05-04 20:07:29,985 audit User logged in successfully: noyacorinaldi@gmail.com
INFO 2026-05-04 20:39:12,251 audit Contact message sent: from=tehila.kaismanelbaz@sheba.health.gov.il to user #7cd205ee-d92d-4a74-b693-f080bb8ace81
INFO 2026-05-04 21:09:45,140 audit User logged in successfully: admin_test@gmail.com
WARNING 2026-05-04 21:52:08,085 audit Failed login attempt for: adi_shi@bialik.ort.org.il
WARNING 2026-05-04 21:52:16,870 audit Failed login attempt for: adi_shi@bialik.ort.org.il
ERROR 2026-05-05 01:19:25,815 django.security.DisallowedHost Invalid HTTP_HOST header: '51.84.138.91:8085'. You may need to add '51.84.138.91' to ALLOWED_HOSTS.
Traceback (most recent call last):
  File "/home/shebahub/ShebaHub_Backend/venv/lib/python3.12/site-packages/django/core/handlers/exception.py", line 55, in inner
    response = get_response(request)
               ^^^^^^^^^^^^^^^^^^^^^
  File "/home/shebahub/ShebaHub_Backend/venv/lib/python3.12/site-packages/django/utils/deprecation.py", line 133, in __call__
    response = self.process_request(request)
               ^^^^^^^^^^^^^^^^^^^^^^^^^^^^^
  File "/home/shebahub/ShebaHub_Backend/venv/lib/python3.12/site-packages/django/middleware/common.py", line 48, in process_request
    host = request.get_host()
           ^^^^^^^^^^^^^^^^^^
  File "/home/shebahub/ShebaHub_Backend/venv/lib/python3.12/site-packages/django/http/request.py", line 150, in get_host
    raise DisallowedHost(msg)
django.core.exceptions.DisallowedHost: Invalid HTTP_HOST header: '51.84.138.91:8085'. You may need to add '51.84.138.91' to ALLOWED_HOSTS.
ERROR 2026-05-05 01:19:26,460 django.security.DisallowedHost Invalid HTTP_HOST header: '51.84.138.91:8085'. You may need to add '51.84.138.91' to ALLOWED_HOSTS.
Traceback (most recent call last):
  File "/home/shebahub/ShebaHub_Backend/venv/lib/python3.12/site-packages/django/core/handlers/exception.py", line 55, in inner
    response = get_response(request)
               ^^^^^^^^^^^^^^^^^^^^^
  File "/home/shebahub/ShebaHub_Backend/venv/lib/python3.12/site-packages/django/utils/deprecation.py", line 133, in __call__
    response = self.process_request(request)
               ^^^^^^^^^^^^^^^^^^^^^^^^^^^^^
  File "/home/shebahub/ShebaHub_Backend/venv/lib/python3.12/site-packages/django/middleware/common.py", line 48, in process_request
    host = request.get_host()
           ^^^^^^^^^^^^^^^^^^
  File "/home/shebahub/ShebaHub_Backend/venv/lib/python3.12/site-packages/django/http/request.py", line 150, in get_host
    raise DisallowedHost(msg)
django.core.exceptions.DisallowedHost: Invalid HTTP_HOST header: '51.84.138.91:8085'. You may need to add '51.84.138.91' to ALLOWED_HOSTS.
ERROR 2026-05-05 01:19:27,107 django.security.DisallowedHost Invalid HTTP_HOST header: '51.84.138.91:8085'. You may need to add '51.84.138.91' to ALLOWED_HOSTS.
Traceback (most recent call last):
  File "/home/shebahub/ShebaHub_Backend/venv/lib/python3.12/site-packages/django/core/handlers/exception.py", line 55, in inner
    response = get_response(request)
               ^^^^^^^^^^^^^^^^^^^^^
  File "/home/shebahub/ShebaHub_Backend/venv/lib/python3.12/site-packages/django/utils/deprecation.py", line 133, in __call__
    response = self.process_request(request)
               ^^^^^^^^^^^^^^^^^^^^^^^^^^^^^
  File "/home/shebahub/ShebaHub_Backend/venv/lib/python3.12/site-packages/django/middleware/common.py", line 48, in process_request
    host = request.get_host()
           ^^^^^^^^^^^^^^^^^^
  File "/home/shebahub/ShebaHub_Backend/venv/lib/python3.12/site-packages/django/http/request.py", line 150, in get_host
    raise DisallowedHost(msg)
django.core.exceptions.DisallowedHost: Invalid HTTP_HOST header: '51.84.138.91:8085'. You may need to add '51.84.138.91' to ALLOWED_HOSTS.
ERROR 2026-05-05 01:19:27,764 django.security.DisallowedHost Invalid HTTP_HOST header: '51.84.138.91:8085'. You may need to add '51.84.138.91' to ALLOWED_HOSTS.
Traceback (most recent call last):
  File "/home/shebahub/ShebaHub_Backend/venv/lib/python3.12/site-packages/django/core/handlers/exception.py", line 55, in inner
    response = get_response(request)
               ^^^^^^^^^^^^^^^^^^^^^
  File "/home/shebahub/ShebaHub_Backend/venv/lib/python3.12/site-packages/django/utils/deprecation.py", line 133, in __call__
    response = self.process_request(request)
               ^^^^^^^^^^^^^^^^^^^^^^^^^^^^^
  File "/home/shebahub/ShebaHub_Backend/venv/lib/python3.12/site-packages/django/middleware/common.py", line 48, in process_request
    host = request.get_host()
           ^^^^^^^^^^^^^^^^^^
  File "/home/shebahub/ShebaHub_Backend/venv/lib/python3.12/site-packages/django/http/request.py", line 150, in get_host
    raise DisallowedHost(msg)
django.core.exceptions.DisallowedHost: Invalid HTTP_HOST header: '51.84.138.91:8085'. You may need to add '51.84.138.91' to ALLOWED_HOSTS.
ERROR 2026-05-05 03:01:49,861 django.security.DisallowedHost Invalid HTTP_HOST header: '51.84.138.91:8085'. You may need to add '51.84.138.91' to ALLOWED_HOSTS.
Traceback (most recent call last):
  File "/home/shebahub/ShebaHub_Backend/venv/lib/python3.12/site-packages/django/core/handlers/exception.py", line 55, in inner
    response = get_response(request)
               ^^^^^^^^^^^^^^^^^^^^^
  File "/home/shebahub/ShebaHub_Backend/venv/lib/python3.12/site-packages/django/utils/deprecation.py", line 133, in __call__
    response = self.process_request(request)
               ^^^^^^^^^^^^^^^^^^^^^^^^^^^^^
  File "/home/shebahub/ShebaHub_Backend/venv/lib/python3.12/site-packages/django/middleware/common.py", line 48, in process_request
    host = request.get_host()
           ^^^^^^^^^^^^^^^^^^
  File "/home/shebahub/ShebaHub_Backend/venv/lib/python3.12/site-packages/django/http/request.py", line 150, in get_host
    raise DisallowedHost(msg)
django.core.exceptions.DisallowedHost: Invalid HTTP_HOST header: '51.84.138.91:8085'. You may need to add '51.84.138.91' to ALLOWED_HOSTS.
ERROR 2026-05-05 03:02:12,304 django.security.DisallowedHost Invalid HTTP_HOST header: '51.84.138.91:8085'. You may need to add '51.84.138.91' to ALLOWED_HOSTS.
Traceback (most recent call last):
  File "/home/shebahub/ShebaHub_Backend/venv/lib/python3.12/site-packages/django/core/handlers/exception.py", line 55, in inner
    response = get_response(request)
               ^^^^^^^^^^^^^^^^^^^^^
  File "/home/shebahub/ShebaHub_Backend/venv/lib/python3.12/site-packages/django/utils/deprecation.py", line 133, in __call__
    response = self.process_request(request)
               ^^^^^^^^^^^^^^^^^^^^^^^^^^^^^
  File "/home/shebahub/ShebaHub_Backend/venv/lib/python3.12/site-packages/django/middleware/common.py", line 48, in process_request
    host = request.get_host()
           ^^^^^^^^^^^^^^^^^^
  File "/home/shebahub/ShebaHub_Backend/venv/lib/python3.12/site-packages/django/http/request.py", line 150, in get_host
    raise DisallowedHost(msg)
django.core.exceptions.DisallowedHost: Invalid HTTP_HOST header: '51.84.138.91:8085'. You may need to add '51.84.138.91' to ALLOWED_HOSTS.
INFO 2026-05-05 04:41:04,145 audit User logged in successfully: lipkinilona8@gmail.com
INFO 2026-05-05 04:41:56,764 audit Contact message sent: from=lipkinilona8@gmail.com to user #b75e6d4d-4a26-40f2-b57c-df75d38c258f
INFO 2026-05-05 05:00:57,349 audit User logged in successfully: ori.rimon92@gmail.com
INFO 2026-05-05 05:09:45,081 audit User logged in successfully: maayanbrami92@gmail.com
INFO 2026-05-05 07:28:03,088 audit GET /api/research/messages/unread-count/ 200 [user=a85f884c-f931-44dc-9c80-7012bc259a19 ip=46.120.75.251]
INFO 2026-05-05 07:29:02,460 audit GET /api/research/messages/unread-count/ 200 [user=a85f884c-f931-44dc-9c80-7012bc259a19 ip=46.120.75.251]
INFO 2026-05-05 07:30:02,465 audit GET /api/research/messages/unread-count/ 200 [user=a85f884c-f931-44dc-9c80-7012bc259a19 ip=46.120.75.251]
INFO 2026-05-05 07:31:02,472 audit GET /api/research/messages/unread-count/ 200 [user=a85f884c-f931-44dc-9c80-7012bc259a19 ip=46.120.75.251]
INFO 2026-05-05 07:32:02,482 audit GET /api/research/messages/unread-count/ 200 [user=a85f884c-f931-44dc-9c80-7012bc259a19 ip=46.120.75.251]
INFO 2026-05-05 07:33:02,464 audit GET /api/research/messages/unread-count/ 200 [user=a85f884c-f931-44dc-9c80-7012bc259a19 ip=46.120.75.251]
INFO 2026-05-05 07:34:02,463 audit GET /api/research/messages/unread-count/ 200 [user=a85f884c-f931-44dc-9c80-7012bc259a19 ip=46.120.75.251]
INFO 2026-05-05 07:35:02,448 audit GET /api/research/messages/unread-count/ 200 [user=a85f884c-f931-44dc-9c80-7012bc259a19 ip=46.120.75.251]
INFO 2026-05-05 07:36:02,460 audit GET /api/research/messages/unread-count/ 200 [user=a85f884c-f931-44dc-9c80-7012bc259a19 ip=46.120.75.251]
INFO 2026-05-05 07:37:02,442 audit GET /api/research/messages/unread-count/ 200 [user=a85f884c-f931-44dc-9c80-7012bc259a19 ip=46.120.75.251]
INFO 2026-05-05 07:38:02,489 audit GET /api/research/messages/unread-count/ 200 [user=a85f884c-f931-44dc-9c80-7012bc259a19 ip=46.120.75.251]
INFO 2026-05-05 07:39:02,448 audit GET /api/research/messages/unread-count/ 200 [user=a85f884c-f931-44dc-9c80-7012bc259a19 ip=46.120.75.251]
INFO 2026-05-05 07:40:02,465 audit GET /api/research/messages/unread-count/ 200 [user=a85f884c-f931-44dc-9c80-7012bc259a19 ip=46.120.75.251]
INFO 2026-05-05 07:40:17,576 audit GET /api/research/messages/unread-count/ 200 [user=427bd423-cd74-4590-b5a8-0c423729b6c7 ip=76.112.125.204]
INFO 2026-05-05 07:41:02,440 audit GET /api/research/messages/unread-count/ 200 [user=a85f884c-f931-44dc-9c80-7012bc259a19 ip=46.120.75.251]
INFO 2026-05-05 07:42:02,464 audit GET /api/research/messages/unread-count/ 200 [user=a85f884c-f931-44dc-9c80-7012bc259a19 ip=46.120.75.251]
INFO 2026-05-05 07:43:02,459 audit GET /api/research/messages/unread-count/ 200 [user=a85f884c-f931-44dc-9c80-7012bc259a19 ip=46.120.75.251]
INFO 2026-05-05 07:44:02,453 audit GET /api/research/messages/unread-count/ 200 [user=a85f884c-f931-44dc-9c80-7012bc259a19 ip=46.120.75.251]
INFO 2026-05-05 07:45:02,449 audit GET /api/research/messages/unread-count/ 200 [user=a85f884c-f931-44dc-9c80-7012bc259a19 ip=46.120.75.251]
INFO 2026-05-05 07:46:02,476 audit GET /api/research/messages/unread-count/ 200 [user=a85f884c-f931-44dc-9c80-7012bc259a19 ip=46.120.75.251]
INFO 2026-05-05 07:47:02,542 audit GET /api/research/messages/unread-count/ 200 [user=a85f884c-f931-44dc-9c80-7012bc259a19 ip=46.120.75.251]
INFO 2026-05-05 07:48:02,472 audit GET /api/research/messages/unread-count/ 200 [user=a85f884c-f931-44dc-9c80-7012bc259a19 ip=46.120.75.251]
INFO 2026-05-05 07:49:03,081 audit GET /api/research/messages/unread-count/ 200 [user=a85f884c-f931-44dc-9c80-7012bc259a19 ip=46.120.75.251]
INFO 2026-05-05 07:50:02,449 audit GET /api/research/messages/unread-count/ 200 [user=a85f884c-f931-44dc-9c80-7012bc259a19 ip=46.120.75.251]
INFO 2026-05-05 07:51:02,450 audit GET /api/research/messages/unread-count/ 200 [user=a85f884c-f931-44dc-9c80-7012bc259a19 ip=46.120.75.251]
INFO 2026-05-05 07:52:02,443 audit GET /api/research/messages/unread-count/ 200 [user=a85f884c-f931-44dc-9c80-7012bc259a19 ip=46.120.75.251]
INFO 2026-05-05 07:53:02,438 audit GET /api/research/messages/unread-count/ 200 [user=a85f884c-f931-44dc-9c80-7012bc259a19 ip=46.120.75.251]
INFO 2026-05-05 07:54:02,460 audit GET /api/research/messages/unread-count/ 200 [user=a85f884c-f931-44dc-9c80-7012bc259a19 ip=46.120.75.251]
INFO 2026-05-05 07:55:02,451 audit GET /api/research/messages/unread-count/ 200 [user=a85f884c-f931-44dc-9c80-7012bc259a19 ip=46.120.75.251]
INFO 2026-05-05 07:56:02,492 audit GET /api/research/messages/unread-count/ 200 [user=a85f884c-f931-44dc-9c80-7012bc259a19 ip=46.120.75.251]
INFO 2026-05-05 07:57:02,455 audit GET /api/research/messages/unread-count/ 200 [user=a85f884c-f931-44dc-9c80-7012bc259a19 ip=46.120.75.251]
INFO 2026-05-05 07:57:58,640 audit POST /api/auth/logout/ 401 [user=anonymous ip=79.181.129.240]
INFO 2026-05-05 07:57:58,641 audit POST /api/auth/logout/ 401 [user=anonymous ip=79.181.129.240]
INFO 2026-05-05 07:57:58,641 audit GET /api/admin-panel/announcements/active/ 401 [user=anonymous ip=79.181.129.240]
INFO 2026-05-05 07:58:02,449 audit GET /api/research/messages/unread-count/ 200 [user=a85f884c-f931-44dc-9c80-7012bc259a19 ip=46.120.75.251]
INFO 2026-05-05 07:58:05,345 audit User logged in successfully: admin_test@gmail.com
INFO 2026-05-05 07:58:05,358 audit POST /api/auth/login/ 200 [user=anonymous ip=79.181.129.240]
INFO 2026-05-05 07:58:05,446 audit GET /api/admin-panel/announcements/active/ 200 [user=de2f0aa0-a716-4e9d-95b8-a506017aa8ca ip=79.181.129.240]
INFO 2026-05-05 07:58:05,455 audit GET /api/research/messages/unread-count/ 200 [user=de2f0aa0-a716-4e9d-95b8-a506017aa8ca ip=79.181.129.240]
INFO 2026-05-05 07:58:05,497 audit GET /api/profiles/mentors/ 200 [user=de2f0aa0-a716-4e9d-95b8-a506017aa8ca ip=79.181.129.240]
INFO 2026-05-05 07:58:09,458 audit GET /api/admin-panel/stats/ 200 [user=de2f0aa0-a716-4e9d-95b8-a506017aa8ca ip=79.181.129.240]
INFO 2026-05-05 07:58:16,446 audit POST /api/auth/logout/ 200 [user=de2f0aa0-a716-4e9d-95b8-a506017aa8ca ip=79.181.129.240]
INFO 2026-05-05 07:59:02,446 audit GET /api/research/messages/unread-count/ 200 [user=a85f884c-f931-44dc-9c80-7012bc259a19 ip=46.120.75.251]
INFO 2026-05-05 08:00:02,462 audit GET /api/research/messages/unread-count/ 200 [user=a85f884c-f931-44dc-9c80-7012bc259a19 ip=46.120.75.251]
INFO 2026-05-05 08:01:02,438 audit GET /api/research/messages/unread-count/ 200 [user=a85f884c-f931-44dc-9c80-7012bc259a19 ip=46.120.75.251]
INFO 2026-05-05 08:02:02,539 audit GET /api/research/messages/unread-count/ 200 [user=a85f884c-f931-44dc-9c80-7012bc259a19 ip=46.120.75.251]
INFO 2026-05-05 08:03:02,482 audit GET /api/research/messages/unread-count/ 200 [user=a85f884c-f931-44dc-9c80-7012bc259a19 ip=46.120.75.251]
INFO 2026-05-05 08:04:02,461 audit GET /api/research/messages/unread-count/ 200 [user=a85f884c-f931-44dc-9c80-7012bc259a19 ip=46.120.75.251]
INFO 2026-05-05 08:04:26,909 audit POST /api/auth/logout/ 401 [user=anonymous ip=46.210.180.127]
INFO 2026-05-05 08:04:26,935 audit POST /api/auth/logout/ 401 [user=anonymous ip=46.210.180.127]
INFO 2026-05-05 08:04:26,936 audit GET /api/admin-panel/announcements/active/ 401 [user=anonymous ip=46.210.180.127]
INFO 2026-05-05 08:04:32,341 audit User logged in successfully: jonathan200123456@gmail.com
INFO 2026-05-05 08:04:32,350 audit POST /api/auth/login/ 200 [user=anonymous ip=46.210.180.127]
INFO 2026-05-05 08:04:32,516 audit GET /api/admin-panel/announcements/active/ 200 [user=543f1ead-fca3-47ee-a379-c7de154b8d90 ip=46.210.180.127]
INFO 2026-05-05 08:04:32,578 audit GET /api/research/messages/unread-count/ 200 [user=543f1ead-fca3-47ee-a379-c7de154b8d90 ip=46.210.180.127]
INFO 2026-05-05 08:04:34,601 audit GET /api/research/joined/ 200 [user=543f1ead-fca3-47ee-a379-c7de154b8d90 ip=46.210.180.127]
INFO 2026-05-05 08:04:34,627 audit GET /api/research/ 200 [user=543f1ead-fca3-47ee-a379-c7de154b8d90 ip=46.210.180.127]
INFO 2026-05-05 08:04:47,468 audit GET /api/research/messages/unread-count/ 200 [user=543f1ead-fca3-47ee-a379-c7de154b8d90 ip=46.210.180.127]
WARNING 2026-05-05 08:05:01,092 audit Failed login attempt for: roy.vivantee@gmail.com
INFO 2026-05-05 08:05:01,092 audit POST /api/auth/login/ 401 [user=anonymous ip=104.28.142.239]
INFO 2026-05-05 08:05:02,459 audit GET /api/research/messages/unread-count/ 200 [user=a85f884c-f931-44dc-9c80-7012bc259a19 ip=46.120.75.251]
INFO 2026-05-05 08:05:02,991 audit GET /api/research/messages/unread-count/ 200 [user=543f1ead-fca3-47ee-a379-c7de154b8d90 ip=46.210.180.127]
INFO 2026-05-05 08:05:17,006 audit User logged in successfully: roy.vivantee@gmail.com
INFO 2026-05-05 08:05:17,014 audit POST /api/auth/login/ 200 [user=anonymous ip=147.235.230.8]
INFO 2026-05-05 08:05:17,107 audit GET /api/research/messages/unread-count/ 200 [user=bea1ffea-ab29-49e0-a3f7-dbe86731734a ip=147.235.230.8]
INFO 2026-05-05 08:05:17,143 audit GET /api/admin-panel/announcements/active/ 200 [user=bea1ffea-ab29-49e0-a3f7-dbe86731734a ip=147.235.230.8]
INFO 2026-05-05 08:05:17,952 audit GET /api/research/messages/unread-count/ 200 [user=543f1ead-fca3-47ee-a379-c7de154b8d90 ip=46.210.180.127]
INFO 2026-05-05 08:05:18,481 audit GET /api/research/messages/inbox/ 200 [user=bea1ffea-ab29-49e0-a3f7-dbe86731734a ip=147.235.230.8]
INFO 2026-05-05 08:05:23,744 audit GET /api/profiles/mentors/ 200 [user=bea1ffea-ab29-49e0-a3f7-dbe86731734a ip=147.235.230.8]
INFO 2026-05-05 08:05:23,777 audit GET /api/profiles/mentor/me/ 200 [user=bea1ffea-ab29-49e0-a3f7-dbe86731734a ip=147.235.230.8]
INFO 2026-05-05 08:05:27,516 audit GET /api/research/joined/ 200 [user=bea1ffea-ab29-49e0-a3f7-dbe86731734a ip=147.235.230.8]
INFO 2026-05-05 08:05:27,523 audit GET /api/research/me/ 200 [user=bea1ffea-ab29-49e0-a3f7-dbe86731734a ip=147.235.230.8]
INFO 2026-05-05 08:05:27,547 audit GET /api/research/tasks/ 200 [user=bea1ffea-ab29-49e0-a3f7-dbe86731734a ip=147.235.230.8]
INFO 2026-05-05 08:05:32,151 audit GET /api/research/messages/unread-count/ 200 [user=bea1ffea-ab29-49e0-a3f7-dbe86731734a ip=147.235.230.8]
INFO 2026-05-05 08:05:32,972 audit GET /api/research/messages/unread-count/ 200 [user=543f1ead-fca3-47ee-a379-c7de154b8d90 ip=46.210.180.127]
INFO 2026-05-05 08:05:35,640 audit GET /api/research/ 200 [user=bea1ffea-ab29-49e0-a3f7-dbe86731734a ip=147.235.230.8]
INFO 2026-05-05 08:05:35,700 audit GET /api/research/joined/ 200 [user=bea1ffea-ab29-49e0-a3f7-dbe86731734a ip=147.235.230.8]
INFO 2026-05-05 08:05:39,747 audit GET /api/profiles/students/ 200 [user=bea1ffea-ab29-49e0-a3f7-dbe86731734a ip=147.235.230.8]
INFO 2026-05-05 08:05:39,782 audit GET /media/avatars/students/00dd7808-31e3-41f0-a6bb-3c31c2610bf8.jpeg 200 [user=anonymous ip=147.235.230.8]
INFO 2026-05-05 08:05:39,783 audit GET /media/avatars/students/180d632f-b4ba-4697-8d11-91af4ac4272a.jpeg 200 [user=anonymous ip=147.235.230.8]
INFO 2026-05-05 08:05:47,211 audit GET /api/research/messages/unread-count/ 200 [user=bea1ffea-ab29-49e0-a3f7-dbe86731734a ip=147.235.230.8]
INFO 2026-05-05 08:05:47,959 audit GET /api/research/messages/unread-count/ 200 [user=543f1ead-fca3-47ee-a379-c7de154b8d90 ip=46.210.180.127]
INFO 2026-05-05 08:06:02,257 audit GET /api/research/messages/unread-count/ 200 [user=bea1ffea-ab29-49e0-a3f7-dbe86731734a ip=147.235.230.8]
INFO 2026-05-05 08:06:02,448 audit GET /api/research/messages/unread-count/ 200 [user=a85f884c-f931-44dc-9c80-7012bc259a19 ip=46.120.75.251]
INFO 2026-05-05 08:06:17,227 audit GET /api/research/messages/unread-count/ 200 [user=bea1ffea-ab29-49e0-a3f7-dbe86731734a ip=147.235.230.8]
INFO 2026-05-05 08:07:02,442 audit GET /api/research/messages/unread-count/ 200 [user=a85f884c-f931-44dc-9c80-7012bc259a19 ip=46.120.75.251]
INFO 2026-05-05 08:07:25,076 audit GET /api/admin-panel/announcements/active/ 401 [user=anonymous ip=147.235.230.8]
INFO 2026-05-05 08:07:25,078 audit POST /api/auth/logout/ 401 [user=anonymous ip=147.235.230.8]
INFO 2026-05-05 08:07:25,079 audit POST /api/auth/logout/ 401 [user=anonymous ip=147.235.230.8]
INFO 2026-05-05 08:07:25,127 audit POST /api/auth/token/refresh/ 200 [user=anonymous ip=147.235.230.8]
INFO 2026-05-05 08:07:25,171 audit GET /api/admin-panel/announcements/active/ 200 [user=bea1ffea-ab29-49e0-a3f7-dbe86731734a ip=147.235.230.8]
INFO 2026-05-05 08:07:25,550 audit User logged in successfully: roy.vivantee@gmail.com
INFO 2026-05-05 08:07:25,558 audit POST /api/auth/login/ 200 [user=anonymous ip=147.235.230.8]
INFO 2026-05-05 08:07:25,610 audit GET /api/admin-panel/announcements/active/ 200 [user=bea1ffea-ab29-49e0-a3f7-dbe86731734a ip=147.235.230.8]
INFO 2026-05-05 08:07:25,610 audit GET /api/research/messages/unread-count/ 200 [user=bea1ffea-ab29-49e0-a3f7-dbe86731734a ip=147.235.230.8]
INFO 2026-05-05 08:07:27,490 audit GET /api/profiles/students/ 200 [user=bea1ffea-ab29-49e0-a3f7-dbe86731734a ip=147.235.230.8]
INFO 2026-05-05 08:07:27,522 audit GET /media/avatars/students/180d632f-b4ba-4697-8d11-91af4ac4272a.jpeg 200 [user=anonymous ip=147.235.230.8]
INFO 2026-05-05 08:07:27,522 audit GET /media/avatars/students/00dd7808-31e3-41f0-a6bb-3c31c2610bf8.jpeg 200 [user=anonymous ip=147.235.230.8]
INFO 2026-05-05 08:07:39,416 audit GET /api/admin-panel/stats/ 200 [user=bea1ffea-ab29-49e0-a3f7-dbe86731734a ip=147.235.230.8]
INFO 2026-05-05 08:07:40,591 audit GET /api/research/messages/unread-count/ 200 [user=bea1ffea-ab29-49e0-a3f7-dbe86731734a ip=147.235.230.8]
INFO 2026-05-05 08:07:41,014 audit GET /api/admin-panel/settings/ 200 [user=bea1ffea-ab29-49e0-a3f7-dbe86731734a ip=147.235.230.8]
INFO 2026-05-05 08:07:42,649 audit GET /api/admin-panel/logs/ 200 [user=bea1ffea-ab29-49e0-a3f7-dbe86731734a ip=147.235.230.8]
INFO 2026-05-05 08:07:43,825 audit GET /api/admin-panel/announcements/active/ 200 [user=bea1ffea-ab29-49e0-a3f7-dbe86731734a ip=147.235.230.8]
INFO 2026-05-05 08:07:43,845 audit GET /api/admin-panel/stats/ 200 [user=bea1ffea-ab29-49e0-a3f7-dbe86731734a ip=147.235.230.8]
INFO 2026-05-05 08:07:44,771 audit GET /api/admin-panel/logs/ 200 [user=bea1ffea-ab29-49e0-a3f7-dbe86731734a ip=147.235.230.8]
INFO 2026-05-05 08:07:46,346 audit GET /api/admin-panel/announcements/active/ 200 [user=bea1ffea-ab29-49e0-a3f7-dbe86731734a ip=147.235.230.8]
INFO 2026-05-05 08:07:46,357 audit GET /api/research/messages/unread-count/ 200 [user=bea1ffea-ab29-49e0-a3f7-dbe86731734a ip=147.235.230.8]
INFO 2026-05-05 08:07:46,401 audit GET /api/auth/me/ 200 [user=bea1ffea-ab29-49e0-a3f7-dbe86731734a ip=147.235.230.8]
INFO 2026-05-05 08:07:46,408 audit GET /api/research/messages/unread-count/ 200 [user=bea1ffea-ab29-49e0-a3f7-dbe86731734a ip=147.235.230.8]
INFO 2026-05-05 08:07:46,450 audit GET /api/research/messages/unread-count/ 200 [user=bea1ffea-ab29-49e0-a3f7-dbe86731734a ip=147.235.230.8]
INFO 2026-05-05 08:07:46,463 audit GET /api/admin-panel/stats/ 200 [user=bea1ffea-ab29-49e0-a3f7-dbe86731734a ip=147.235.230.8]
INFO 2026-05-05 08:07:47,209 audit GET /api/admin-panel/logs/ 200 [user=bea1ffea-ab29-49e0-a3f7-dbe86731734a ip=147.235.230.8]
INFO 2026-05-05 08:07:47,874 audit GET /api/admin-panel/announcements/active/ 200 [user=bea1ffea-ab29-49e0-a3f7-dbe86731734a ip=147.235.230.8]
INFO 2026-05-05 08:07:47,885 audit GET /api/research/messages/unread-count/ 200 [user=bea1ffea-ab29-49e0-a3f7-dbe86731734a ip=147.235.230.8]
INFO 2026-05-05 08:07:47,889 audit GET /api/auth/me/ 200 [user=bea1ffea-ab29-49e0-a3f7-dbe86731734a ip=147.235.230.8]
INFO 2026-05-05 08:07:47,914 audit GET /api/research/messages/unread-count/ 200 [user=bea1ffea-ab29-49e0-a3f7-dbe86731734a ip=147.235.230.8]
INFO 2026-05-05 08:07:47,939 audit GET /api/admin-panel/stats/ 200 [user=bea1ffea-ab29-49e0-a3f7-dbe86731734a ip=147.235.230.8]
INFO 2026-05-05 08:07:47,947 audit GET /api/research/messages/unread-count/ 200 [user=bea1ffea-ab29-49e0-a3f7-dbe86731734a ip=147.235.230.8]
INFO 2026-05-05 08:07:48,405 audit GET /api/admin-panel/announcements/ 200 [user=bea1ffea-ab29-49e0-a3f7-dbe86731734a ip=147.235.230.8]
INFO 2026-05-05 08:07:48,920 audit GET /api/admin-panel/applications/ 200 [user=bea1ffea-ab29-49e0-a3f7-dbe86731734a ip=147.235.230.8]
INFO 2026-05-05 08:07:49,732 audit GET /api/admin-panel/announcements/active/ 200 [user=bea1ffea-ab29-49e0-a3f7-dbe86731734a ip=147.235.230.8]
INFO 2026-05-05 08:07:49,745 audit GET /api/auth/me/ 200 [user=bea1ffea-ab29-49e0-a3f7-dbe86731734a ip=147.235.230.8]
INFO 2026-05-05 08:07:49,745 audit GET /api/research/messages/unread-count/ 200 [user=bea1ffea-ab29-49e0-a3f7-dbe86731734a ip=147.235.230.8]
INFO 2026-05-05 08:07:49,779 audit GET /api/research/messages/unread-count/ 200 [user=bea1ffea-ab29-49e0-a3f7-dbe86731734a ip=147.235.230.8]
INFO 2026-05-05 08:07:49,796 audit GET /api/admin-panel/stats/ 200 [user=bea1ffea-ab29-49e0-a3f7-dbe86731734a ip=147.235.230.8]
INFO 2026-05-05 08:07:49,808 audit GET /api/research/messages/unread-count/ 200 [user=bea1ffea-ab29-49e0-a3f7-dbe86731734a ip=147.235.230.8]
INFO 2026-05-05 08:07:50,487 audit GET /api/admin-panel/applications/ 200 [user=bea1ffea-ab29-49e0-a3f7-dbe86731734a ip=147.235.230.8]
INFO 2026-05-05 08:07:51,196 audit GET /api/research/messages/unread-count/ 200 [user=bea1ffea-ab29-49e0-a3f7-dbe86731734a ip=147.235.230.8]
INFO 2026-05-05 08:07:51,217 audit GET /api/auth/me/ 200 [user=bea1ffea-ab29-49e0-a3f7-dbe86731734a ip=147.235.230.8]
INFO 2026-05-05 08:07:51,221 audit GET /api/admin-panel/announcements/active/ 200 [user=bea1ffea-ab29-49e0-a3f7-dbe86731734a ip=147.235.230.8]
INFO 2026-05-05 08:07:51,243 audit GET /api/research/messages/unread-count/ 200 [user=bea1ffea-ab29-49e0-a3f7-dbe86731734a ip=147.235.230.8]
INFO 2026-05-05 08:07:51,266 audit GET /api/admin-panel/stats/ 200 [user=bea1ffea-ab29-49e0-a3f7-dbe86731734a ip=147.235.230.8]
INFO 2026-05-05 08:07:51,274 audit GET /api/research/messages/unread-count/ 200 [user=bea1ffea-ab29-49e0-a3f7-dbe86731734a ip=147.235.230.8]
INFO 2026-05-05 08:07:51,773 audit GET /api/admin-panel/users/ 200 [user=bea1ffea-ab29-49e0-a3f7-dbe86731734a ip=147.235.230.8]
INFO 2026-05-05 08:07:52,567 audit GET /api/admin-panel/announcements/active/ 200 [user=bea1ffea-ab29-49e0-a3f7-dbe86731734a ip=147.235.230.8]
INFO 2026-05-05 08:07:52,580 audit GET /api/research/messages/unread-count/ 200 [user=bea1ffea-ab29-49e0-a3f7-dbe86731734a ip=147.235.230.8]
INFO 2026-05-05 08:07:52,581 audit GET /api/auth/me/ 200 [user=bea1ffea-ab29-49e0-a3f7-dbe86731734a ip=147.235.230.8]
INFO 2026-05-05 08:07:52,608 audit GET /api/research/messages/unread-count/ 200 [user=bea1ffea-ab29-49e0-a3f7-dbe86731734a ip=147.235.230.8]
INFO 2026-05-05 08:07:52,631 audit GET /api/admin-panel/stats/ 200 [user=bea1ffea-ab29-49e0-a3f7-dbe86731734a ip=147.235.230.8]
INFO 2026-05-05 08:07:52,639 audit GET /api/research/messages/unread-count/ 200 [user=bea1ffea-ab29-49e0-a3f7-dbe86731734a ip=147.235.230.8]
INFO 2026-05-05 08:07:53,210 audit GET /api/admin-panel/researches/ 200 [user=bea1ffea-ab29-49e0-a3f7-dbe86731734a ip=147.235.230.8]
INFO 2026-05-05 08:08:02,439 audit GET /api/research/messages/unread-count/ 200 [user=a85f884c-f931-44dc-9c80-7012bc259a19 ip=46.120.75.251]
INFO 2026-05-05 08:08:07,634 audit GET /api/research/messages/unread-count/ 200 [user=bea1ffea-ab29-49e0-a3f7-dbe86731734a ip=147.235.230.8]
INFO 2026-05-05 08:08:22,640 audit GET /api/research/messages/unread-count/ 200 [user=bea1ffea-ab29-49e0-a3f7-dbe86731734a ip=147.235.230.8]
INFO 2026-05-05 08:08:28,273 audit GET /api/admin-panel/announcements/active/ 200 [user=bea1ffea-ab29-49e0-a3f7-dbe86731734a ip=147.235.230.8]
INFO 2026-05-05 08:08:28,287 audit GET /api/research/messages/unread-count/ 200 [user=bea1ffea-ab29-49e0-a3f7-dbe86731734a ip=147.235.230.8]
INFO 2026-05-05 08:08:28,291 audit GET /api/auth/me/ 200 [user=bea1ffea-ab29-49e0-a3f7-dbe86731734a ip=147.235.230.8]
INFO 2026-05-05 08:08:28,314 audit GET /api/research/messages/unread-count/ 200 [user=bea1ffea-ab29-49e0-a3f7-dbe86731734a ip=147.235.230.8]
INFO 2026-05-05 08:08:28,347 audit GET /api/research/messages/unread-count/ 200 [user=bea1ffea-ab29-49e0-a3f7-dbe86731734a ip=147.235.230.8]
INFO 2026-05-05 08:08:28,348 audit GET /api/admin-panel/stats/ 200 [user=bea1ffea-ab29-49e0-a3f7-dbe86731734a ip=147.235.230.8]
INFO 2026-05-05 08:08:31,795 audit GET /api/admin-panel/users/ 200 [user=bea1ffea-ab29-49e0-a3f7-dbe86731734a ip=147.235.230.8]
INFO 2026-05-05 08:08:32,996 audit GET /api/admin-panel/announcements/active/ 200 [user=bea1ffea-ab29-49e0-a3f7-dbe86731734a ip=147.235.230.8]
INFO 2026-05-05 08:08:33,008 audit GET /api/admin-panel/stats/ 200 [user=bea1ffea-ab29-49e0-a3f7-dbe86731734a ip=147.235.230.8]
INFO 2026-05-05 08:08:34,188 audit GET /api/admin-panel/announcements/ 200 [user=bea1ffea-ab29-49e0-a3f7-dbe86731734a ip=147.235.230.8]
INFO 2026-05-05 08:08:35,296 audit GET /api/admin-panel/logs/ 200 [user=bea1ffea-ab29-49e0-a3f7-dbe86731734a ip=147.235.230.8]
INFO 2026-05-05 08:08:36,229 audit GET /api/research/messages/unread-count/ 200 [user=bea1ffea-ab29-49e0-a3f7-dbe86731734a ip=147.235.230.8]
INFO 2026-05-05 08:08:36,253 audit GET /api/admin-panel/announcements/active/ 200 [user=bea1ffea-ab29-49e0-a3f7-dbe86731734a ip=147.235.230.8]
INFO 2026-05-05 08:08:36,258 audit GET /api/auth/me/ 200 [user=bea1ffea-ab29-49e0-a3f7-dbe86731734a ip=147.235.230.8]
INFO 2026-05-05 08:08:36,267 audit GET /api/research/messages/unread-count/ 200 [user=bea1ffea-ab29-49e0-a3f7-dbe86731734a ip=147.235.230.8]
INFO 2026-05-05 08:08:36,299 audit GET /api/research/messages/unread-count/ 200 [user=bea1ffea-ab29-49e0-a3f7-dbe86731734a ip=147.235.230.8]
INFO 2026-05-05 08:08:36,307 audit GET /api/admin-panel/stats/ 200 [user=bea1ffea-ab29-49e0-a3f7-dbe86731734a ip=147.235.230.8]
INFO 2026-05-05 08:08:37,353 audit GET /api/admin-panel/settings/ 200 [user=bea1ffea-ab29-49e0-a3f7-dbe86731734a ip=147.235.230.8]
INFO 2026-05-05 08:08:42,694 audit GET /api/profiles/students/ 200 [user=bea1ffea-ab29-49e0-a3f7-dbe86731734a ip=147.235.230.8]
INFO 2026-05-05 08:08:51,315 audit GET /api/research/messages/unread-count/ 200 [user=bea1ffea-ab29-49e0-a3f7-dbe86731734a ip=147.235.230.8]
INFO 2026-05-05 08:09:02,435 audit GET /api/research/messages/unread-count/ 200 [user=a85f884c-f931-44dc-9c80-7012bc259a19 ip=46.120.75.251]
INFO 2026-05-05 08:09:06,313 audit GET /api/research/messages/unread-count/ 200 [user=bea1ffea-ab29-49e0-a3f7-dbe86731734a ip=147.235.230.8]
INFO 2026-05-05 08:09:21,310 audit GET /api/research/messages/unread-count/ 200 [user=bea1ffea-ab29-49e0-a3f7-dbe86731734a ip=147.235.230.8]
INFO 2026-05-05 08:09:36,310 audit GET /api/research/messages/unread-count/ 200 [user=bea1ffea-ab29-49e0-a3f7-dbe86731734a ip=147.235.230.8]
INFO 2026-05-05 08:09:36,539 audit GET /api/admin-panel/announcements/active/ 200 [user=bea1ffea-ab29-49e0-a3f7-dbe86731734a ip=147.235.230.8]
INFO 2026-05-05 08:09:36,553 audit GET /api/research/messages/unread-count/ 200 [user=bea1ffea-ab29-49e0-a3f7-dbe86731734a ip=147.235.230.8]
INFO 2026-05-05 08:09:36,563 audit GET /api/auth/me/ 200 [user=bea1ffea-ab29-49e0-a3f7-dbe86731734a ip=147.235.230.8]
INFO 2026-05-05 08:09:36,605 audit GET /api/profiles/students/ 200 [user=bea1ffea-ab29-49e0-a3f7-dbe86731734a ip=147.235.230.8]
INFO 2026-05-05 08:09:36,605 audit GET /api/research/messages/unread-count/ 200 [user=bea1ffea-ab29-49e0-a3f7-dbe86731734a ip=147.235.230.8]
INFO 2026-05-05 08:09:36,632 audit GET /api/research/messages/unread-count/ 200 [user=bea1ffea-ab29-49e0-a3f7-dbe86731734a ip=147.235.230.8]
INFO 2026-05-05 08:09:47,291 audit GET /api/admin-panel/stats/ 200 [user=bea1ffea-ab29-49e0-a3f7-dbe86731734a ip=147.235.230.8]
INFO 2026-05-05 08:09:48,161 audit GET /api/admin-panel/settings/ 200 [user=bea1ffea-ab29-49e0-a3f7-dbe86731734a ip=147.235.230.8]
INFO 2026-05-05 08:09:48,621 audit GET /api/admin-panel/logs/ 200 [user=bea1ffea-ab29-49e0-a3f7-dbe86731734a ip=147.235.230.8]
INFO 2026-05-05 08:09:51,610 audit GET /api/research/messages/unread-count/ 200 [user=bea1ffea-ab29-49e0-a3f7-dbe86731734a ip=147.235.230.8]
INFO 2026-05-05 08:09:51,864 audit GET /api/admin-panel/announcements/active/ 200 [user=bea1ffea-ab29-49e0-a3f7-dbe86731734a ip=147.235.230.8]
INFO 2026-05-05 08:09:51,885 audit GET /api/admin-panel/stats/ 200 [user=bea1ffea-ab29-49e0-a3f7-dbe86731734a ip=147.235.230.8]
INFO 2026-05-05 08:09:52,803 audit GET /api/admin-panel/announcements/ 200 [user=bea1ffea-ab29-49e0-a3f7-dbe86731734a ip=147.235.230.8]
INFO 2026-05-05 08:09:54,434 audit GET /api/admin-panel/applications/ 200 [user=bea1ffea-ab29-49e0-a3f7-dbe86731734a ip=147.235.230.8]
INFO 2026-05-05 08:09:57,544 audit GET /api/admin-panel/announcements/active/ 200 [user=bea1ffea-ab29-49e0-a3f7-dbe86731734a ip=147.235.230.8]
INFO 2026-05-05 08:09:57,563 audit GET /api/admin-panel/stats/ 200 [user=bea1ffea-ab29-49e0-a3f7-dbe86731734a ip=147.235.230.8]
INFO 2026-05-05 08:09:58,111 audit GET /api/admin-panel/applications/ 200 [user=bea1ffea-ab29-49e0-a3f7-dbe86731734a ip=147.235.230.8]
INFO 2026-05-05 08:09:58,660 audit GET /api/admin-panel/announcements/active/ 200 [user=bea1ffea-ab29-49e0-a3f7-dbe86731734a ip=147.235.230.8]
INFO 2026-05-05 08:09:58,671 audit GET /api/admin-panel/stats/ 200 [user=bea1ffea-ab29-49e0-a3f7-dbe86731734a ip=147.235.230.8]
INFO 2026-05-05 08:09:59,156 audit GET /api/admin-panel/users/ 200 [user=bea1ffea-ab29-49e0-a3f7-dbe86731734a ip=147.235.230.8]
INFO 2026-05-05 08:09:59,742 audit GET /api/admin-panel/announcements/active/ 200 [user=bea1ffea-ab29-49e0-a3f7-dbe86731734a ip=147.235.230.8]
INFO 2026-05-05 08:09:59,752 audit GET /api/admin-panel/stats/ 200 [user=bea1ffea-ab29-49e0-a3f7-dbe86731734a ip=147.235.230.8]
INFO 2026-05-05 08:10:00,313 audit GET /api/admin-panel/researches/ 200 [user=bea1ffea-ab29-49e0-a3f7-dbe86731734a ip=147.235.230.8]
INFO 2026-05-05 08:10:00,979 audit GET /api/admin-panel/announcements/active/ 200 [user=bea1ffea-ab29-49e0-a3f7-dbe86731734a ip=147.235.230.8]
INFO 2026-05-05 08:10:00,990 audit GET /api/admin-panel/stats/ 200 [user=bea1ffea-ab29-49e0-a3f7-dbe86731734a ip=147.235.230.8]
INFO 2026-05-05 08:10:02,439 audit GET /api/research/messages/unread-count/ 200 [user=a85f884c-f931-44dc-9c80-7012bc259a19 ip=46.120.75.251]
INFO 2026-05-05 08:10:06,621 audit GET /api/research/messages/unread-count/ 200 [user=bea1ffea-ab29-49e0-a3f7-dbe86731734a ip=147.235.230.8]
INFO 2026-05-05 08:10:21,621 audit GET /api/research/messages/unread-count/ 200 [user=bea1ffea-ab29-49e0-a3f7-dbe86731734a ip=147.235.230.8]
INFO 2026-05-05 08:10:36,618 audit GET /api/research/messages/unread-count/ 200 [user=bea1ffea-ab29-49e0-a3f7-dbe86731734a ip=147.235.230.8]
INFO 2026-05-05 08:10:37,233 audit GET /api/admin-panel/researches/ 200 [user=bea1ffea-ab29-49e0-a3f7-dbe86731734a ip=147.235.230.8]
INFO 2026-05-05 08:10:37,916 audit GET /api/admin-panel/announcements/active/ 200 [user=bea1ffea-ab29-49e0-a3f7-dbe86731734a ip=147.235.230.8]
INFO 2026-05-05 08:10:37,935 audit GET /api/admin-panel/stats/ 200 [user=bea1ffea-ab29-49e0-a3f7-dbe86731734a ip=147.235.230.8]
INFO 2026-05-05 08:10:38,795 audit GET /api/admin-panel/users/ 200 [user=bea1ffea-ab29-49e0-a3f7-dbe86731734a ip=147.235.230.8]
INFO 2026-05-05 08:10:39,570 audit GET /api/admin-panel/announcements/active/ 200 [user=bea1ffea-ab29-49e0-a3f7-dbe86731734a ip=147.235.230.8]
INFO 2026-05-05 08:10:39,581 audit GET /api/admin-panel/stats/ 200 [user=bea1ffea-ab29-49e0-a3f7-dbe86731734a ip=147.235.230.8]
INFO 2026-05-05 08:10:41,159 audit GET /api/profiles/mentors/ 200 [user=bea1ffea-ab29-49e0-a3f7-dbe86731734a ip=147.235.230.8]
INFO 2026-05-05 08:10:41,170 audit GET /api/profiles/mentor/me/ 200 [user=bea1ffea-ab29-49e0-a3f7-dbe86731734a ip=147.235.230.8]
INFO 2026-05-05 08:10:42,775 audit GET /api/research/my-applications/ 200 [user=bea1ffea-ab29-49e0-a3f7-dbe86731734a ip=147.235.230.8]
INFO 2026-05-05 08:10:42,777 audit GET /api/research/me/ 200 [user=bea1ffea-ab29-49e0-a3f7-dbe86731734a ip=147.235.230.8]
INFO 2026-05-05 08:10:42,788 audit GET /api/research/joined/ 200 [user=bea1ffea-ab29-49e0-a3f7-dbe86731734a ip=147.235.230.8]
INFO 2026-05-05 08:10:42,790 audit GET /api/research/my-applications/ 200 [user=bea1ffea-ab29-49e0-a3f7-dbe86731734a ip=147.235.230.8]
INFO 2026-05-05 08:10:46,197 audit GET /api/research/me/ 200 [user=bea1ffea-ab29-49e0-a3f7-dbe86731734a ip=147.235.230.8]
INFO 2026-05-05 08:10:46,202 audit GET /api/research/joined/ 200 [user=bea1ffea-ab29-49e0-a3f7-dbe86731734a ip=147.235.230.8]
INFO 2026-05-05 08:10:46,214 audit GET /api/research/tasks/ 200 [user=bea1ffea-ab29-49e0-a3f7-dbe86731734a ip=147.235.230.8]
INFO 2026-05-05 08:10:51,602 audit GET /api/research/messages/unread-count/ 200 [user=bea1ffea-ab29-49e0-a3f7-dbe86731734a ip=147.235.230.8]
INFO 2026-05-05 08:11:02,443 audit GET /api/research/messages/unread-count/ 200 [user=a85f884c-f931-44dc-9c80-7012bc259a19 ip=46.120.75.251]
INFO 2026-05-05 08:11:07,165 audit GET /api/research/messages/unread-count/ 200 [user=bea1ffea-ab29-49e0-a3f7-dbe86731734a ip=147.235.230.8]
INFO 2026-05-05 08:11:27,324 audit GET /api/research/messages/unread-count/ 200 [user=bea1ffea-ab29-49e0-a3f7-dbe86731734a ip=147.235.230.8]
INFO 2026-05-05 08:11:27,344 audit GET /api/research/me/ 200 [user=bea1ffea-ab29-49e0-a3f7-dbe86731734a ip=147.235.230.8]
INFO 2026-05-05 08:11:27,353 audit GET /api/research/joined/ 200 [user=bea1ffea-ab29-49e0-a3f7-dbe86731734a ip=147.235.230.8]
INFO 2026-05-05 08:11:27,358 audit GET /api/research/tasks/ 200 [user=bea1ffea-ab29-49e0-a3f7-dbe86731734a ip=147.235.230.8]
INFO 2026-05-05 08:11:42,335 audit GET /api/research/messages/unread-count/ 200 [user=bea1ffea-ab29-49e0-a3f7-dbe86731734a ip=147.235.230.8]
INFO 2026-05-05 08:11:52,181 audit GET /api/admin-panel/stats/ 200 [user=bea1ffea-ab29-49e0-a3f7-dbe86731734a ip=147.235.230.8]
INFO 2026-05-05 08:11:55,733 audit GET /api/admin-panel/researches/ 200 [user=bea1ffea-ab29-49e0-a3f7-dbe86731734a ip=147.235.230.8]
INFO 2026-05-05 08:11:56,635 audit GET /api/admin-panel/announcements/active/ 200 [user=bea1ffea-ab29-49e0-a3f7-dbe86731734a ip=147.235.230.8]
INFO 2026-05-05 08:11:56,643 audit GET /api/research/messages/unread-count/ 200 [user=bea1ffea-ab29-49e0-a3f7-dbe86731734a ip=147.235.230.8]
INFO 2026-05-05 08:11:56,646 audit GET /api/auth/me/ 200 [user=bea1ffea-ab29-49e0-a3f7-dbe86731734a ip=147.235.230.8]
INFO 2026-05-05 08:11:56,669 audit GET /api/research/messages/unread-count/ 200 [user=bea1ffea-ab29-49e0-a3f7-dbe86731734a ip=147.235.230.8]
INFO 2026-05-05 08:11:56,694 audit GET /api/admin-panel/stats/ 200 [user=bea1ffea-ab29-49e0-a3f7-dbe86731734a ip=147.235.230.8]
INFO 2026-05-05 08:11:56,700 audit GET /api/research/messages/unread-count/ 200 [user=bea1ffea-ab29-49e0-a3f7-dbe86731734a ip=147.235.230.8]
INFO 2026-05-05 08:11:57,285 audit GET /api/admin-panel/users/ 200 [user=bea1ffea-ab29-49e0-a3f7-dbe86731734a ip=147.235.230.8]
INFO 2026-05-05 08:11:58,700 audit GET /api/admin-panel/announcements/active/ 200 [user=bea1ffea-ab29-49e0-a3f7-dbe86731734a ip=147.235.230.8]
INFO 2026-05-05 08:11:58,710 audit GET /api/admin-panel/stats/ 200 [user=bea1ffea-ab29-49e0-a3f7-dbe86731734a ip=147.235.230.8]
INFO 2026-05-05 08:12:02,431 audit GET /api/research/messages/unread-count/ 200 [user=a85f884c-f931-44dc-9c80-7012bc259a19 ip=46.120.75.251]
INFO 2026-05-05 08:12:11,385 audit GET /api/profiles/mentors/ 200 [user=bea1ffea-ab29-49e0-a3f7-dbe86731734a ip=147.235.230.8]
INFO 2026-05-05 08:12:11,410 audit GET /media/avatars/mentors/e35ec62f-a0dd-4674-956a-fa11b037596d.png 200 [user=anonymous ip=147.235.230.8]
INFO 2026-05-05 08:12:11,414 audit GET /media/avatars/mentors/96bcfc8e-cb78-436f-a2fb-0466439d1c9a.jpeg 200 [user=anonymous ip=147.235.230.8]
INFO 2026-05-05 08:12:11,415 audit GET /media/avatars/mentors/d5f10398-ce6d-46cf-9551-515754a6d66e.jpeg 304 [user=anonymous ip=147.235.230.8]
INFO 2026-05-05 08:12:11,418 audit GET /media/avatars/mentors/e6975249-619d-4c3b-99e1-77a172114ddc.jpg 200 [user=anonymous ip=147.235.230.8]
INFO 2026-05-05 08:12:11,420 audit GET /media/avatars/mentors/aa5765f4-8bbb-4e4e-af71-8e4042b9290e.jpg 304 [user=anonymous ip=147.235.230.8]
INFO 2026-05-05 08:12:11,680 audit GET /api/research/messages/unread-count/ 200 [user=bea1ffea-ab29-49e0-a3f7-dbe86731734a ip=147.235.230.8]
INFO 2026-05-05 08:12:21,312 audit GET /api/profiles/students/ 200 [user=bea1ffea-ab29-49e0-a3f7-dbe86731734a ip=147.235.230.8]
INFO 2026-05-05 08:12:22,058 audit GET /api/research/joined/ 200 [user=bea1ffea-ab29-49e0-a3f7-dbe86731734a ip=147.235.230.8]
INFO 2026-05-05 08:12:22,102 audit GET /api/research/ 200 [user=bea1ffea-ab29-49e0-a3f7-dbe86731734a ip=147.235.230.8]
INFO 2026-05-05 08:12:26,679 audit GET /api/research/messages/unread-count/ 200 [user=bea1ffea-ab29-49e0-a3f7-dbe86731734a ip=147.235.230.8]
INFO 2026-05-05 08:12:28,569 audit GET /api/research/joined/ 200 [user=bea1ffea-ab29-49e0-a3f7-dbe86731734a ip=147.235.230.8]
INFO 2026-05-05 08:12:28,572 audit GET /api/research/14/my-application/ 404 [user=bea1ffea-ab29-49e0-a3f7-dbe86731734a ip=147.235.230.8]
INFO 2026-05-05 08:12:28,573 audit GET /api/research/me/ 200 [user=bea1ffea-ab29-49e0-a3f7-dbe86731734a ip=147.235.230.8]
INFO 2026-05-05 08:12:28,583 audit GET /api/research/14/ 200 [user=bea1ffea-ab29-49e0-a3f7-dbe86731734a ip=147.235.230.8]
INFO 2026-05-05 08:12:28,590 audit GET /api/research/14/approved-applicants/ 200 [user=bea1ffea-ab29-49e0-a3f7-dbe86731734a ip=147.235.230.8]
INFO 2026-05-05 08:12:28,617 audit GET /api/research/joined/ 200 [user=bea1ffea-ab29-49e0-a3f7-dbe86731734a ip=147.235.230.8]
INFO 2026-05-05 08:12:28,630 audit GET /api/research/14/ 200 [user=bea1ffea-ab29-49e0-a3f7-dbe86731734a ip=147.235.230.8]
INFO 2026-05-05 08:12:28,697 audit GET /api/profiles/mentors/e35ec62f-a0dd-4674-956a-fa11b037596d/ 200 [user=bea1ffea-ab29-49e0-a3f7-dbe86731734a ip=147.235.230.8]
INFO 2026-05-05 08:12:32,033 audit GET /api/profiles/students/e35ec62f-a0dd-4674-956a-fa11b037596d/ 404 [user=bea1ffea-ab29-49e0-a3f7-dbe86731734a ip=147.235.230.8]
INFO 2026-05-05 08:12:32,057 audit GET /api/profiles/mentors/ 200 [user=bea1ffea-ab29-49e0-a3f7-dbe86731734a ip=147.235.230.8]
INFO 2026-05-05 08:12:32,098 audit GET /api/profiles/mentors/e35ec62f-a0dd-4674-956a-fa11b037596d/ 200 [user=bea1ffea-ab29-49e0-a3f7-dbe86731734a ip=147.235.230.8]
INFO 2026-05-05 08:12:41,703 audit GET /api/research/messages/unread-count/ 200 [user=bea1ffea-ab29-49e0-a3f7-dbe86731734a ip=147.235.230.8]
INFO 2026-05-05 08:12:56,701 audit GET /api/research/messages/unread-count/ 200 [user=bea1ffea-ab29-49e0-a3f7-dbe86731734a ip=147.235.230.8]
INFO 2026-05-05 08:13:02,453 audit GET /api/research/messages/unread-count/ 200 [user=a85f884c-f931-44dc-9c80-7012bc259a19 ip=46.120.75.251]
INFO 2026-05-05 08:13:11,966 audit GET /api/research/messages/unread-count/ 200 [user=bea1ffea-ab29-49e0-a3f7-dbe86731734a ip=147.235.230.8]
INFO 2026-05-05 08:13:14,220 audit GET /api/profiles/students/ 200 [user=bea1ffea-ab29-49e0-a3f7-dbe86731734a ip=147.235.230.8]
INFO 2026-05-05 08:13:26,692 audit GET /api/research/messages/unread-count/ 200 [user=bea1ffea-ab29-49e0-a3f7-dbe86731734a ip=147.235.230.8]
INFO 2026-05-05 08:13:41,089 audit GET /api/research/joined/ 200 [user=bea1ffea-ab29-49e0-a3f7-dbe86731734a ip=147.235.230.8]
INFO 2026-05-05 08:13:41,108 audit GET /api/research/tasks/ 200 [user=bea1ffea-ab29-49e0-a3f7-dbe86731734a ip=147.235.230.8]
INFO 2026-05-05 08:13:41,108 audit GET /api/research/me/ 200 [user=bea1ffea-ab29-49e0-a3f7-dbe86731734a ip=147.235.230.8]
INFO 2026-05-05 08:13:41,675 audit GET /api/research/messages/unread-count/ 200 [user=bea1ffea-ab29-49e0-a3f7-dbe86731734a ip=147.235.230.8]
INFO 2026-05-05 08:13:50,802 audit GET /api/profiles/mentors/ 200 [user=bea1ffea-ab29-49e0-a3f7-dbe86731734a ip=147.235.230.8]
INFO 2026-05-05 08:13:56,692 audit GET /api/research/messages/unread-count/ 200 [user=bea1ffea-ab29-49e0-a3f7-dbe86731734a ip=147.235.230.8]
INFO 2026-05-05 08:13:57,432 audit GET /api/research/joined/ 200 [user=bea1ffea-ab29-49e0-a3f7-dbe86731734a ip=147.235.230.8]
INFO 2026-05-05 08:13:57,446 audit GET /api/research/tasks/ 200 [user=bea1ffea-ab29-49e0-a3f7-dbe86731734a ip=147.235.230.8]
INFO 2026-05-05 08:13:57,454 audit GET /api/research/me/ 200 [user=bea1ffea-ab29-49e0-a3f7-dbe86731734a ip=147.235.230.8]
INFO 2026-05-05 08:14:02,438 audit GET /api/research/messages/unread-count/ 200 [user=a85f884c-f931-44dc-9c80-7012bc259a19 ip=46.120.75.251]
INFO 2026-05-05 08:14:11,692 audit GET /api/research/messages/unread-count/ 200 [user=bea1ffea-ab29-49e0-a3f7-dbe86731734a ip=147.235.230.8]
INFO 2026-05-05 08:14:20,348 audit GET /api/profiles/mentors/ 200 [user=bea1ffea-ab29-49e0-a3f7-dbe86731734a ip=147.235.230.8]
INFO 2026-05-05 08:14:21,028 audit GET /api/profiles/students/ 200 [user=bea1ffea-ab29-49e0-a3f7-dbe86731734a ip=147.235.230.8]
INFO 2026-05-05 08:14:26,690 audit GET /api/research/messages/unread-count/ 200 [user=bea1ffea-ab29-49e0-a3f7-dbe86731734a ip=147.235.230.8]
INFO 2026-05-05 08:14:34,592 audit GET /api/profiles/mentors/ 200 [user=bea1ffea-ab29-49e0-a3f7-dbe86731734a ip=147.235.230.8]
INFO 2026-05-05 08:14:37,069 audit GET /api/admin-panel/stats/ 200 [user=bea1ffea-ab29-49e0-a3f7-dbe86731734a ip=147.235.230.8]
INFO 2026-05-05 08:14:37,865 audit GET /api/admin-panel/logs/ 200 [user=bea1ffea-ab29-49e0-a3f7-dbe86731734a ip=147.235.230.8]
INFO 2026-05-05 08:14:38,879 audit GET /api/admin-panel/announcements/active/ 200 [user=bea1ffea-ab29-49e0-a3f7-dbe86731734a ip=147.235.230.8]
INFO 2026-05-05 08:14:38,888 audit GET /api/research/messages/unread-count/ 200 [user=bea1ffea-ab29-49e0-a3f7-dbe86731734a ip=147.235.230.8]
INFO 2026-05-05 08:14:38,896 audit GET /api/auth/me/ 200 [user=bea1ffea-ab29-49e0-a3f7-dbe86731734a ip=147.235.230.8]
INFO 2026-05-05 08:14:38,916 audit GET /api/research/messages/unread-count/ 200 [user=bea1ffea-ab29-49e0-a3f7-dbe86731734a ip=147.235.230.8]
INFO 2026-05-05 08:14:38,944 audit GET /api/admin-panel/stats/ 200 [user=bea1ffea-ab29-49e0-a3f7-dbe86731734a ip=147.235.230.8]
INFO 2026-05-05 08:14:38,949 audit GET /api/research/messages/unread-count/ 200 [user=bea1ffea-ab29-49e0-a3f7-dbe86731734a ip=147.235.230.8]
INFO 2026-05-05 08:14:39,621 audit GET /api/admin-panel/announcements/ 200 [user=bea1ffea-ab29-49e0-a3f7-dbe86731734a ip=147.235.230.8]
INFO 2026-05-05 08:14:40,453 audit GET /api/admin-panel/applications/ 200 [user=bea1ffea-ab29-49e0-a3f7-dbe86731734a ip=147.235.230.8]
INFO 2026-05-05 08:14:41,182 audit GET /api/auth/me/ 200 [user=bea1ffea-ab29-49e0-a3f7-dbe86731734a ip=147.235.230.8]
INFO 2026-05-05 08:14:41,204 audit GET /api/research/messages/unread-count/ 200 [user=bea1ffea-ab29-49e0-a3f7-dbe86731734a ip=147.235.230.8]
INFO 2026-05-05 08:14:41,212 audit GET /api/admin-panel/announcements/active/ 200 [user=bea1ffea-ab29-49e0-a3f7-dbe86731734a ip=147.235.230.8]
INFO 2026-05-05 08:14:41,234 audit GET /api/admin-panel/stats/ 200 [user=bea1ffea-ab29-49e0-a3f7-dbe86731734a ip=147.235.230.8]
INFO 2026-05-05 08:14:41,240 audit GET /api/research/messages/unread-count/ 200 [user=bea1ffea-ab29-49e0-a3f7-dbe86731734a ip=147.235.230.8]
INFO 2026-05-05 08:14:41,269 audit GET /api/research/messages/unread-count/ 200 [user=bea1ffea-ab29-49e0-a3f7-dbe86731734a ip=147.235.230.8]
INFO 2026-05-05 08:14:41,693 audit GET /api/admin-panel/applications/ 200 [user=bea1ffea-ab29-49e0-a3f7-dbe86731734a ip=147.235.230.8]
INFO 2026-05-05 08:14:42,955 audit GET /api/admin-panel/announcements/active/ 200 [user=bea1ffea-ab29-49e0-a3f7-dbe86731734a ip=147.235.230.8]
INFO 2026-05-05 08:14:42,965 audit GET /api/admin-panel/stats/ 200 [user=bea1ffea-ab29-49e0-a3f7-dbe86731734a ip=147.235.230.8]
INFO 2026-05-05 08:14:43,539 audit GET /api/admin-panel/users/ 200 [user=bea1ffea-ab29-49e0-a3f7-dbe86731734a ip=147.235.230.8]
INFO 2026-05-05 08:14:44,389 audit GET /api/admin-panel/announcements/active/ 200 [user=bea1ffea-ab29-49e0-a3f7-dbe86731734a ip=147.235.230.8]
INFO 2026-05-05 08:14:44,399 audit GET /api/admin-panel/stats/ 200 [user=bea1ffea-ab29-49e0-a3f7-dbe86731734a ip=147.235.230.8]
INFO 2026-05-05 08:14:44,984 audit GET /api/admin-panel/researches/ 200 [user=bea1ffea-ab29-49e0-a3f7-dbe86731734a ip=147.235.230.8]
INFO 2026-05-05 08:14:45,538 audit GET /api/admin-panel/announcements/active/ 200 [user=bea1ffea-ab29-49e0-a3f7-dbe86731734a ip=147.235.230.8]
INFO 2026-05-05 08:14:45,549 audit GET /api/admin-panel/stats/ 200 [user=bea1ffea-ab29-49e0-a3f7-dbe86731734a ip=147.235.230.8]
INFO 2026-05-05 08:14:46,177 audit GET /api/admin-panel/settings/ 200 [user=bea1ffea-ab29-49e0-a3f7-dbe86731734a ip=147.235.230.8]
INFO 2026-05-05 08:14:46,830 audit GET /api/admin-panel/announcements/ 200 [user=bea1ffea-ab29-49e0-a3f7-dbe86731734a ip=147.235.230.8]
INFO 2026-05-05 08:14:47,264 audit GET /api/admin-panel/logs/ 200 [user=bea1ffea-ab29-49e0-a3f7-dbe86731734a ip=147.235.230.8]
INFO 2026-05-05 08:14:47,947 audit GET /api/admin-panel/announcements/active/ 200 [user=bea1ffea-ab29-49e0-a3f7-dbe86731734a ip=147.235.230.8]
INFO 2026-05-05 08:14:47,958 audit GET /api/admin-panel/stats/ 200 [user=bea1ffea-ab29-49e0-a3f7-dbe86731734a ip=147.235.230.8]
INFO 2026-05-05 08:14:48,429 audit GET /api/admin-panel/applications/ 200 [user=bea1ffea-ab29-49e0-a3f7-dbe86731734a ip=147.235.230.8]
INFO 2026-05-05 08:14:48,975 audit GET /api/admin-panel/announcements/active/ 200 [user=bea1ffea-ab29-49e0-a3f7-dbe86731734a ip=147.235.230.8]
INFO 2026-05-05 08:14:48,985 audit GET /api/admin-panel/stats/ 200 [user=bea1ffea-ab29-49e0-a3f7-dbe86731734a ip=147.235.230.8]
INFO 2026-05-05 08:14:49,667 audit GET /api/admin-panel/users/ 200 [user=bea1ffea-ab29-49e0-a3f7-dbe86731734a ip=147.235.230.8]
INFO 2026-05-05 08:14:50,300 audit GET /api/admin-panel/announcements/active/ 200 [user=bea1ffea-ab29-49e0-a3f7-dbe86731734a ip=147.235.230.8]
INFO 2026-05-05 08:14:50,311 audit GET /api/admin-panel/stats/ 200 [user=bea1ffea-ab29-49e0-a3f7-dbe86731734a ip=147.235.230.8]
INFO 2026-05-05 08:14:50,816 audit GET /api/admin-panel/researches/ 200 [user=bea1ffea-ab29-49e0-a3f7-dbe86731734a ip=147.235.230.8]
INFO 2026-05-05 08:14:51,375 audit GET /api/admin-panel/announcements/active/ 200 [user=bea1ffea-ab29-49e0-a3f7-dbe86731734a ip=147.235.230.8]
INFO 2026-05-05 08:14:51,386 audit GET /api/admin-panel/stats/ 200 [user=bea1ffea-ab29-49e0-a3f7-dbe86731734a ip=147.235.230.8]
INFO 2026-05-05 08:14:52,839 audit GET /api/admin-panel/applications/ 200 [user=bea1ffea-ab29-49e0-a3f7-dbe86731734a ip=147.235.230.8]
INFO 2026-05-05 08:14:56,116 audit GET /api/admin-panel/announcements/active/ 200 [user=bea1ffea-ab29-49e0-a3f7-dbe86731734a ip=147.235.230.8]
INFO 2026-05-05 08:14:56,127 audit GET /api/admin-panel/stats/ 200 [user=bea1ffea-ab29-49e0-a3f7-dbe86731734a ip=147.235.230.8]
INFO 2026-05-05 08:14:56,215 audit GET /api/research/messages/unread-count/ 200 [user=bea1ffea-ab29-49e0-a3f7-dbe86731734a ip=147.235.230.8]
INFO 2026-05-05 08:14:57,492 audit GET /api/admin-panel/users/ 200 [user=bea1ffea-ab29-49e0-a3f7-dbe86731734a ip=147.235.230.8]
INFO 2026-05-05 08:15:02,455 audit GET /api/research/messages/unread-count/ 200 [user=a85f884c-f931-44dc-9c80-7012bc259a19 ip=46.120.75.251]
INFO 2026-05-05 08:15:05,234 audit GET /api/admin-panel/announcements/active/ 200 [user=bea1ffea-ab29-49e0-a3f7-dbe86731734a ip=147.235.230.8]
INFO 2026-05-05 08:15:05,248 audit GET /api/auth/me/ 200 [user=bea1ffea-ab29-49e0-a3f7-dbe86731734a ip=147.235.230.8]
INFO 2026-05-05 08:15:05,250 audit GET /api/research/messages/unread-count/ 200 [user=bea1ffea-ab29-49e0-a3f7-dbe86731734a ip=147.235.230.8]
INFO 2026-05-05 08:15:05,283 audit GET /api/research/messages/unread-count/ 200 [user=bea1ffea-ab29-49e0-a3f7-dbe86731734a ip=147.235.230.8]
INFO 2026-05-05 08:15:05,305 audit GET /api/admin-panel/stats/ 200 [user=bea1ffea-ab29-49e0-a3f7-dbe86731734a ip=147.235.230.8]
INFO 2026-05-05 08:15:05,315 audit GET /api/research/messages/unread-count/ 200 [user=bea1ffea-ab29-49e0-a3f7-dbe86731734a ip=147.235.230.8]
INFO 2026-05-05 08:15:06,521 audit GET /api/admin-panel/applications/ 200 [user=bea1ffea-ab29-49e0-a3f7-dbe86731734a ip=147.235.230.8]
INFO 2026-05-05 08:15:07,459 audit GET /api/admin-panel/announcements/active/ 200 [user=bea1ffea-ab29-49e0-a3f7-dbe86731734a ip=147.235.230.8]
INFO 2026-05-05 08:15:07,470 audit GET /api/research/messages/unread-count/ 200 [user=bea1ffea-ab29-49e0-a3f7-dbe86731734a ip=147.235.230.8]
INFO 2026-05-05 08:15:07,474 audit GET /api/auth/me/ 200 [user=bea1ffea-ab29-49e0-a3f7-dbe86731734a ip=147.235.230.8]
INFO 2026-05-05 08:15:07,496 audit GET /api/research/messages/unread-count/ 200 [user=bea1ffea-ab29-49e0-a3f7-dbe86731734a ip=147.235.230.8]
INFO 2026-05-05 08:15:07,580 audit GET /api/research/messages/unread-count/ 200 [user=bea1ffea-ab29-49e0-a3f7-dbe86731734a ip=147.235.230.8]
INFO 2026-05-05 08:15:07,589 audit GET /api/admin-panel/stats/ 200 [user=bea1ffea-ab29-49e0-a3f7-dbe86731734a ip=147.235.230.8]
INFO 2026-05-05 08:15:08,121 audit GET /api/admin-panel/researches/ 200 [user=bea1ffea-ab29-49e0-a3f7-dbe86731734a ip=147.235.230.8]
INFO 2026-05-05 08:15:08,922 audit GET /api/auth/me/ 200 [user=bea1ffea-ab29-49e0-a3f7-dbe86731734a ip=147.235.230.8]
INFO 2026-05-05 08:15:08,940 audit GET /api/research/messages/unread-count/ 200 [user=bea1ffea-ab29-49e0-a3f7-dbe86731734a ip=147.235.230.8]
INFO 2026-05-05 08:15:08,944 audit GET /api/admin-panel/announcements/active/ 200 [user=bea1ffea-ab29-49e0-a3f7-dbe86731734a ip=147.235.230.8]
INFO 2026-05-05 08:15:08,973 audit GET /api/research/messages/unread-count/ 200 [user=bea1ffea-ab29-49e0-a3f7-dbe86731734a ip=147.235.230.8]
INFO 2026-05-05 08:15:08,977 audit GET /api/admin-panel/stats/ 200 [user=bea1ffea-ab29-49e0-a3f7-dbe86731734a ip=147.235.230.8]
INFO 2026-05-05 08:15:08,997 audit GET /api/research/messages/unread-count/ 200 [user=bea1ffea-ab29-49e0-a3f7-dbe86731734a ip=147.235.230.8]
INFO 2026-05-05 08:15:11,597 audit GET /api/profiles/mentors/ 200 [user=bea1ffea-ab29-49e0-a3f7-dbe86731734a ip=147.235.230.8]
INFO 2026-05-05 08:15:13,163 audit GET /api/research/joined/ 200 [user=bea1ffea-ab29-49e0-a3f7-dbe86731734a ip=147.235.230.8]
INFO 2026-05-05 08:15:13,203 audit GET /api/research/ 200 [user=bea1ffea-ab29-49e0-a3f7-dbe86731734a ip=147.235.230.8]
INFO 2026-05-05 08:15:15,563 audit GET /api/admin-panel/stats/ 200 [user=bea1ffea-ab29-49e0-a3f7-dbe86731734a ip=147.235.230.8]
INFO 2026-05-05 08:15:17,256 audit GET /api/admin-panel/researches/ 200 [user=bea1ffea-ab29-49e0-a3f7-dbe86731734a ip=147.235.230.8]
INFO 2026-05-05 08:15:17,895 audit GET /api/admin-panel/announcements/active/ 200 [user=bea1ffea-ab29-49e0-a3f7-dbe86731734a ip=147.235.230.8]
INFO 2026-05-05 08:15:17,906 audit GET /api/admin-panel/stats/ 200 [user=bea1ffea-ab29-49e0-a3f7-dbe86731734a ip=147.235.230.8]
INFO 2026-05-05 08:15:18,830 audit GET /api/profiles/mentors/ 200 [user=bea1ffea-ab29-49e0-a3f7-dbe86731734a ip=147.235.230.8]
INFO 2026-05-05 08:15:19,921 audit GET /api/profiles/mentors/ 200 [user=bea1ffea-ab29-49e0-a3f7-dbe86731734a ip=147.235.230.8]
INFO 2026-05-05 08:15:20,311 audit GET /api/profiles/students/ 200 [user=bea1ffea-ab29-49e0-a3f7-dbe86731734a ip=147.235.230.8]
INFO 2026-05-05 08:15:20,975 audit GET /api/profiles/mentors/ 200 [user=bea1ffea-ab29-49e0-a3f7-dbe86731734a ip=147.235.230.8]
INFO 2026-05-05 08:15:22,860 audit GET /api/profiles/students/e35ec62f-a0dd-4674-956a-fa11b037596d/ 404 [user=bea1ffea-ab29-49e0-a3f7-dbe86731734a ip=147.235.230.8]
INFO 2026-05-05 08:15:22,889 audit GET /api/profiles/mentors/ 200 [user=bea1ffea-ab29-49e0-a3f7-dbe86731734a ip=147.235.230.8]
INFO 2026-05-05 08:15:22,925 audit GET /api/profiles/mentors/e35ec62f-a0dd-4674-956a-fa11b037596d/ 200 [user=bea1ffea-ab29-49e0-a3f7-dbe86731734a ip=147.235.230.8]
INFO 2026-05-05 08:15:23,963 audit GET /api/research/messages/unread-count/ 200 [user=bea1ffea-ab29-49e0-a3f7-dbe86731734a ip=147.235.230.8]
INFO 2026-05-05 08:15:38,971 audit GET /api/research/messages/unread-count/ 200 [user=bea1ffea-ab29-49e0-a3f7-dbe86731734a ip=147.235.230.8]
INFO 2026-05-05 08:15:40,715 audit GET /api/profiles/mentors/ 200 [user=bea1ffea-ab29-49e0-a3f7-dbe86731734a ip=147.235.230.8]
INFO 2026-05-05 08:15:42,278 audit GET /api/profiles/students/ 200 [user=bea1ffea-ab29-49e0-a3f7-dbe86731734a ip=147.235.230.8]
INFO 2026-05-05 08:15:42,568 audit GET /api/research/joined/ 200 [user=bea1ffea-ab29-49e0-a3f7-dbe86731734a ip=147.235.230.8]
INFO 2026-05-05 08:15:42,601 audit GET /api/research/ 200 [user=bea1ffea-ab29-49e0-a3f7-dbe86731734a ip=147.235.230.8]
INFO 2026-05-05 08:15:43,624 audit GET /api/profiles/students/ 200 [user=bea1ffea-ab29-49e0-a3f7-dbe86731734a ip=147.235.230.8]
INFO 2026-05-05 08:15:53,971 audit GET /api/research/messages/unread-count/ 200 [user=bea1ffea-ab29-49e0-a3f7-dbe86731734a ip=147.235.230.8]
INFO 2026-05-05 08:15:56,506 audit GET /api/research/messages/unread-count/ 200 [user=a85f884c-f931-44dc-9c80-7012bc259a19 ip=46.120.75.251]
INFO 2026-05-05 08:16:06,932 audit GET /api/admin-panel/stats/ 200 [user=bea1ffea-ab29-49e0-a3f7-dbe86731734a ip=147.235.230.8]
INFO 2026-05-05 08:16:07,429 audit GET /api/research/joined/ 200 [user=bea1ffea-ab29-49e0-a3f7-dbe86731734a ip=147.235.230.8]
INFO 2026-05-05 08:16:07,458 audit GET /api/research/ 200 [user=bea1ffea-ab29-49e0-a3f7-dbe86731734a ip=147.235.230.8]
INFO 2026-05-05 08:16:07,844 audit GET /api/profiles/students/ 200 [user=bea1ffea-ab29-49e0-a3f7-dbe86731734a ip=147.235.230.8]
INFO 2026-05-05 08:16:08,963 audit GET /api/research/messages/unread-count/ 200 [user=bea1ffea-ab29-49e0-a3f7-dbe86731734a ip=147.235.230.8]
INFO 2026-05-05 08:16:10,426 audit GET /api/research/messages/unread-count/ 200 [user=a85f884c-f931-44dc-9c80-7012bc259a19 ip=46.120.75.251]
INFO 2026-05-05 08:16:25,450 audit GET /api/research/messages/unread-count/ 200 [user=a85f884c-f931-44dc-9c80-7012bc259a19 ip=46.120.75.251]
INFO 2026-05-05 08:16:26,239 audit GET /api/research/messages/unread-count/ 200 [user=bea1ffea-ab29-49e0-a3f7-dbe86731734a ip=147.235.230.8]
INFO 2026-05-05 08:16:26,280 audit GET /api/research/messages/unread-count/ 200 [user=bea1ffea-ab29-49e0-a3f7-dbe86731734a ip=147.235.230.8]
INFO 2026-05-05 08:16:29,639 audit GET /api/research/my-applications/ 200 [user=bea1ffea-ab29-49e0-a3f7-dbe86731734a ip=147.235.230.8]
INFO 2026-05-05 08:16:29,662 audit GET /api/research/joined/ 200 [user=bea1ffea-ab29-49e0-a3f7-dbe86731734a ip=147.235.230.8]
INFO 2026-05-05 08:16:29,665 audit GET /api/research/my-applications/ 200 [user=bea1ffea-ab29-49e0-a3f7-dbe86731734a ip=147.235.230.8]
INFO 2026-05-05 08:16:29,672 audit GET /api/research/me/ 200 [user=bea1ffea-ab29-49e0-a3f7-dbe86731734a ip=147.235.230.8]
INFO 2026-05-05 08:16:30,910 audit GET /api/profiles/mentors/ 200 [user=bea1ffea-ab29-49e0-a3f7-dbe86731734a ip=147.235.230.8]
INFO 2026-05-05 08:16:30,921 audit GET /api/profiles/mentor/me/ 200 [user=bea1ffea-ab29-49e0-a3f7-dbe86731734a ip=147.235.230.8]
INFO 2026-05-05 08:16:31,947 audit GET /api/research/joined/ 200 [user=bea1ffea-ab29-49e0-a3f7-dbe86731734a ip=147.235.230.8]
INFO 2026-05-05 08:16:31,966 audit GET /api/research/me/ 200 [user=bea1ffea-ab29-49e0-a3f7-dbe86731734a ip=147.235.230.8]
INFO 2026-05-05 08:16:31,968 audit GET /api/research/tasks/ 200 [user=bea1ffea-ab29-49e0-a3f7-dbe86731734a ip=147.235.230.8]
INFO 2026-05-05 08:16:40,435 audit GET /api/research/messages/unread-count/ 200 [user=a85f884c-f931-44dc-9c80-7012bc259a19 ip=46.120.75.251]
INFO 2026-05-05 08:16:41,302 audit GET /api/research/messages/unread-count/ 200 [user=bea1ffea-ab29-49e0-a3f7-dbe86731734a ip=147.235.230.8]
INFO 2026-05-05 08:16:55,450 audit GET /api/research/messages/unread-count/ 200 [user=a85f884c-f931-44dc-9c80-7012bc259a19 ip=46.120.75.251]
INFO 2026-05-05 08:16:57,165 audit GET /api/research/messages/unread-count/ 200 [user=bea1ffea-ab29-49e0-a3f7-dbe86731734a ip=147.235.230.8]
INFO 2026-05-05 08:17:12,176 audit GET /api/research/messages/unread-count/ 200 [user=bea1ffea-ab29-49e0-a3f7-dbe86731734a ip=147.235.230.8]
INFO 2026-05-05 08:17:27,173 audit GET /api/research/messages/unread-count/ 200 [user=bea1ffea-ab29-49e0-a3f7-dbe86731734a ip=147.235.230.8]
INFO 2026-05-05 08:17:27,826 audit GET /api/research/messages/unread-count/ 200 [user=a85f884c-f931-44dc-9c80-7012bc259a19 ip=46.120.75.251]
INFO 2026-05-05 08:17:40,437 audit GET /api/research/messages/unread-count/ 200 [user=a85f884c-f931-44dc-9c80-7012bc259a19 ip=46.120.75.251]
INFO 2026-05-05 08:17:42,171 audit GET /api/research/messages/unread-count/ 200 [user=bea1ffea-ab29-49e0-a3f7-dbe86731734a ip=147.235.230.8]
INFO 2026-05-05 08:17:55,237 audit GET /api/research/messages/unread-count/ 200 [user=a85f884c-f931-44dc-9c80-7012bc259a19 ip=46.120.75.251]
INFO 2026-05-05 08:17:57,181 audit GET /api/research/messages/unread-count/ 200 [user=bea1ffea-ab29-49e0-a3f7-dbe86731734a ip=147.235.230.8]
INFO 2026-05-05 08:18:10,240 audit GET /api/research/messages/unread-count/ 200 [user=a85f884c-f931-44dc-9c80-7012bc259a19 ip=46.120.75.251]
INFO 2026-05-05 08:18:12,174 audit GET /api/research/messages/unread-count/ 200 [user=bea1ffea-ab29-49e0-a3f7-dbe86731734a ip=147.235.230.8]
INFO 2026-05-05 08:18:25,242 audit GET /api/research/messages/unread-count/ 200 [user=a85f884c-f931-44dc-9c80-7012bc259a19 ip=46.120.75.251]
INFO 2026-05-05 08:18:40,244 audit GET /api/research/messages/unread-count/ 200 [user=a85f884c-f931-44dc-9c80-7012bc259a19 ip=46.120.75.251]
INFO 2026-05-05 08:18:53,166 audit GET /api/research/messages/unread-count/ 200 [user=bea1ffea-ab29-49e0-a3f7-dbe86731734a ip=147.235.230.8]
INFO 2026-05-05 08:18:55,252 audit GET /api/research/messages/unread-count/ 200 [user=a85f884c-f931-44dc-9c80-7012bc259a19 ip=46.120.75.251]
INFO 2026-05-05 08:19:10,261 audit GET /api/research/messages/unread-count/ 200 [user=a85f884c-f931-44dc-9c80-7012bc259a19 ip=46.120.75.251]
INFO 2026-05-05 08:19:13,493 audit GET /api/research/messages/unread-count/ 200 [user=bea1ffea-ab29-49e0-a3f7-dbe86731734a ip=147.235.230.8]
INFO 2026-05-05 08:19:25,238 audit GET /api/research/messages/unread-count/ 200 [user=a85f884c-f931-44dc-9c80-7012bc259a19 ip=46.120.75.251]
INFO 2026-05-05 08:19:26,282 audit GET /api/admin-panel/announcements/active/ 200 [user=bea1ffea-ab29-49e0-a3f7-dbe86731734a ip=147.235.230.8]
INFO 2026-05-05 08:19:26,296 audit GET /api/auth/me/ 200 [user=bea1ffea-ab29-49e0-a3f7-dbe86731734a ip=147.235.230.8]
INFO 2026-05-05 08:19:26,296 audit GET /api/research/messages/unread-count/ 200 [user=bea1ffea-ab29-49e0-a3f7-dbe86731734a ip=147.235.230.8]
INFO 2026-05-05 08:19:26,297 audit GET /api/research/messages/unread-count/ 200 [user=bea1ffea-ab29-49e0-a3f7-dbe86731734a ip=147.235.230.8]
INFO 2026-05-05 08:19:26,358 audit GET /api/research/joined/ 200 [user=bea1ffea-ab29-49e0-a3f7-dbe86731734a ip=147.235.230.8]
INFO 2026-05-05 08:19:26,358 audit GET /api/research/messages/unread-count/ 200 [user=bea1ffea-ab29-49e0-a3f7-dbe86731734a ip=147.235.230.8]
INFO 2026-05-05 08:19:26,367 audit GET /api/research/tasks/ 200 [user=bea1ffea-ab29-49e0-a3f7-dbe86731734a ip=147.235.230.8]
INFO 2026-05-05 08:19:26,372 audit GET /api/research/me/ 200 [user=bea1ffea-ab29-49e0-a3f7-dbe86731734a ip=147.235.230.8]
INFO 2026-05-05 08:19:29,237 audit POST /api/auth/logout/ 401 [user=anonymous ip=79.181.129.240]
INFO 2026-05-05 08:19:29,239 audit GET /api/admin-panel/announcements/active/ 401 [user=anonymous ip=79.181.129.240]
INFO 2026-05-05 08:19:29,240 audit POST /api/auth/logout/ 401 [user=anonymous ip=79.181.129.240]
INFO 2026-05-05 08:19:29,847 audit GET /api/admin-panel/announcements/active/ 200 [user=bea1ffea-ab29-49e0-a3f7-dbe86731734a ip=147.235.230.8]
INFO 2026-05-05 08:19:29,854 audit GET /api/research/messages/unread-count/ 200 [user=bea1ffea-ab29-49e0-a3f7-dbe86731734a ip=147.235.230.8]
INFO 2026-05-05 08:19:29,856 audit GET /api/research/messages/unread-count/ 200 [user=bea1ffea-ab29-49e0-a3f7-dbe86731734a ip=147.235.230.8]
INFO 2026-05-05 08:19:29,858 audit GET /api/auth/me/ 200 [user=bea1ffea-ab29-49e0-a3f7-dbe86731734a ip=147.235.230.8]
INFO 2026-05-05 08:19:29,919 audit GET /api/research/joined/ 200 [user=bea1ffea-ab29-49e0-a3f7-dbe86731734a ip=147.235.230.8]
INFO 2026-05-05 08:19:29,922 audit GET /api/research/messages/unread-count/ 200 [user=bea1ffea-ab29-49e0-a3f7-dbe86731734a ip=147.235.230.8]
INFO 2026-05-05 08:19:29,924 audit GET /api/research/me/ 200 [user=bea1ffea-ab29-49e0-a3f7-dbe86731734a ip=147.235.230.8]
INFO 2026-05-05 08:19:29,934 audit GET /api/research/tasks/ 200 [user=bea1ffea-ab29-49e0-a3f7-dbe86731734a ip=147.235.230.8]
INFO 2026-05-05 08:19:40,244 audit GET /api/research/messages/unread-count/ 200 [user=a85f884c-f931-44dc-9c80-7012bc259a19 ip=46.120.75.251]
INFO 2026-05-05 08:19:44,741 audit User logged in successfully: admin_test@gmail.com
INFO 2026-05-05 08:19:44,749 audit POST /api/auth/login/ 200 [user=anonymous ip=79.181.129.240]
INFO 2026-05-05 08:19:44,825 audit GET /api/admin-panel/announcements/active/ 200 [user=de2f0aa0-a716-4e9d-95b8-a506017aa8ca ip=79.181.129.240]
INFO 2026-05-05 08:19:44,841 audit GET /api/research/messages/unread-count/ 200 [user=de2f0aa0-a716-4e9d-95b8-a506017aa8ca ip=79.181.129.240]
INFO 2026-05-05 08:19:44,884 audit GET /api/profiles/mentors/ 200 [user=de2f0aa0-a716-4e9d-95b8-a506017aa8ca ip=79.181.129.240]
INFO 2026-05-05 08:19:45,155 audit GET /api/research/messages/unread-count/ 200 [user=bea1ffea-ab29-49e0-a3f7-dbe86731734a ip=147.235.230.8]
WARNING 2026-05-05 08:19:46,979 audit Failed login attempt for: ionatan1233@gmail.com
INFO 2026-05-05 08:19:46,979 audit POST /api/auth/login/ 401 [user=anonymous ip=79.177.131.185]
INFO 2026-05-05 08:19:47,378 audit GET /api/profiles/mentors/ 200 [user=de2f0aa0-a716-4e9d-95b8-a506017aa8ca ip=79.181.129.240]
INFO 2026-05-05 08:19:47,394 audit GET /api/profiles/student/me/ 404 [user=de2f0aa0-a716-4e9d-95b8-a506017aa8ca ip=79.181.129.240]
INFO 2026-05-05 08:19:47,398 audit GET /api/profiles/mentor/me/ 404 [user=de2f0aa0-a716-4e9d-95b8-a506017aa8ca ip=79.181.129.240]
INFO 2026-05-05 08:19:50,710 audit GET /api/admin-panel/stats/ 200 [user=de2f0aa0-a716-4e9d-95b8-a506017aa8ca ip=79.181.129.240]
INFO 2026-05-05 08:19:52,185 audit GET /api/admin-panel/researches/ 200 [user=de2f0aa0-a716-4e9d-95b8-a506017aa8ca ip=79.181.129.240]
INFO 2026-05-05 08:19:53,571 audit GET /api/admin-panel/announcements/active/ 200 [user=de2f0aa0-a716-4e9d-95b8-a506017aa8ca ip=79.181.129.240]
INFO 2026-05-05 08:19:53,584 audit GET /api/admin-panel/stats/ 200 [user=de2f0aa0-a716-4e9d-95b8-a506017aa8ca ip=79.181.129.240]
INFO 2026-05-05 08:19:55,247 audit GET /api/research/messages/unread-count/ 200 [user=a85f884c-f931-44dc-9c80-7012bc259a19 ip=46.120.75.251]
INFO 2026-05-05 08:19:57,487 audit GET /api/profiles/students/ 200 [user=de2f0aa0-a716-4e9d-95b8-a506017aa8ca ip=79.181.129.240]
INFO 2026-05-05 08:19:57,536 audit GET /media/avatars/students/00dd7808-31e3-41f0-a6bb-3c31c2610bf8.jpeg 304 [user=anonymous ip=79.181.129.240]
INFO 2026-05-05 08:19:57,544 audit GET /media/avatars/students/180d632f-b4ba-4697-8d11-91af4ac4272a.jpeg 304 [user=anonymous ip=79.181.129.240]
INFO 2026-05-05 08:19:59,790 audit GET /api/research/messages/unread-count/ 200 [user=de2f0aa0-a716-4e9d-95b8-a506017aa8ca ip=79.181.129.240]
INFO 2026-05-05 08:20:00,180 audit GET /api/research/messages/unread-count/ 200 [user=bea1ffea-ab29-49e0-a3f7-dbe86731734a ip=147.235.230.8]
INFO 2026-05-05 08:20:06,061 audit GET /api/profiles/mentors/ 200 [user=de2f0aa0-a716-4e9d-95b8-a506017aa8ca ip=79.181.129.240]
INFO 2026-05-05 08:20:06,116 audit GET /media/avatars/mentors/96bcfc8e-cb78-436f-a2fb-0466439d1c9a.jpeg 200 [user=anonymous ip=79.181.129.240]
INFO 2026-05-05 08:20:06,117 audit GET /media/avatars/mentors/e35ec62f-a0dd-4674-956a-fa11b037596d.png 200 [user=anonymous ip=79.181.129.240]
INFO 2026-05-05 08:20:06,126 audit GET /media/avatars/mentors/86ab3971-d903-4618-9e48-90edc8c0dff5.png 200 [user=anonymous ip=79.181.129.240]
INFO 2026-05-05 08:20:06,127 audit GET /media/avatars/mentors/e6975249-619d-4c3b-99e1-77a172114ddc.jpg 200 [user=anonymous ip=79.181.129.240]
INFO 2026-05-05 08:20:06,128 audit GET /media/avatars/mentors/d5f10398-ce6d-46cf-9551-515754a6d66e.jpeg 200 [user=anonymous ip=79.181.129.240]
INFO 2026-05-05 08:20:06,129 audit GET /media/avatars/mentors/aa5765f4-8bbb-4e4e-af71-8e4042b9290e.jpg 200 [user=anonymous ip=79.181.129.240]
INFO 2026-05-05 08:20:06,302 audit GET /media/avatars/mentors/39c5f31c-f599-4f9a-ac94-afdebbc7d94c.jpeg 200 [user=anonymous ip=79.181.129.240]
INFO 2026-05-05 08:20:10,244 audit GET /api/research/messages/unread-count/ 200 [user=a85f884c-f931-44dc-9c80-7012bc259a19 ip=46.120.75.251]
INFO 2026-05-05 08:20:11,013 audit POST /api/auth/logout/ 200 [user=de2f0aa0-a716-4e9d-95b8-a506017aa8ca ip=79.181.129.240]
INFO 2026-05-05 08:20:15,179 audit GET /api/research/messages/unread-count/ 200 [user=bea1ffea-ab29-49e0-a3f7-dbe86731734a ip=147.235.230.8]
INFO 2026-05-05 08:20:25,244 audit GET /api/research/messages/unread-count/ 200 [user=a85f884c-f931-44dc-9c80-7012bc259a19 ip=46.120.75.251]
INFO 2026-05-05 08:20:30,176 audit GET /api/research/messages/unread-count/ 200 [user=bea1ffea-ab29-49e0-a3f7-dbe86731734a ip=147.235.230.8]
INFO 2026-05-05 08:20:40,233 audit GET /api/research/messages/unread-count/ 401 [user=anonymous ip=46.120.75.251]
INFO 2026-05-05 08:20:40,266 audit POST /api/auth/token/refresh/ 200 [user=anonymous ip=46.120.75.251]
INFO 2026-05-05 08:20:40,299 audit GET /api/research/messages/unread-count/ 200 [user=a85f884c-f931-44dc-9c80-7012bc259a19 ip=46.120.75.251]
INFO 2026-05-05 08:20:45,167 audit GET /api/research/messages/unread-count/ 200 [user=bea1ffea-ab29-49e0-a3f7-dbe86731734a ip=147.235.230.8]
INFO 2026-05-05 08:20:55,436 audit GET /api/research/messages/unread-count/ 200 [user=a85f884c-f931-44dc-9c80-7012bc259a19 ip=46.120.75.251]
INFO 2026-05-05 08:21:00,171 audit GET /api/research/messages/unread-count/ 200 [user=bea1ffea-ab29-49e0-a3f7-dbe86731734a ip=147.235.230.8]
INFO 2026-05-05 08:21:10,468 audit GET /api/research/messages/unread-count/ 200 [user=a85f884c-f931-44dc-9c80-7012bc259a19 ip=46.120.75.251]
INFO 2026-05-05 08:21:15,179 audit GET /api/research/messages/unread-count/ 200 [user=bea1ffea-ab29-49e0-a3f7-dbe86731734a ip=147.235.230.8]
INFO 2026-05-05 08:21:53,165 audit GET /api/research/messages/unread-count/ 200 [user=bea1ffea-ab29-49e0-a3f7-dbe86731734a ip=147.235.230.8]
INFO 2026-05-05 08:22:53,170 audit GET /api/research/messages/unread-count/ 200 [user=bea1ffea-ab29-49e0-a3f7-dbe86731734a ip=147.235.230.8]
INFO 2026-05-05 08:23:52,961 audit User logged in successfully: admin_test@gmail.com
INFO 2026-05-05 08:23:52,969 audit POST /api/auth/login/ 200 [user=anonymous ip=79.177.131.185]
INFO 2026-05-05 08:23:53,079 audit GET /api/research/messages/unread-count/ 200 [user=de2f0aa0-a716-4e9d-95b8-a506017aa8ca ip=79.177.131.185]
INFO 2026-05-05 08:23:53,099 audit GET /api/admin-panel/announcements/active/ 200 [user=de2f0aa0-a716-4e9d-95b8-a506017aa8ca ip=79.177.131.185]
INFO 2026-05-05 08:23:53,128 audit GET /api/profiles/mentors/ 200 [user=de2f0aa0-a716-4e9d-95b8-a506017aa8ca ip=79.177.131.185]
INFO 2026-05-05 08:23:53,172 audit GET /api/research/messages/unread-count/ 200 [user=bea1ffea-ab29-49e0-a3f7-dbe86731734a ip=147.235.230.8]
INFO 2026-05-05 08:23:54,827 audit GET /api/admin-panel/stats/ 200 [user=de2f0aa0-a716-4e9d-95b8-a506017aa8ca ip=79.177.131.185]
INFO 2026-05-05 08:23:55,907 audit GET /api/admin-panel/announcements/ 200 [user=de2f0aa0-a716-4e9d-95b8-a506017aa8ca ip=79.177.131.185]
INFO 2026-05-05 08:23:58,217 audit GET /api/admin-panel/applications/ 200 [user=de2f0aa0-a716-4e9d-95b8-a506017aa8ca ip=79.177.131.185]
INFO 2026-05-05 08:24:00,936 audit GET /api/admin-panel/announcements/active/ 200 [user=de2f0aa0-a716-4e9d-95b8-a506017aa8ca ip=79.177.131.185]
INFO 2026-05-05 08:24:00,949 audit GET /api/admin-panel/stats/ 200 [user=de2f0aa0-a716-4e9d-95b8-a506017aa8ca ip=79.177.131.185]
INFO 2026-05-05 08:24:02,321 audit GET /api/admin-panel/users/ 200 [user=de2f0aa0-a716-4e9d-95b8-a506017aa8ca ip=79.177.131.185]
INFO 2026-05-05 08:24:03,106 audit GET /api/admin-panel/announcements/active/ 200 [user=de2f0aa0-a716-4e9d-95b8-a506017aa8ca ip=79.177.131.185]
INFO 2026-05-05 08:24:03,117 audit GET /api/admin-panel/stats/ 200 [user=de2f0aa0-a716-4e9d-95b8-a506017aa8ca ip=79.177.131.185]
INFO 2026-05-05 08:24:03,801 audit GET /api/admin-panel/researches/ 200 [user=de2f0aa0-a716-4e9d-95b8-a506017aa8ca ip=79.177.131.185]
INFO 2026-05-05 08:24:05,137 audit GET /api/admin-panel/announcements/active/ 200 [user=de2f0aa0-a716-4e9d-95b8-a506017aa8ca ip=79.177.131.185]
INFO 2026-05-05 08:24:05,149 audit GET /api/admin-panel/stats/ 200 [user=de2f0aa0-a716-4e9d-95b8-a506017aa8ca ip=79.177.131.185]
INFO 2026-05-05 08:24:07,758 audit GET /api/research/me/ 403 [user=de2f0aa0-a716-4e9d-95b8-a506017aa8ca ip=79.177.131.185]
INFO 2026-05-05 08:24:07,777 audit GET /api/research/joined/ 200 [user=de2f0aa0-a716-4e9d-95b8-a506017aa8ca ip=79.177.131.185]
INFO 2026-05-05 08:24:07,783 audit GET /api/research/tasks/ 200 [user=de2f0aa0-a716-4e9d-95b8-a506017aa8ca ip=79.177.131.185]
INFO 2026-05-05 08:24:08,011 audit GET /api/research/messages/unread-count/ 200 [user=de2f0aa0-a716-4e9d-95b8-a506017aa8ca ip=79.177.131.185]
INFO 2026-05-05 08:24:09,728 audit GET /api/profiles/mentors/ 200 [user=de2f0aa0-a716-4e9d-95b8-a506017aa8ca ip=79.177.131.185]
INFO 2026-05-05 08:24:09,769 audit GET /media/avatars/mentors/e35ec62f-a0dd-4674-956a-fa11b037596d.png 200 [user=anonymous ip=79.177.131.185]
INFO 2026-05-05 08:24:09,769 audit GET /media/avatars/mentors/e6975249-619d-4c3b-99e1-77a172114ddc.jpg 200 [user=anonymous ip=79.177.131.185]
INFO 2026-05-05 08:24:09,774 audit GET /media/avatars/mentors/aa5765f4-8bbb-4e4e-af71-8e4042b9290e.jpg 200 [user=anonymous ip=79.177.131.185]
INFO 2026-05-05 08:24:09,774 audit GET /media/avatars/mentors/96bcfc8e-cb78-436f-a2fb-0466439d1c9a.jpeg 200 [user=anonymous ip=79.177.131.185]
INFO 2026-05-05 08:24:09,775 audit GET /media/avatars/mentors/d5f10398-ce6d-46cf-9551-515754a6d66e.jpeg 200 [user=anonymous ip=79.177.131.185]
INFO 2026-05-05 08:24:09,776 audit GET /media/avatars/mentors/86ab3971-d903-4618-9e48-90edc8c0dff5.png 200 [user=anonymous ip=79.177.131.185]
INFO 2026-05-05 08:24:09,803 audit GET /media/avatars/mentors/39c5f31c-f599-4f9a-ac94-afdebbc7d94c.jpeg 200 [user=anonymous ip=79.177.131.185]
INFO 2026-05-05 08:24:09,819 audit GET /media/avatars/mentors/be0cab05-aa28-4053-8dfa-c8b93ca5fb3e.png 200 [user=anonymous ip=79.177.131.185]
INFO 2026-05-05 08:24:16,199 audit GET /api/research/messages/unread-count/ 200 [user=bea1ffea-ab29-49e0-a3f7-dbe86731734a ip=147.235.230.8]
INFO 2026-05-05 08:24:18,774 audit GET /api/profiles/students/ 200 [user=de2f0aa0-a716-4e9d-95b8-a506017aa8ca ip=79.177.131.185]
INFO 2026-05-05 08:24:18,813 audit GET /media/avatars/students/180d632f-b4ba-4697-8d11-91af4ac4272a.jpeg 200 [user=anonymous ip=79.177.131.185]
INFO 2026-05-05 08:24:18,813 audit GET /media/avatars/students/00dd7808-31e3-41f0-a6bb-3c31c2610bf8.jpeg 200 [user=anonymous ip=79.177.131.185]
INFO 2026-05-05 08:24:23,011 audit GET /api/research/messages/unread-count/ 200 [user=de2f0aa0-a716-4e9d-95b8-a506017aa8ca ip=79.177.131.185]
INFO 2026-05-05 08:24:24,189 audit GET /api/research/joined/ 200 [user=de2f0aa0-a716-4e9d-95b8-a506017aa8ca ip=79.177.131.185]
INFO 2026-05-05 08:24:24,240 audit GET /api/research/ 200 [user=de2f0aa0-a716-4e9d-95b8-a506017aa8ca ip=79.177.131.185]
INFO 2026-05-05 08:24:28,628 audit GET /api/research/joined/ 200 [user=de2f0aa0-a716-4e9d-95b8-a506017aa8ca ip=79.177.131.185]
INFO 2026-05-05 08:24:28,641 audit GET /api/research/me/ 403 [user=de2f0aa0-a716-4e9d-95b8-a506017aa8ca ip=79.177.131.185]
INFO 2026-05-05 08:24:28,644 audit GET /api/research/tasks/ 200 [user=de2f0aa0-a716-4e9d-95b8-a506017aa8ca ip=79.177.131.185]
INFO 2026-05-05 08:24:30,169 audit GET /api/research/messages/unread-count/ 200 [user=bea1ffea-ab29-49e0-a3f7-dbe86731734a ip=147.235.230.8]
INFO 2026-05-05 08:24:38,028 audit GET /api/research/messages/unread-count/ 200 [user=de2f0aa0-a716-4e9d-95b8-a506017aa8ca ip=79.177.131.185]
INFO 2026-05-05 08:24:45,172 audit GET /api/research/messages/unread-count/ 200 [user=bea1ffea-ab29-49e0-a3f7-dbe86731734a ip=147.235.230.8]
INFO 2026-05-05 08:24:53,031 audit GET /api/research/messages/unread-count/ 200 [user=de2f0aa0-a716-4e9d-95b8-a506017aa8ca ip=79.177.131.185]
INFO 2026-05-05 08:24:55,411 audit GET /api/research/messages/unread-count/ 200 [user=bea1ffea-ab29-49e0-a3f7-dbe86731734a ip=147.235.230.8]
INFO 2026-05-05 08:24:59,101 audit GET /api/profiles/mentors/ 200 [user=de2f0aa0-a716-4e9d-95b8-a506017aa8ca ip=79.177.131.185]
INFO 2026-05-05 08:24:59,910 audit GET /api/research/messages/unread-count/ 200 [user=bea1ffea-ab29-49e0-a3f7-dbe86731734a ip=147.235.230.8]
INFO 2026-05-05 08:25:01,312 audit GET /api/research/joined/ 200 [user=de2f0aa0-a716-4e9d-95b8-a506017aa8ca ip=79.177.131.185]
INFO 2026-05-05 08:25:01,322 audit GET /api/research/me/ 403 [user=de2f0aa0-a716-4e9d-95b8-a506017aa8ca ip=79.177.131.185]
INFO 2026-05-05 08:25:01,339 audit GET /api/research/tasks/ 200 [user=de2f0aa0-a716-4e9d-95b8-a506017aa8ca ip=79.177.131.185]
INFO 2026-05-05 08:25:01,843 audit GET /api/research/joined/ 200 [user=bea1ffea-ab29-49e0-a3f7-dbe86731734a ip=147.235.230.8]
INFO 2026-05-05 08:25:01,880 audit GET /api/research/tasks/ 200 [user=bea1ffea-ab29-49e0-a3f7-dbe86731734a ip=147.235.230.8]
INFO 2026-05-05 08:25:01,885 audit GET /api/research/me/ 200 [user=bea1ffea-ab29-49e0-a3f7-dbe86731734a ip=147.235.230.8]
INFO 2026-05-05 08:25:03,419 audit GET /api/admin-panel/stats/ 200 [user=de2f0aa0-a716-4e9d-95b8-a506017aa8ca ip=79.177.131.185]
INFO 2026-05-05 08:25:04,147 audit GET /api/admin-panel/applications/ 200 [user=de2f0aa0-a716-4e9d-95b8-a506017aa8ca ip=79.177.131.185]
INFO 2026-05-05 08:25:06,212 audit GET /api/admin-panel/announcements/active/ 200 [user=de2f0aa0-a716-4e9d-95b8-a506017aa8ca ip=79.177.131.185]
INFO 2026-05-05 08:25:06,224 audit GET /api/admin-panel/stats/ 200 [user=de2f0aa0-a716-4e9d-95b8-a506017aa8ca ip=79.177.131.185]
INFO 2026-05-05 08:25:07,028 audit GET /api/admin-panel/users/ 200 [user=de2f0aa0-a716-4e9d-95b8-a506017aa8ca ip=79.177.131.185]
INFO 2026-05-05 08:25:07,923 audit GET /api/admin-panel/announcements/active/ 200 [user=de2f0aa0-a716-4e9d-95b8-a506017aa8ca ip=79.177.131.185]
INFO 2026-05-05 08:25:07,934 audit GET /api/admin-panel/stats/ 200 [user=de2f0aa0-a716-4e9d-95b8-a506017aa8ca ip=79.177.131.185]
INFO 2026-05-05 08:25:08,011 audit GET /api/research/messages/unread-count/ 200 [user=de2f0aa0-a716-4e9d-95b8-a506017aa8ca ip=79.177.131.185]
INFO 2026-05-05 08:25:10,234 audit GET /api/research/messages/unread-count/ 200 [user=bea1ffea-ab29-49e0-a3f7-dbe86731734a ip=147.235.230.8]
INFO 2026-05-05 08:25:13,323 audit GET /api/research/me/ 403 [user=de2f0aa0-a716-4e9d-95b8-a506017aa8ca ip=79.177.131.185]
INFO 2026-05-05 08:25:13,342 audit GET /api/research/joined/ 200 [user=de2f0aa0-a716-4e9d-95b8-a506017aa8ca ip=79.177.131.185]
INFO 2026-05-05 08:25:13,345 audit GET /api/research/tasks/ 200 [user=de2f0aa0-a716-4e9d-95b8-a506017aa8ca ip=79.177.131.185]
INFO 2026-05-05 08:25:14,907 audit GET /api/research/messages/unread-count/ 200 [user=bea1ffea-ab29-49e0-a3f7-dbe86731734a ip=147.235.230.8]
INFO 2026-05-05 08:25:23,031 audit GET /api/research/messages/unread-count/ 200 [user=de2f0aa0-a716-4e9d-95b8-a506017aa8ca ip=79.177.131.185]
INFO 2026-05-05 08:25:25,235 audit GET /api/research/messages/unread-count/ 200 [user=bea1ffea-ab29-49e0-a3f7-dbe86731734a ip=147.235.230.8]
INFO 2026-05-05 08:25:30,178 audit GET /api/research/messages/unread-count/ 200 [user=bea1ffea-ab29-49e0-a3f7-dbe86731734a ip=147.235.230.8]
INFO 2026-05-05 08:25:38,992 audit GET /api/research/messages/unread-count/ 200 [user=de2f0aa0-a716-4e9d-95b8-a506017aa8ca ip=79.177.131.185]
INFO 2026-05-05 08:25:40,247 audit GET /api/research/messages/unread-count/ 200 [user=bea1ffea-ab29-49e0-a3f7-dbe86731734a ip=147.235.230.8]
INFO 2026-05-05 08:25:45,176 audit GET /api/research/messages/unread-count/ 200 [user=bea1ffea-ab29-49e0-a3f7-dbe86731734a ip=147.235.230.8]
INFO 2026-05-05 08:25:53,986 audit GET /api/research/messages/unread-count/ 200 [user=de2f0aa0-a716-4e9d-95b8-a506017aa8ca ip=79.177.131.185]
INFO 2026-05-05 08:25:55,411 audit GET /api/research/messages/unread-count/ 200 [user=bea1ffea-ab29-49e0-a3f7-dbe86731734a ip=147.235.230.8]
INFO 2026-05-05 08:26:00,175 audit GET /api/research/messages/unread-count/ 200 [user=bea1ffea-ab29-49e0-a3f7-dbe86731734a ip=147.235.230.8]
INFO 2026-05-05 08:26:08,988 audit GET /api/research/messages/unread-count/ 200 [user=de2f0aa0-a716-4e9d-95b8-a506017aa8ca ip=79.177.131.185]
INFO 2026-05-05 08:26:10,249 audit GET /api/research/messages/unread-count/ 200 [user=bea1ffea-ab29-49e0-a3f7-dbe86731734a ip=147.235.230.8]
INFO 2026-05-05 08:26:15,177 audit GET /api/research/messages/unread-count/ 200 [user=bea1ffea-ab29-49e0-a3f7-dbe86731734a ip=147.235.230.8]
INFO 2026-05-05 08:26:23,992 audit GET /api/research/messages/unread-count/ 200 [user=de2f0aa0-a716-4e9d-95b8-a506017aa8ca ip=79.177.131.185]
INFO 2026-05-05 08:26:25,255 audit GET /api/research/messages/unread-count/ 200 [user=bea1ffea-ab29-49e0-a3f7-dbe86731734a ip=147.235.230.8]
INFO 2026-05-05 08:26:40,279 audit GET /api/research/messages/unread-count/ 200 [user=bea1ffea-ab29-49e0-a3f7-dbe86731734a ip=147.235.230.8]
INFO 2026-05-05 08:26:53,177 audit GET /api/research/messages/unread-count/ 200 [user=bea1ffea-ab29-49e0-a3f7-dbe86731734a ip=147.235.230.8]
INFO 2026-05-05 08:26:55,261 audit GET /api/research/messages/unread-count/ 200 [user=bea1ffea-ab29-49e0-a3f7-dbe86731734a ip=147.235.230.8]
INFO 2026-05-05 08:27:06,001 audit GET /api/research/messages/unread-count/ 200 [user=de2f0aa0-a716-4e9d-95b8-a506017aa8ca ip=79.177.131.185]
INFO 2026-05-05 08:27:10,265 audit GET /api/research/messages/unread-count/ 200 [user=bea1ffea-ab29-49e0-a3f7-dbe86731734a ip=147.235.230.8]
INFO 2026-05-05 08:27:25,270 audit GET /api/research/messages/unread-count/ 200 [user=bea1ffea-ab29-49e0-a3f7-dbe86731734a ip=147.235.230.8]
INFO 2026-05-05 08:27:40,275 audit GET /api/research/messages/unread-count/ 200 [user=bea1ffea-ab29-49e0-a3f7-dbe86731734a ip=147.235.230.8]
INFO 2026-05-05 08:27:53,182 audit GET /api/research/messages/unread-count/ 200 [user=bea1ffea-ab29-49e0-a3f7-dbe86731734a ip=147.235.230.8]
INFO 2026-05-05 08:27:55,279 audit GET /api/research/messages/unread-count/ 200 [user=bea1ffea-ab29-49e0-a3f7-dbe86731734a ip=147.235.230.8]
INFO 2026-05-05 08:28:05,994 audit GET /api/research/messages/unread-count/ 200 [user=de2f0aa0-a716-4e9d-95b8-a506017aa8ca ip=79.177.131.185]
INFO 2026-05-05 08:28:10,288 audit GET /api/research/messages/unread-count/ 200 [user=bea1ffea-ab29-49e0-a3f7-dbe86731734a ip=147.235.230.8]
INFO 2026-05-05 08:28:25,289 audit GET /api/research/messages/unread-count/ 200 [user=bea1ffea-ab29-49e0-a3f7-dbe86731734a ip=147.235.230.8]
INFO 2026-05-05 08:28:40,284 audit GET /api/research/messages/unread-count/ 200 [user=bea1ffea-ab29-49e0-a3f7-dbe86731734a ip=147.235.230.8]
INFO 2026-05-05 08:28:53,181 audit GET /api/research/messages/unread-count/ 200 [user=bea1ffea-ab29-49e0-a3f7-dbe86731734a ip=147.235.230.8]
INFO 2026-05-05 08:28:55,298 audit GET /api/research/messages/unread-count/ 200 [user=bea1ffea-ab29-49e0-a3f7-dbe86731734a ip=147.235.230.8]
INFO 2026-05-05 08:29:05,990 audit GET /api/research/messages/unread-count/ 200 [user=de2f0aa0-a716-4e9d-95b8-a506017aa8ca ip=79.177.131.185]
INFO 2026-05-05 08:29:10,299 audit GET /api/research/messages/unread-count/ 200 [user=bea1ffea-ab29-49e0-a3f7-dbe86731734a ip=147.235.230.8]
INFO 2026-05-05 08:29:25,384 audit GET /api/research/messages/unread-count/ 200 [user=bea1ffea-ab29-49e0-a3f7-dbe86731734a ip=147.235.230.8]
INFO 2026-05-05 08:29:40,304 audit GET /api/research/messages/unread-count/ 200 [user=bea1ffea-ab29-49e0-a3f7-dbe86731734a ip=147.235.230.8]
INFO 2026-05-05 08:29:53,176 audit GET /api/research/messages/unread-count/ 200 [user=bea1ffea-ab29-49e0-a3f7-dbe86731734a ip=147.235.230.8]
INFO 2026-05-05 08:29:55,316 audit GET /api/research/messages/unread-count/ 200 [user=bea1ffea-ab29-49e0-a3f7-dbe86731734a ip=147.235.230.8]
INFO 2026-05-05 08:30:05,985 audit GET /api/research/messages/unread-count/ 200 [user=de2f0aa0-a716-4e9d-95b8-a506017aa8ca ip=79.177.131.185]
INFO 2026-05-05 08:30:10,312 audit GET /api/research/messages/unread-count/ 200 [user=bea1ffea-ab29-49e0-a3f7-dbe86731734a ip=147.235.230.8]
INFO 2026-05-05 08:30:25,311 audit GET /api/research/messages/unread-count/ 200 [user=bea1ffea-ab29-49e0-a3f7-dbe86731734a ip=147.235.230.8]
INFO 2026-05-05 08:30:40,399 audit GET /api/research/messages/unread-count/ 200 [user=bea1ffea-ab29-49e0-a3f7-dbe86731734a ip=147.235.230.8]
INFO 2026-05-05 08:30:53,185 audit GET /api/research/messages/unread-count/ 200 [user=bea1ffea-ab29-49e0-a3f7-dbe86731734a ip=147.235.230.8]
INFO 2026-05-05 08:30:55,453 audit GET /api/research/messages/unread-count/ 200 [user=bea1ffea-ab29-49e0-a3f7-dbe86731734a ip=147.235.230.8]
INFO 2026-05-05 08:31:05,988 audit GET /api/research/messages/unread-count/ 200 [user=de2f0aa0-a716-4e9d-95b8-a506017aa8ca ip=79.177.131.185]
INFO 2026-05-05 08:31:10,328 audit GET /api/research/messages/unread-count/ 200 [user=bea1ffea-ab29-49e0-a3f7-dbe86731734a ip=147.235.230.8]
INFO 2026-05-05 08:31:25,331 audit GET /api/research/messages/unread-count/ 200 [user=bea1ffea-ab29-49e0-a3f7-dbe86731734a ip=147.235.230.8]
INFO 2026-05-05 08:31:40,335 audit GET /api/research/messages/unread-count/ 200 [user=bea1ffea-ab29-49e0-a3f7-dbe86731734a ip=147.235.230.8]
INFO 2026-05-05 08:31:53,181 audit GET /api/research/messages/unread-count/ 200 [user=bea1ffea-ab29-49e0-a3f7-dbe86731734a ip=147.235.230.8]
INFO 2026-05-05 08:31:55,343 audit GET /api/research/messages/unread-count/ 200 [user=bea1ffea-ab29-49e0-a3f7-dbe86731734a ip=147.235.230.8]
INFO 2026-05-05 08:32:05,982 audit GET /api/research/messages/unread-count/ 200 [user=de2f0aa0-a716-4e9d-95b8-a506017aa8ca ip=79.177.131.185]
INFO 2026-05-05 08:32:10,487 audit GET /api/research/messages/unread-count/ 200 [user=bea1ffea-ab29-49e0-a3f7-dbe86731734a ip=147.235.230.8]
INFO 2026-05-05 08:32:25,346 audit GET /api/research/messages/unread-count/ 200 [user=bea1ffea-ab29-49e0-a3f7-dbe86731734a ip=147.235.230.8]
INFO 2026-05-05 08:32:40,499 audit GET /api/research/messages/unread-count/ 200 [user=bea1ffea-ab29-49e0-a3f7-dbe86731734a ip=147.235.230.8]
INFO 2026-05-05 08:32:53,180 audit GET /api/research/messages/unread-count/ 200 [user=bea1ffea-ab29-49e0-a3f7-dbe86731734a ip=147.235.230.8]
INFO 2026-05-05 08:32:55,354 audit GET /api/research/messages/unread-count/ 200 [user=bea1ffea-ab29-49e0-a3f7-dbe86731734a ip=147.235.230.8]
INFO 2026-05-05 08:33:02,263 audit GET /api/research/messages/unread-count/ 200 [user=de2f0aa0-a716-4e9d-95b8-a506017aa8ca ip=79.177.131.185]
INFO 2026-05-05 08:33:08,989 audit GET /api/research/messages/unread-count/ 200 [user=de2f0aa0-a716-4e9d-95b8-a506017aa8ca ip=79.177.131.185]
INFO 2026-05-05 08:33:10,391 audit GET /api/research/messages/unread-count/ 200 [user=bea1ffea-ab29-49e0-a3f7-dbe86731734a ip=147.235.230.8]
INFO 2026-05-05 08:33:23,979 audit GET /api/research/messages/unread-count/ 200 [user=de2f0aa0-a716-4e9d-95b8-a506017aa8ca ip=79.177.131.185]
INFO 2026-05-05 08:33:25,362 audit GET /api/research/messages/unread-count/ 200 [user=bea1ffea-ab29-49e0-a3f7-dbe86731734a ip=147.235.230.8]
INFO 2026-05-05 08:33:38,977 audit GET /api/research/messages/unread-count/ 200 [user=de2f0aa0-a716-4e9d-95b8-a506017aa8ca ip=79.177.131.185]
INFO 2026-05-05 08:33:40,370 audit GET /api/research/messages/unread-count/ 200 [user=bea1ffea-ab29-49e0-a3f7-dbe86731734a ip=147.235.230.8]
INFO 2026-05-05 08:33:53,183 audit GET /api/research/messages/unread-count/ 200 [user=bea1ffea-ab29-49e0-a3f7-dbe86731734a ip=147.235.230.8]
INFO 2026-05-05 08:33:53,982 audit GET /api/research/messages/unread-count/ 200 [user=de2f0aa0-a716-4e9d-95b8-a506017aa8ca ip=79.177.131.185]
INFO 2026-05-05 08:33:55,372 audit GET /api/research/messages/unread-count/ 200 [user=bea1ffea-ab29-49e0-a3f7-dbe86731734a ip=147.235.230.8]
INFO 2026-05-05 08:34:10,380 audit GET /api/research/messages/unread-count/ 200 [user=bea1ffea-ab29-49e0-a3f7-dbe86731734a ip=147.235.230.8]
INFO 2026-05-05 08:34:25,385 audit GET /api/research/messages/unread-count/ 200 [user=bea1ffea-ab29-49e0-a3f7-dbe86731734a ip=147.235.230.8]
INFO 2026-05-05 08:34:40,385 audit GET /api/research/messages/unread-count/ 200 [user=bea1ffea-ab29-49e0-a3f7-dbe86731734a ip=147.235.230.8]
INFO 2026-05-05 08:34:53,189 audit GET /api/research/messages/unread-count/ 200 [user=bea1ffea-ab29-49e0-a3f7-dbe86731734a ip=147.235.230.8]
INFO 2026-05-05 08:34:54,987 audit GET /api/research/messages/unread-count/ 200 [user=de2f0aa0-a716-4e9d-95b8-a506017aa8ca ip=79.177.131.185]
INFO 2026-05-05 08:34:55,397 audit GET /api/research/messages/unread-count/ 200 [user=bea1ffea-ab29-49e0-a3f7-dbe86731734a ip=147.235.230.8]
INFO 2026-05-05 08:35:10,401 audit GET /api/research/messages/unread-count/ 200 [user=bea1ffea-ab29-49e0-a3f7-dbe86731734a ip=147.235.230.8]
INFO 2026-05-05 08:35:25,499 audit GET /api/research/messages/unread-count/ 200 [user=bea1ffea-ab29-49e0-a3f7-dbe86731734a ip=147.235.230.8]
INFO 2026-05-05 08:35:40,403 audit GET /api/research/messages/unread-count/ 200 [user=bea1ffea-ab29-49e0-a3f7-dbe86731734a ip=147.235.230.8]
INFO 2026-05-05 08:35:53,183 audit GET /api/research/messages/unread-count/ 200 [user=bea1ffea-ab29-49e0-a3f7-dbe86731734a ip=147.235.230.8]
INFO 2026-05-05 08:35:55,401 audit GET /api/research/messages/unread-count/ 200 [user=bea1ffea-ab29-49e0-a3f7-dbe86731734a ip=147.235.230.8]
INFO 2026-05-05 08:35:55,980 audit GET /api/research/messages/unread-count/ 200 [user=de2f0aa0-a716-4e9d-95b8-a506017aa8ca ip=79.177.131.185]
INFO 2026-05-05 08:36:10,411 audit GET /api/research/messages/unread-count/ 200 [user=bea1ffea-ab29-49e0-a3f7-dbe86731734a ip=147.235.230.8]
INFO 2026-05-05 08:36:25,405 audit GET /api/research/messages/unread-count/ 200 [user=bea1ffea-ab29-49e0-a3f7-dbe86731734a ip=147.235.230.8]
INFO 2026-05-05 08:36:40,433 audit GET /api/research/messages/unread-count/ 200 [user=bea1ffea-ab29-49e0-a3f7-dbe86731734a ip=147.235.230.8]
INFO 2026-05-05 08:36:53,187 audit GET /api/research/messages/unread-count/ 200 [user=bea1ffea-ab29-49e0-a3f7-dbe86731734a ip=147.235.230.8]
INFO 2026-05-05 08:36:55,419 audit GET /api/research/messages/unread-count/ 200 [user=bea1ffea-ab29-49e0-a3f7-dbe86731734a ip=147.235.230.8]
INFO 2026-05-05 08:36:56,975 audit GET /api/research/messages/unread-count/ 200 [user=de2f0aa0-a716-4e9d-95b8-a506017aa8ca ip=79.177.131.185]
INFO 2026-05-05 08:37:10,429 audit GET /api/research/messages/unread-count/ 200 [user=bea1ffea-ab29-49e0-a3f7-dbe86731734a ip=147.235.230.8]
INFO 2026-05-05 08:37:25,499 audit GET /api/research/messages/unread-count/ 200 [user=bea1ffea-ab29-49e0-a3f7-dbe86731734a ip=147.235.230.8]
INFO 2026-05-05 08:37:40,430 audit GET /api/research/messages/unread-count/ 200 [user=bea1ffea-ab29-49e0-a3f7-dbe86731734a ip=147.235.230.8]
INFO 2026-05-05 08:37:53,257 audit GET /api/research/messages/unread-count/ 200 [user=bea1ffea-ab29-49e0-a3f7-dbe86731734a ip=147.235.230.8]
INFO 2026-05-05 08:37:55,436 audit GET /api/research/messages/unread-count/ 200 [user=bea1ffea-ab29-49e0-a3f7-dbe86731734a ip=147.235.230.8]
INFO 2026-05-05 08:37:57,981 audit GET /api/research/messages/unread-count/ 200 [user=de2f0aa0-a716-4e9d-95b8-a506017aa8ca ip=79.177.131.185]
INFO 2026-05-05 08:38:10,450 audit GET /api/research/messages/unread-count/ 200 [user=bea1ffea-ab29-49e0-a3f7-dbe86731734a ip=147.235.230.8]
INFO 2026-05-05 08:38:53,731 audit GET /api/research/messages/unread-count/ 200 [user=bea1ffea-ab29-49e0-a3f7-dbe86731734a ip=147.235.230.8]
INFO 2026-05-05 08:38:58,993 audit GET /api/research/messages/unread-count/ 200 [user=de2f0aa0-a716-4e9d-95b8-a506017aa8ca ip=79.177.131.185]
INFO 2026-05-05 08:39:58,308 audit GET /api/research/messages/unread-count/ 200 [user=bea1ffea-ab29-49e0-a3f7-dbe86731734a ip=147.235.230.8]
INFO 2026-05-05 08:39:59,985 audit GET /api/research/messages/unread-count/ 200 [user=de2f0aa0-a716-4e9d-95b8-a506017aa8ca ip=79.177.131.185]
INFO 2026-05-05 08:40:53,185 audit GET /api/research/messages/unread-count/ 200 [user=bea1ffea-ab29-49e0-a3f7-dbe86731734a ip=147.235.230.8]
INFO 2026-05-05 08:41:00,980 audit GET /api/research/messages/unread-count/ 200 [user=de2f0aa0-a716-4e9d-95b8-a506017aa8ca ip=79.177.131.185]
INFO 2026-05-05 08:41:53,172 audit GET /api/research/messages/unread-count/ 200 [user=bea1ffea-ab29-49e0-a3f7-dbe86731734a ip=147.235.230.8]
INFO 2026-05-05 08:42:02,048 audit GET /api/research/messages/unread-count/ 200 [user=de2f0aa0-a716-4e9d-95b8-a506017aa8ca ip=79.177.131.185]
INFO 2026-05-05 08:42:53,263 audit GET /api/research/messages/unread-count/ 200 [user=bea1ffea-ab29-49e0-a3f7-dbe86731734a ip=147.235.230.8]
INFO 2026-05-05 08:43:02,979 audit GET /api/research/messages/unread-count/ 200 [user=de2f0aa0-a716-4e9d-95b8-a506017aa8ca ip=79.177.131.185]
INFO 2026-05-05 08:43:53,196 audit GET /api/research/messages/unread-count/ 200 [user=bea1ffea-ab29-49e0-a3f7-dbe86731734a ip=147.235.230.8]
INFO 2026-05-05 08:44:03,975 audit GET /api/research/messages/unread-count/ 200 [user=de2f0aa0-a716-4e9d-95b8-a506017aa8ca ip=79.177.131.185]
INFO 2026-05-05 08:44:53,749 audit GET /api/research/messages/unread-count/ 200 [user=bea1ffea-ab29-49e0-a3f7-dbe86731734a ip=147.235.230.8]
INFO 2026-05-05 08:45:04,977 audit GET /api/research/messages/unread-count/ 200 [user=de2f0aa0-a716-4e9d-95b8-a506017aa8ca ip=79.177.131.185]
INFO 2026-05-05 08:45:53,180 audit GET /api/research/messages/unread-count/ 200 [user=bea1ffea-ab29-49e0-a3f7-dbe86731734a ip=147.235.230.8]
INFO 2026-05-05 08:46:05,981 audit GET /api/research/messages/unread-count/ 200 [user=de2f0aa0-a716-4e9d-95b8-a506017aa8ca ip=79.177.131.185]
INFO 2026-05-05 08:46:53,206 audit GET /api/research/messages/unread-count/ 200 [user=bea1ffea-ab29-49e0-a3f7-dbe86731734a ip=147.235.230.8]
INFO 2026-05-05 08:47:09,983 audit GET /api/research/messages/unread-count/ 200 [user=de2f0aa0-a716-4e9d-95b8-a506017aa8ca ip=79.177.131.185]
INFO 2026-05-05 08:47:53,754 audit GET /api/research/messages/unread-count/ 200 [user=bea1ffea-ab29-49e0-a3f7-dbe86731734a ip=147.235.230.8]
INFO 2026-05-05 08:48:05,977 audit GET /api/research/messages/unread-count/ 200 [user=de2f0aa0-a716-4e9d-95b8-a506017aa8ca ip=79.177.131.185]
INFO 2026-05-05 08:48:46,113 audit GET /api/research/messages/unread-count/ 200 [user=a85f884c-f931-44dc-9c80-7012bc259a19 ip=46.120.75.251]
INFO 2026-05-05 08:48:53,189 audit GET /api/research/messages/unread-count/ 200 [user=bea1ffea-ab29-49e0-a3f7-dbe86731734a ip=147.235.230.8]
INFO 2026-05-05 08:49:05,631 audit GET /api/research/messages/unread-count/ 200 [user=a85f884c-f931-44dc-9c80-7012bc259a19 ip=46.120.75.251]
INFO 2026-05-05 08:49:05,995 audit GET /api/research/messages/unread-count/ 200 [user=de2f0aa0-a716-4e9d-95b8-a506017aa8ca ip=79.177.131.185]
INFO 2026-05-05 08:49:10,219 audit GET /api/research/messages/unread-count/ 200 [user=a85f884c-f931-44dc-9c80-7012bc259a19 ip=46.120.75.251]
INFO 2026-05-05 08:49:25,221 audit GET /api/research/messages/unread-count/ 200 [user=a85f884c-f931-44dc-9c80-7012bc259a19 ip=46.120.75.251]
INFO 2026-05-05 08:49:40,418 audit GET /api/research/messages/unread-count/ 200 [user=a85f884c-f931-44dc-9c80-7012bc259a19 ip=46.120.75.251]
INFO 2026-05-05 08:49:53,183 audit GET /api/research/messages/unread-count/ 200 [user=bea1ffea-ab29-49e0-a3f7-dbe86731734a ip=147.235.230.8]
INFO 2026-05-05 08:49:55,420 audit GET /api/research/messages/unread-count/ 200 [user=a85f884c-f931-44dc-9c80-7012bc259a19 ip=46.120.75.251]
INFO 2026-05-05 08:50:05,976 audit GET /api/research/messages/unread-count/ 200 [user=de2f0aa0-a716-4e9d-95b8-a506017aa8ca ip=79.177.131.185]
INFO 2026-05-05 08:50:10,473 audit GET /api/research/messages/unread-count/ 200 [user=a85f884c-f931-44dc-9c80-7012bc259a19 ip=46.120.75.251]
INFO 2026-05-05 08:50:25,441 audit GET /api/research/messages/unread-count/ 200 [user=a85f884c-f931-44dc-9c80-7012bc259a19 ip=46.120.75.251]
INFO 2026-05-05 08:50:53,187 audit GET /api/research/messages/unread-count/ 200 [user=bea1ffea-ab29-49e0-a3f7-dbe86731734a ip=147.235.230.8]
INFO 2026-05-05 08:51:02,443 audit GET /api/research/messages/unread-count/ 200 [user=a85f884c-f931-44dc-9c80-7012bc259a19 ip=46.120.75.251]
INFO 2026-05-05 08:51:05,969 audit GET /api/research/messages/unread-count/ 200 [user=de2f0aa0-a716-4e9d-95b8-a506017aa8ca ip=79.177.131.185]
INFO 2026-05-05 08:51:53,189 audit GET /api/research/messages/unread-count/ 200 [user=bea1ffea-ab29-49e0-a3f7-dbe86731734a ip=147.235.230.8]
INFO 2026-05-05 08:52:02,487 audit GET /api/research/messages/unread-count/ 200 [user=a85f884c-f931-44dc-9c80-7012bc259a19 ip=46.120.75.251]
INFO 2026-05-05 08:52:05,968 audit GET /api/research/messages/unread-count/ 200 [user=de2f0aa0-a716-4e9d-95b8-a506017aa8ca ip=79.177.131.185]
INFO 2026-05-05 08:52:53,183 audit GET /api/research/messages/unread-count/ 200 [user=bea1ffea-ab29-49e0-a3f7-dbe86731734a ip=147.235.230.8]
INFO 2026-05-05 08:53:02,440 audit GET /api/research/messages/unread-count/ 200 [user=a85f884c-f931-44dc-9c80-7012bc259a19 ip=46.120.75.251]
INFO 2026-05-05 08:53:05,971 audit GET /api/research/messages/unread-count/ 200 [user=de2f0aa0-a716-4e9d-95b8-a506017aa8ca ip=79.177.131.185]
INFO 2026-05-05 08:53:10,231 audit GET /api/research/messages/unread-count/ 200 [user=a85f884c-f931-44dc-9c80-7012bc259a19 ip=46.120.75.251]
WARNING 2026-05-05 08:53:16,738 audit Account locked after 5 failed attempts: ggg@gmail.com
WARNING 2026-05-05 08:53:16,739 audit Failed login attempt for: ggg@gmail.com
INFO 2026-05-05 08:53:16,739 audit POST /api/auth/login/ 401 [user=anonymous ip=79.181.129.240]
INFO 2026-05-05 08:53:25,422 audit GET /api/research/messages/unread-count/ 200 [user=a85f884c-f931-44dc-9c80-7012bc259a19 ip=46.120.75.251]
INFO 2026-05-05 08:53:33,446 audit User logged in successfully: admin_test@gmail.com
INFO 2026-05-05 08:53:33,456 audit POST /api/auth/login/ 200 [user=anonymous ip=79.181.129.240]
INFO 2026-05-05 08:53:33,544 audit GET /api/research/messages/unread-count/ 200 [user=de2f0aa0-a716-4e9d-95b8-a506017aa8ca ip=79.181.129.240]
INFO 2026-05-05 08:53:33,562 audit GET /api/admin-panel/announcements/active/ 200 [user=de2f0aa0-a716-4e9d-95b8-a506017aa8ca ip=79.181.129.240]
INFO 2026-05-05 08:53:33,598 audit GET /api/profiles/mentors/ 200 [user=de2f0aa0-a716-4e9d-95b8-a506017aa8ca ip=79.181.129.240]
INFO 2026-05-05 08:53:36,050 audit GET /api/admin-panel/stats/ 200 [user=de2f0aa0-a716-4e9d-95b8-a506017aa8ca ip=79.181.129.240]
INFO 2026-05-05 08:53:36,833 audit GET /api/admin-panel/users/ 200 [user=de2f0aa0-a716-4e9d-95b8-a506017aa8ca ip=79.181.129.240]
INFO 2026-05-05 08:53:38,853 audit GET /api/admin-panel/announcements/active/ 200 [user=de2f0aa0-a716-4e9d-95b8-a506017aa8ca ip=79.181.129.240]
INFO 2026-05-05 08:53:38,865 audit GET /api/admin-panel/stats/ 200 [user=de2f0aa0-a716-4e9d-95b8-a506017aa8ca ip=79.181.129.240]
INFO 2026-05-05 08:53:40,435 audit GET /api/research/messages/unread-count/ 200 [user=a85f884c-f931-44dc-9c80-7012bc259a19 ip=46.120.75.251]
INFO 2026-05-05 08:53:40,764 audit POST /api/auth/logout/ 200 [user=de2f0aa0-a716-4e9d-95b8-a506017aa8ca ip=79.181.129.240]
INFO 2026-05-05 08:53:53,192 audit GET /api/research/messages/unread-count/ 200 [user=bea1ffea-ab29-49e0-a3f7-dbe86731734a ip=147.235.230.8]
INFO 2026-05-05 08:53:55,555 audit GET /api/research/messages/unread-count/ 200 [user=a85f884c-f931-44dc-9c80-7012bc259a19 ip=46.120.75.251]
INFO 2026-05-05 08:54:05,978 audit GET /api/research/messages/unread-count/ 200 [user=de2f0aa0-a716-4e9d-95b8-a506017aa8ca ip=79.177.131.185]
INFO 2026-05-05 08:54:10,416 audit GET /api/research/messages/unread-count/ 200 [user=a85f884c-f931-44dc-9c80-7012bc259a19 ip=46.120.75.251]
INFO 2026-05-05 08:54:53,199 audit GET /api/research/messages/unread-count/ 200 [user=bea1ffea-ab29-49e0-a3f7-dbe86731734a ip=147.235.230.8]
INFO 2026-05-05 08:55:02,444 audit GET /api/research/messages/unread-count/ 200 [user=a85f884c-f931-44dc-9c80-7012bc259a19 ip=46.120.75.251]
INFO 2026-05-05 08:55:05,968 audit GET /api/research/messages/unread-count/ 200 [user=de2f0aa0-a716-4e9d-95b8-a506017aa8ca ip=79.177.131.185]
INFO 2026-05-05 08:55:53,191 audit GET /api/research/messages/unread-count/ 200 [user=bea1ffea-ab29-49e0-a3f7-dbe86731734a ip=147.235.230.8]
INFO 2026-05-05 08:56:02,448 audit GET /api/research/messages/unread-count/ 200 [user=a85f884c-f931-44dc-9c80-7012bc259a19 ip=46.120.75.251]
INFO 2026-05-05 08:56:05,965 audit GET /api/research/messages/unread-count/ 200 [user=de2f0aa0-a716-4e9d-95b8-a506017aa8ca ip=79.177.131.185]
INFO 2026-05-05 08:56:53,188 audit GET /api/research/messages/unread-count/ 200 [user=bea1ffea-ab29-49e0-a3f7-dbe86731734a ip=147.235.230.8]
INFO 2026-05-05 08:57:02,477 audit GET /api/research/messages/unread-count/ 200 [user=a85f884c-f931-44dc-9c80-7012bc259a19 ip=46.120.75.251]
INFO 2026-05-05 08:57:05,980 audit GET /api/research/messages/unread-count/ 200 [user=de2f0aa0-a716-4e9d-95b8-a506017aa8ca ip=79.177.131.185]
INFO 2026-05-05 08:57:53,189 audit GET /api/research/messages/unread-count/ 200 [user=bea1ffea-ab29-49e0-a3f7-dbe86731734a ip=147.235.230.8]
INFO 2026-05-05 08:58:02,437 audit GET /api/research/messages/unread-count/ 200 [user=a85f884c-f931-44dc-9c80-7012bc259a19 ip=46.120.75.251]
INFO 2026-05-05 08:58:05,969 audit GET /api/research/messages/unread-count/ 200 [user=de2f0aa0-a716-4e9d-95b8-a506017aa8ca ip=79.177.131.185]
INFO 2026-05-05 08:58:53,239 audit GET /api/research/messages/unread-count/ 200 [user=bea1ffea-ab29-49e0-a3f7-dbe86731734a ip=147.235.230.8]
INFO 2026-05-05 08:59:02,423 audit GET /api/research/messages/unread-count/ 200 [user=a85f884c-f931-44dc-9c80-7012bc259a19 ip=46.120.75.251]
INFO 2026-05-05 08:59:05,971 audit GET /api/research/messages/unread-count/ 200 [user=de2f0aa0-a716-4e9d-95b8-a506017aa8ca ip=79.177.131.185]
INFO 2026-05-05 08:59:53,186 audit GET /api/research/messages/unread-count/ 200 [user=bea1ffea-ab29-49e0-a3f7-dbe86731734a ip=147.235.230.8]
INFO 2026-05-05 09:00:02,495 audit GET /api/research/messages/unread-count/ 200 [user=a85f884c-f931-44dc-9c80-7012bc259a19 ip=46.120.75.251]
INFO 2026-05-05 09:00:05,981 audit GET /api/research/messages/unread-count/ 200 [user=de2f0aa0-a716-4e9d-95b8-a506017aa8ca ip=79.177.131.185]
INFO 2026-05-05 09:00:53,192 audit GET /api/research/messages/unread-count/ 200 [user=bea1ffea-ab29-49e0-a3f7-dbe86731734a ip=147.235.230.8]
INFO 2026-05-05 09:01:02,432 audit GET /api/research/messages/unread-count/ 200 [user=a85f884c-f931-44dc-9c80-7012bc259a19 ip=46.120.75.251]
INFO 2026-05-05 09:01:05,975 audit GET /api/research/messages/unread-count/ 200 [user=de2f0aa0-a716-4e9d-95b8-a506017aa8ca ip=79.177.131.185]
INFO 2026-05-05 09:01:07,048 audit GET /api/research/messages/unread-count/ 200 [user=543f1ead-fca3-47ee-a379-c7de154b8d90 ip=46.210.180.127]
INFO 2026-05-05 09:01:07,072 audit GET /api/research/joined/ 200 [user=543f1ead-fca3-47ee-a379-c7de154b8d90 ip=46.210.180.127]
INFO 2026-05-05 09:01:07,114 audit GET /api/admin-panel/announcements/active/ 200 [user=543f1ead-fca3-47ee-a379-c7de154b8d90 ip=46.210.180.127]
INFO 2026-05-05 09:01:07,131 audit GET /api/auth/me/ 200 [user=543f1ead-fca3-47ee-a379-c7de154b8d90 ip=46.210.180.127]
INFO 2026-05-05 09:01:07,137 audit GET /api/research/messages/unread-count/ 200 [user=543f1ead-fca3-47ee-a379-c7de154b8d90 ip=46.210.180.127]
INFO 2026-05-05 09:01:07,165 audit GET /api/research/ 200 [user=543f1ead-fca3-47ee-a379-c7de154b8d90 ip=46.210.180.127]
INFO 2026-05-05 09:01:07,186 audit GET /api/research/joined/ 200 [user=543f1ead-fca3-47ee-a379-c7de154b8d90 ip=46.210.180.127]
INFO 2026-05-05 09:01:07,223 audit GET /api/research/messages/unread-count/ 200 [user=543f1ead-fca3-47ee-a379-c7de154b8d90 ip=46.210.180.127]
INFO 2026-05-05 09:01:07,292 audit GET /api/research/joined/ 200 [user=543f1ead-fca3-47ee-a379-c7de154b8d90 ip=46.210.180.127]
INFO 2026-05-05 09:01:23,005 audit GET /api/research/messages/unread-count/ 200 [user=543f1ead-fca3-47ee-a379-c7de154b8d90 ip=46.210.180.127]
INFO 2026-05-05 09:01:37,956 audit GET /api/research/messages/unread-count/ 200 [user=543f1ead-fca3-47ee-a379-c7de154b8d90 ip=46.210.180.127]
INFO 2026-05-05 09:01:53,180 audit GET /api/research/messages/unread-count/ 200 [user=bea1ffea-ab29-49e0-a3f7-dbe86731734a ip=147.235.230.8]
INFO 2026-05-05 09:01:53,281 audit GET /api/research/messages/unread-count/ 200 [user=543f1ead-fca3-47ee-a379-c7de154b8d90 ip=46.210.180.127]
INFO 2026-05-05 09:02:02,454 audit GET /api/research/messages/unread-count/ 200 [user=a85f884c-f931-44dc-9c80-7012bc259a19 ip=46.120.75.251]
INFO 2026-05-05 09:02:05,974 audit GET /api/research/messages/unread-count/ 200 [user=de2f0aa0-a716-4e9d-95b8-a506017aa8ca ip=79.177.131.185]
INFO 2026-05-05 09:02:53,192 audit GET /api/research/messages/unread-count/ 200 [user=bea1ffea-ab29-49e0-a3f7-dbe86731734a ip=147.235.230.8]
INFO 2026-05-05 09:03:02,463 audit GET /api/research/messages/unread-count/ 200 [user=a85f884c-f931-44dc-9c80-7012bc259a19 ip=46.120.75.251]
INFO 2026-05-05 09:03:05,975 audit GET /api/research/messages/unread-count/ 200 [user=de2f0aa0-a716-4e9d-95b8-a506017aa8ca ip=79.177.131.185]
INFO 2026-05-05 09:03:53,193 audit GET /api/research/messages/unread-count/ 200 [user=bea1ffea-ab29-49e0-a3f7-dbe86731734a ip=147.235.230.8]
INFO 2026-05-05 09:04:02,452 audit GET /api/research/messages/unread-count/ 200 [user=a85f884c-f931-44dc-9c80-7012bc259a19 ip=46.120.75.251]
INFO 2026-05-05 09:04:05,970 audit GET /api/research/messages/unread-count/ 200 [user=de2f0aa0-a716-4e9d-95b8-a506017aa8ca ip=79.177.131.185]
INFO 2026-05-05 09:04:27,759 audit GET /api/research/messages/unread-count/ 200 [user=bea1ffea-ab29-49e0-a3f7-dbe86731734a ip=147.235.230.8]
INFO 2026-05-05 09:04:29,916 audit GET /api/research/messages/unread-count/ 200 [user=bea1ffea-ab29-49e0-a3f7-dbe86731734a ip=147.235.230.8]
INFO 2026-05-05 09:04:30,508 audit GET /api/admin-panel/announcements/active/ 200 [user=bea1ffea-ab29-49e0-a3f7-dbe86731734a ip=147.235.230.8]
INFO 2026-05-05 09:04:30,524 audit GET /api/research/messages/unread-count/ 200 [user=bea1ffea-ab29-49e0-a3f7-dbe86731734a ip=147.235.230.8]
INFO 2026-05-05 09:04:30,531 audit GET /api/auth/me/ 200 [user=bea1ffea-ab29-49e0-a3f7-dbe86731734a ip=147.235.230.8]
INFO 2026-05-05 09:04:30,548 audit GET /api/research/messages/unread-count/ 200 [user=bea1ffea-ab29-49e0-a3f7-dbe86731734a ip=147.235.230.8]
INFO 2026-05-05 09:04:30,594 audit GET /api/research/me/ 200 [user=bea1ffea-ab29-49e0-a3f7-dbe86731734a ip=147.235.230.8]
INFO 2026-05-05 09:04:30,608 audit GET /api/research/joined/ 200 [user=bea1ffea-ab29-49e0-a3f7-dbe86731734a ip=147.235.230.8]
INFO 2026-05-05 09:04:30,614 audit GET /api/research/tasks/ 200 [user=bea1ffea-ab29-49e0-a3f7-dbe86731734a ip=147.235.230.8]
INFO 2026-05-05 09:04:30,619 audit GET /api/research/messages/unread-count/ 200 [user=bea1ffea-ab29-49e0-a3f7-dbe86731734a ip=147.235.230.8]
INFO 2026-05-05 09:04:31,082 audit GET /api/profiles/students/ 200 [user=bea1ffea-ab29-49e0-a3f7-dbe86731734a ip=147.235.230.8]
INFO 2026-05-05 09:04:31,601 audit GET /api/research/joined/ 200 [user=bea1ffea-ab29-49e0-a3f7-dbe86731734a ip=147.235.230.8]
INFO 2026-05-05 09:04:31,655 audit GET /api/research/ 200 [user=bea1ffea-ab29-49e0-a3f7-dbe86731734a ip=147.235.230.8]
INFO 2026-05-05 09:04:33,206 audit GET /api/admin-panel/stats/ 200 [user=bea1ffea-ab29-49e0-a3f7-dbe86731734a ip=147.235.230.8]
INFO 2026-05-05 09:04:46,180 audit GET /api/research/messages/unread-count/ 200 [user=bea1ffea-ab29-49e0-a3f7-dbe86731734a ip=147.235.230.8]
INFO 2026-05-05 09:05:01,189 audit GET /api/research/messages/unread-count/ 200 [user=bea1ffea-ab29-49e0-a3f7-dbe86731734a ip=147.235.230.8]
INFO 2026-05-05 09:05:02,438 audit GET /api/research/messages/unread-count/ 200 [user=a85f884c-f931-44dc-9c80-7012bc259a19 ip=46.120.75.251]
INFO 2026-05-05 09:05:05,969 audit GET /api/research/messages/unread-count/ 200 [user=de2f0aa0-a716-4e9d-95b8-a506017aa8ca ip=79.177.131.185]
INFO 2026-05-05 09:05:16,194 audit GET /api/research/messages/unread-count/ 200 [user=bea1ffea-ab29-49e0-a3f7-dbe86731734a ip=147.235.230.8]
INFO 2026-05-05 09:05:31,196 audit GET /api/research/messages/unread-count/ 200 [user=bea1ffea-ab29-49e0-a3f7-dbe86731734a ip=147.235.230.8]
INFO 2026-05-05 09:05:46,200 audit GET /api/research/messages/unread-count/ 200 [user=bea1ffea-ab29-49e0-a3f7-dbe86731734a ip=147.235.230.8]
INFO 2026-05-05 09:06:01,201 audit GET /api/research/messages/unread-count/ 200 [user=bea1ffea-ab29-49e0-a3f7-dbe86731734a ip=147.235.230.8]
INFO 2026-05-05 09:06:02,435 audit GET /api/research/messages/unread-count/ 200 [user=a85f884c-f931-44dc-9c80-7012bc259a19 ip=46.120.75.251]
INFO 2026-05-05 09:06:05,965 audit GET /api/research/messages/unread-count/ 200 [user=de2f0aa0-a716-4e9d-95b8-a506017aa8ca ip=79.177.131.185]
INFO 2026-05-05 09:06:16,193 audit GET /api/research/messages/unread-count/ 200 [user=bea1ffea-ab29-49e0-a3f7-dbe86731734a ip=147.235.230.8]
INFO 2026-05-05 09:06:53,200 audit GET /api/research/messages/unread-count/ 200 [user=bea1ffea-ab29-49e0-a3f7-dbe86731734a ip=147.235.230.8]
INFO 2026-05-05 09:07:02,433 audit GET /api/research/messages/unread-count/ 200 [user=a85f884c-f931-44dc-9c80-7012bc259a19 ip=46.120.75.251]
INFO 2026-05-05 09:07:05,966 audit GET /api/research/messages/unread-count/ 200 [user=de2f0aa0-a716-4e9d-95b8-a506017aa8ca ip=79.177.131.185]
INFO 2026-05-05 09:07:40,160 audit GET /api/research/messages/unread-count/ 401 [user=anonymous ip=147.235.230.8]
INFO 2026-05-05 09:07:40,202 audit POST /api/auth/token/refresh/ 200 [user=anonymous ip=147.235.230.8]
INFO 2026-05-05 09:07:40,231 audit GET /api/research/messages/unread-count/ 200 [user=bea1ffea-ab29-49e0-a3f7-dbe86731734a ip=147.235.230.8]
INFO 2026-05-05 09:07:41,551 audit GET /api/admin-panel/researches/ 200 [user=bea1ffea-ab29-49e0-a3f7-dbe86731734a ip=147.235.230.8]
INFO 2026-05-05 09:07:42,417 audit GET /api/admin-panel/announcements/active/ 200 [user=bea1ffea-ab29-49e0-a3f7-dbe86731734a ip=147.235.230.8]
INFO 2026-05-05 09:07:42,437 audit GET /api/admin-panel/stats/ 200 [user=bea1ffea-ab29-49e0-a3f7-dbe86731734a ip=147.235.230.8]
INFO 2026-05-05 09:07:46,171 audit GET /api/research/messages/unread-count/ 200 [user=bea1ffea-ab29-49e0-a3f7-dbe86731734a ip=147.235.230.8]
INFO 2026-05-05 09:08:01,189 audit GET /api/research/messages/unread-count/ 200 [user=bea1ffea-ab29-49e0-a3f7-dbe86731734a ip=147.235.230.8]
INFO 2026-05-05 09:08:02,437 audit GET /api/research/messages/unread-count/ 200 [user=a85f884c-f931-44dc-9c80-7012bc259a19 ip=46.120.75.251]
INFO 2026-05-05 09:08:05,968 audit GET /api/research/messages/unread-count/ 200 [user=de2f0aa0-a716-4e9d-95b8-a506017aa8ca ip=79.177.131.185]
INFO 2026-05-05 09:09:02,430 audit GET /api/research/messages/unread-count/ 200 [user=a85f884c-f931-44dc-9c80-7012bc259a19 ip=46.120.75.251]
INFO 2026-05-05 09:09:05,963 audit GET /api/research/messages/unread-count/ 200 [user=de2f0aa0-a716-4e9d-95b8-a506017aa8ca ip=79.177.131.185]
INFO 2026-05-05 09:10:02,425 audit GET /api/research/messages/unread-count/ 200 [user=a85f884c-f931-44dc-9c80-7012bc259a19 ip=46.120.75.251]
INFO 2026-05-05 09:10:05,964 audit GET /api/research/messages/unread-count/ 200 [user=de2f0aa0-a716-4e9d-95b8-a506017aa8ca ip=79.177.131.185]
INFO 2026-05-05 09:11:02,467 audit GET /api/research/messages/unread-count/ 200 [user=a85f884c-f931-44dc-9c80-7012bc259a19 ip=46.120.75.251]
INFO 2026-05-05 09:11:05,959 audit GET /api/research/messages/unread-count/ 200 [user=de2f0aa0-a716-4e9d-95b8-a506017aa8ca ip=79.177.131.185]
INFO 2026-05-05 09:11:26,020 audit User logged in successfully: admin_test@gmail.com
INFO 2026-05-05 09:11:26,029 audit POST /api/auth/login/ 200 [user=anonymous ip=79.181.129.240]
INFO 2026-05-05 09:11:26,079 audit GET /api/research/messages/unread-count/ 200 [user=de2f0aa0-a716-4e9d-95b8-a506017aa8ca ip=79.181.129.240]
INFO 2026-05-05 09:11:26,122 audit GET /api/admin-panel/announcements/active/ 200 [user=de2f0aa0-a716-4e9d-95b8-a506017aa8ca ip=79.181.129.240]
INFO 2026-05-05 09:11:26,146 audit GET /api/profiles/mentors/ 200 [user=de2f0aa0-a716-4e9d-95b8-a506017aa8ca ip=79.181.129.240]
INFO 2026-05-05 09:11:28,080 audit GET /api/admin-panel/stats/ 200 [user=de2f0aa0-a716-4e9d-95b8-a506017aa8ca ip=79.181.129.240]
INFO 2026-05-05 09:11:28,770 audit GET /api/admin-panel/users/ 200 [user=de2f0aa0-a716-4e9d-95b8-a506017aa8ca ip=79.181.129.240]
INFO 2026-05-05 09:11:29,019 audit GET /api/admin-panel/announcements/active/ 200 [user=de2f0aa0-a716-4e9d-95b8-a506017aa8ca ip=79.181.129.240]
INFO 2026-05-05 09:11:29,029 audit GET /api/admin-panel/stats/ 200 [user=de2f0aa0-a716-4e9d-95b8-a506017aa8ca ip=79.181.129.240]
INFO 2026-05-05 09:11:29,673 audit GET /api/admin-panel/applications/ 200 [user=de2f0aa0-a716-4e9d-95b8-a506017aa8ca ip=79.181.129.240]
INFO 2026-05-05 09:11:31,421 audit GET /api/research/messages/unread-count/ 200 [user=de2f0aa0-a716-4e9d-95b8-a506017aa8ca ip=79.181.129.240]
INFO 2026-05-05 09:11:31,428 audit GET /api/admin-panel/announcements/active/ 200 [user=de2f0aa0-a716-4e9d-95b8-a506017aa8ca ip=79.181.129.240]
INFO 2026-05-05 09:11:31,461 audit GET /api/research/messages/unread-count/ 200 [user=de2f0aa0-a716-4e9d-95b8-a506017aa8ca ip=79.181.129.240]
INFO 2026-05-05 09:11:31,462 audit GET /api/auth/me/ 200 [user=de2f0aa0-a716-4e9d-95b8-a506017aa8ca ip=79.181.129.240]
INFO 2026-05-05 09:11:31,494 audit GET /api/research/messages/unread-count/ 200 [user=de2f0aa0-a716-4e9d-95b8-a506017aa8ca ip=79.181.129.240]
INFO 2026-05-05 09:11:32,839 audit POST /api/auth/logout/ 200 [user=de2f0aa0-a716-4e9d-95b8-a506017aa8ca ip=79.181.129.240]
INFO 2026-05-05 09:12:02,443 audit GET /api/research/messages/unread-count/ 200 [user=a85f884c-f931-44dc-9c80-7012bc259a19 ip=46.120.75.251]
INFO 2026-05-05 09:12:05,962 audit GET /api/research/messages/unread-count/ 200 [user=de2f0aa0-a716-4e9d-95b8-a506017aa8ca ip=79.177.131.185]
INFO 2026-05-05 09:12:11,530 audit POST /api/auth/logout/ 401 [user=anonymous ip=84.110.159.134]
INFO 2026-05-05 09:12:11,531 audit POST /api/auth/logout/ 401 [user=anonymous ip=84.110.159.134]
INFO 2026-05-05 09:12:11,561 audit GET /api/admin-panel/announcements/active/ 401 [user=anonymous ip=84.110.159.134]
INFO 2026-05-05 09:12:24,927 audit User logged in successfully: ofrygr96@gmail.com
INFO 2026-05-05 09:12:24,935 audit POST /api/auth/login/ 200 [user=anonymous ip=84.110.159.134]
INFO 2026-05-05 09:12:25,047 audit GET /api/admin-panel/announcements/active/ 200 [user=3b5f7d60-8e03-46bf-9290-c294bc10fe5b ip=84.110.159.134]
INFO 2026-05-05 09:12:25,055 audit GET /api/research/messages/unread-count/ 200 [user=3b5f7d60-8e03-46bf-9290-c294bc10fe5b ip=84.110.159.134]
INFO 2026-05-05 09:12:29,359 audit GET /api/research/joined/ 200 [user=3b5f7d60-8e03-46bf-9290-c294bc10fe5b ip=84.110.159.134]
INFO 2026-05-05 09:12:30,643 audit GET /api/research/ 200 [user=3b5f7d60-8e03-46bf-9290-c294bc10fe5b ip=84.110.159.134]
INFO 2026-05-05 09:12:40,028 audit GET /api/research/messages/unread-count/ 200 [user=3b5f7d60-8e03-46bf-9290-c294bc10fe5b ip=84.110.159.134]
INFO 2026-05-05 09:12:55,051 audit GET /api/research/messages/unread-count/ 200 [user=3b5f7d60-8e03-46bf-9290-c294bc10fe5b ip=84.110.159.134]
INFO 2026-05-05 09:12:58,055 audit GET /api/profiles/mentors/ 200 [user=3b5f7d60-8e03-46bf-9290-c294bc10fe5b ip=84.110.159.134]
INFO 2026-05-05 09:12:58,103 audit GET /media/avatars/mentors/96bcfc8e-cb78-436f-a2fb-0466439d1c9a.jpeg 200 [user=anonymous ip=84.110.159.134]
INFO 2026-05-05 09:12:58,127 audit GET /media/avatars/mentors/e6975249-619d-4c3b-99e1-77a172114ddc.jpg 304 [user=anonymous ip=84.110.159.134]
INFO 2026-05-05 09:12:58,129 audit GET /media/avatars/mentors/e35ec62f-a0dd-4674-956a-fa11b037596d.png 304 [user=anonymous ip=84.110.159.134]
INFO 2026-05-05 09:13:02,470 audit GET /api/research/messages/unread-count/ 200 [user=a85f884c-f931-44dc-9c80-7012bc259a19 ip=46.120.75.251]
INFO 2026-05-05 09:13:05,961 audit GET /api/research/messages/unread-count/ 200 [user=de2f0aa0-a716-4e9d-95b8-a506017aa8ca ip=79.177.131.185]
INFO 2026-05-05 09:14:02,438 audit GET /api/research/messages/unread-count/ 200 [user=a85f884c-f931-44dc-9c80-7012bc259a19 ip=46.120.75.251]
INFO 2026-05-05 09:14:05,953 audit GET /api/research/messages/unread-count/ 200 [user=de2f0aa0-a716-4e9d-95b8-a506017aa8ca ip=79.177.131.185]
INFO 2026-05-05 09:15:02,432 audit GET /api/research/messages/unread-count/ 200 [user=a85f884c-f931-44dc-9c80-7012bc259a19 ip=46.120.75.251]
INFO 2026-05-05 09:15:05,960 audit GET /api/research/messages/unread-count/ 200 [user=de2f0aa0-a716-4e9d-95b8-a506017aa8ca ip=79.177.131.185]
INFO 2026-05-05 09:15:47,670 audit GET /api/auth/me/ 200 [user=bea1ffea-ab29-49e0-a3f7-dbe86731734a ip=147.235.230.8]
INFO 2026-05-05 09:15:47,705 audit GET /api/research/messages/unread-count/ 200 [user=bea1ffea-ab29-49e0-a3f7-dbe86731734a ip=147.235.230.8]
INFO 2026-05-05 09:15:47,736 audit GET /api/admin-panel/announcements/active/ 200 [user=bea1ffea-ab29-49e0-a3f7-dbe86731734a ip=147.235.230.8]
INFO 2026-05-05 09:15:47,779 audit GET /api/research/messages/unread-count/ 200 [user=bea1ffea-ab29-49e0-a3f7-dbe86731734a ip=147.235.230.8]
INFO 2026-05-05 09:15:47,833 audit GET /api/research/messages/unread-count/ 200 [user=bea1ffea-ab29-49e0-a3f7-dbe86731734a ip=147.235.230.8]
INFO 2026-05-05 09:16:03,061 audit GET /api/research/messages/unread-count/ 200 [user=a85f884c-f931-44dc-9c80-7012bc259a19 ip=46.120.75.251]
INFO 2026-05-05 09:16:05,959 audit GET /api/research/messages/unread-count/ 200 [user=de2f0aa0-a716-4e9d-95b8-a506017aa8ca ip=79.177.131.185]
INFO 2026-05-05 09:17:02,440 audit GET /api/research/messages/unread-count/ 200 [user=a85f884c-f931-44dc-9c80-7012bc259a19 ip=46.120.75.251]
INFO 2026-05-05 09:17:05,960 audit GET /api/research/messages/unread-count/ 200 [user=de2f0aa0-a716-4e9d-95b8-a506017aa8ca ip=79.177.131.185]
INFO 2026-05-05 09:18:02,436 audit GET /api/research/messages/unread-count/ 200 [user=a85f884c-f931-44dc-9c80-7012bc259a19 ip=46.120.75.251]
INFO 2026-05-05 09:18:05,963 audit GET /api/research/messages/unread-count/ 200 [user=de2f0aa0-a716-4e9d-95b8-a506017aa8ca ip=79.177.131.185]
INFO 2026-05-05 09:19:02,445 audit GET /api/research/messages/unread-count/ 200 [user=a85f884c-f931-44dc-9c80-7012bc259a19 ip=46.120.75.251]
INFO 2026-05-05 09:19:05,963 audit GET /api/research/messages/unread-count/ 200 [user=de2f0aa0-a716-4e9d-95b8-a506017aa8ca ip=79.177.131.185]
INFO 2026-05-05 09:20:02,471 audit GET /api/research/messages/unread-count/ 200 [user=a85f884c-f931-44dc-9c80-7012bc259a19 ip=46.120.75.251]
INFO 2026-05-05 09:20:05,948 audit GET /api/research/messages/unread-count/ 200 [user=de2f0aa0-a716-4e9d-95b8-a506017aa8ca ip=79.177.131.185]
INFO 2026-05-05 09:21:02,418 audit GET /api/research/messages/unread-count/ 401 [user=anonymous ip=46.120.75.251]
INFO 2026-05-05 09:21:02,482 audit POST /api/auth/token/refresh/ 200 [user=anonymous ip=46.120.75.251]
INFO 2026-05-05 09:21:02,521 audit GET /api/research/messages/unread-count/ 200 [user=a85f884c-f931-44dc-9c80-7012bc259a19 ip=46.120.75.251]
INFO 2026-05-05 09:21:05,953 audit GET /api/research/messages/unread-count/ 200 [user=de2f0aa0-a716-4e9d-95b8-a506017aa8ca ip=79.177.131.185]
INFO 2026-05-05 09:22:02,423 audit GET /api/research/messages/unread-count/ 200 [user=a85f884c-f931-44dc-9c80-7012bc259a19 ip=46.120.75.251]
INFO 2026-05-05 09:22:05,955 audit GET /api/research/messages/unread-count/ 200 [user=de2f0aa0-a716-4e9d-95b8-a506017aa8ca ip=79.177.131.185]
INFO 2026-05-05 09:23:02,433 audit GET /api/research/messages/unread-count/ 200 [user=a85f884c-f931-44dc-9c80-7012bc259a19 ip=46.120.75.251]
INFO 2026-05-05 09:23:05,941 audit GET /api/research/messages/unread-count/ 401 [user=anonymous ip=79.177.131.185]
INFO 2026-05-05 09:23:05,995 audit POST /api/auth/token/refresh/ 200 [user=anonymous ip=79.177.131.185]
INFO 2026-05-05 09:23:06,026 audit GET /api/research/messages/unread-count/ 200 [user=de2f0aa0-a716-4e9d-95b8-a506017aa8ca ip=79.177.131.185]
INFO 2026-05-05 09:24:02,422 audit GET /api/research/messages/unread-count/ 200 [user=a85f884c-f931-44dc-9c80-7012bc259a19 ip=46.120.75.251]
INFO 2026-05-05 09:24:05,945 audit GET /api/research/messages/unread-count/ 200 [user=de2f0aa0-a716-4e9d-95b8-a506017aa8ca ip=79.177.131.185]
INFO 2026-05-05 09:25:02,429 audit GET /api/research/messages/unread-count/ 200 [user=a85f884c-f931-44dc-9c80-7012bc259a19 ip=46.120.75.251]
INFO 2026-05-05 09:25:05,959 audit GET /api/research/messages/unread-count/ 200 [user=de2f0aa0-a716-4e9d-95b8-a506017aa8ca ip=79.177.131.185]
INFO 2026-05-05 09:26:02,426 audit GET /api/research/messages/unread-count/ 200 [user=a85f884c-f931-44dc-9c80-7012bc259a19 ip=46.120.75.251]
INFO 2026-05-05 09:26:05,955 audit GET /api/research/messages/unread-count/ 200 [user=de2f0aa0-a716-4e9d-95b8-a506017aa8ca ip=79.177.131.185]
INFO 2026-05-05 09:27:02,455 audit GET /api/research/messages/unread-count/ 200 [user=a85f884c-f931-44dc-9c80-7012bc259a19 ip=46.120.75.251]
INFO 2026-05-05 09:27:05,944 audit GET /api/research/messages/unread-count/ 200 [user=de2f0aa0-a716-4e9d-95b8-a506017aa8ca ip=79.177.131.185]
INFO 2026-05-05 09:28:02,441 audit GET /api/research/messages/unread-count/ 200 [user=a85f884c-f931-44dc-9c80-7012bc259a19 ip=46.120.75.251]
INFO 2026-05-05 09:29:03,050 audit GET /api/research/messages/unread-count/ 200 [user=a85f884c-f931-44dc-9c80-7012bc259a19 ip=46.120.75.251]
INFO 2026-05-05 09:29:05,952 audit GET /api/research/messages/unread-count/ 200 [user=de2f0aa0-a716-4e9d-95b8-a506017aa8ca ip=79.177.131.185]
INFO 2026-05-05 09:30:02,475 audit GET /api/research/messages/unread-count/ 200 [user=a85f884c-f931-44dc-9c80-7012bc259a19 ip=46.120.75.251]
INFO 2026-05-05 09:30:05,947 audit GET /api/research/messages/unread-count/ 200 [user=de2f0aa0-a716-4e9d-95b8-a506017aa8ca ip=79.177.131.185]
INFO 2026-05-05 09:31:02,512 audit GET /api/research/messages/unread-count/ 200 [user=a85f884c-f931-44dc-9c80-7012bc259a19 ip=46.120.75.251]
INFO 2026-05-05 09:31:05,956 audit GET /api/research/messages/unread-count/ 200 [user=de2f0aa0-a716-4e9d-95b8-a506017aa8ca ip=79.177.131.185]
INFO 2026-05-05 09:32:02,429 audit GET /api/research/messages/unread-count/ 200 [user=a85f884c-f931-44dc-9c80-7012bc259a19 ip=46.120.75.251]
INFO 2026-05-05 09:32:05,949 audit GET /api/research/messages/unread-count/ 200 [user=de2f0aa0-a716-4e9d-95b8-a506017aa8ca ip=79.177.131.185]
INFO 2026-05-05 09:33:02,426 audit GET /api/research/messages/unread-count/ 200 [user=a85f884c-f931-44dc-9c80-7012bc259a19 ip=46.120.75.251]
INFO 2026-05-05 09:33:05,953 audit GET /api/research/messages/unread-count/ 200 [user=de2f0aa0-a716-4e9d-95b8-a506017aa8ca ip=79.177.131.185]
INFO 2026-05-05 09:34:02,427 audit GET /api/research/messages/unread-count/ 200 [user=a85f884c-f931-44dc-9c80-7012bc259a19 ip=46.120.75.251]
INFO 2026-05-05 09:34:05,942 audit GET /api/research/messages/unread-count/ 200 [user=de2f0aa0-a716-4e9d-95b8-a506017aa8ca ip=79.177.131.185]
INFO 2026-05-05 09:35:02,422 audit GET /api/research/messages/unread-count/ 200 [user=a85f884c-f931-44dc-9c80-7012bc259a19 ip=46.120.75.251]
INFO 2026-05-05 09:35:05,953 audit GET /api/research/messages/unread-count/ 200 [user=de2f0aa0-a716-4e9d-95b8-a506017aa8ca ip=79.177.131.185]
INFO 2026-05-05 09:36:02,436 audit GET /api/research/messages/unread-count/ 200 [user=a85f884c-f931-44dc-9c80-7012bc259a19 ip=46.120.75.251]
INFO 2026-05-05 09:36:05,945 audit GET /api/research/messages/unread-count/ 200 [user=de2f0aa0-a716-4e9d-95b8-a506017aa8ca ip=79.177.131.185]
INFO 2026-05-05 09:37:02,414 audit GET /api/research/messages/unread-count/ 200 [user=a85f884c-f931-44dc-9c80-7012bc259a19 ip=46.120.75.251]
INFO 2026-05-05 09:37:12,014 audit GET /api/research/messages/unread-count/ 200 [user=de2f0aa0-a716-4e9d-95b8-a506017aa8ca ip=79.177.131.185]
INFO 2026-05-05 09:38:02,425 audit GET /api/research/messages/unread-count/ 200 [user=a85f884c-f931-44dc-9c80-7012bc259a19 ip=46.120.75.251]
INFO 2026-05-05 09:38:05,941 audit GET /api/research/messages/unread-count/ 200 [user=de2f0aa0-a716-4e9d-95b8-a506017aa8ca ip=79.177.131.185]
INFO 2026-05-05 09:39:02,429 audit GET /api/research/messages/unread-count/ 200 [user=a85f884c-f931-44dc-9c80-7012bc259a19 ip=46.120.75.251]
INFO 2026-05-05 09:39:05,988 audit GET /api/research/messages/unread-count/ 200 [user=de2f0aa0-a716-4e9d-95b8-a506017aa8ca ip=79.177.131.185]
INFO 2026-05-05 09:40:02,457 audit GET /api/research/messages/unread-count/ 200 [user=a85f884c-f931-44dc-9c80-7012bc259a19 ip=46.120.75.251]
INFO 2026-05-05 09:40:05,973 audit GET /api/research/messages/unread-count/ 200 [user=de2f0aa0-a716-4e9d-95b8-a506017aa8ca ip=79.177.131.185]
INFO 2026-05-05 09:41:02,409 audit GET /api/research/messages/unread-count/ 200 [user=a85f884c-f931-44dc-9c80-7012bc259a19 ip=46.120.75.251]
INFO 2026-05-05 09:41:06,002 audit GET /api/research/messages/unread-count/ 200 [user=de2f0aa0-a716-4e9d-95b8-a506017aa8ca ip=79.177.131.185]
INFO 2026-05-05 09:42:02,470 audit GET /api/research/messages/unread-count/ 200 [user=a85f884c-f931-44dc-9c80-7012bc259a19 ip=46.120.75.251]
INFO 2026-05-05 09:42:05,971 audit GET /api/research/messages/unread-count/ 200 [user=de2f0aa0-a716-4e9d-95b8-a506017aa8ca ip=79.177.131.185]
INFO 2026-05-05 09:43:02,437 audit GET /api/research/messages/unread-count/ 200 [user=a85f884c-f931-44dc-9c80-7012bc259a19 ip=46.120.75.251]
INFO 2026-05-05 09:43:06,281 audit GET /api/research/messages/unread-count/ 200 [user=de2f0aa0-a716-4e9d-95b8-a506017aa8ca ip=79.177.131.185]
INFO 2026-05-05 09:44:02,418 audit GET /api/research/messages/unread-count/ 200 [user=a85f884c-f931-44dc-9c80-7012bc259a19 ip=46.120.75.251]
INFO 2026-05-05 09:44:05,957 audit GET /api/research/messages/unread-count/ 200 [user=de2f0aa0-a716-4e9d-95b8-a506017aa8ca ip=79.177.131.185]
INFO 2026-05-05 09:45:02,435 audit GET /api/research/messages/unread-count/ 200 [user=a85f884c-f931-44dc-9c80-7012bc259a19 ip=46.120.75.251]
INFO 2026-05-05 09:45:06,055 audit GET /api/research/messages/unread-count/ 200 [user=de2f0aa0-a716-4e9d-95b8-a506017aa8ca ip=79.177.131.185]
INFO 2026-05-05 09:46:02,437 audit GET /api/research/messages/unread-count/ 200 [user=a85f884c-f931-44dc-9c80-7012bc259a19 ip=46.120.75.251]
INFO 2026-05-05 09:46:05,936 audit GET /api/research/messages/unread-count/ 200 [user=de2f0aa0-a716-4e9d-95b8-a506017aa8ca ip=79.177.131.185]
INFO 2026-05-05 09:47:02,408 audit GET /api/research/messages/unread-count/ 200 [user=a85f884c-f931-44dc-9c80-7012bc259a19 ip=46.120.75.251]
INFO 2026-05-05 09:47:05,954 audit GET /api/research/messages/unread-count/ 200 [user=de2f0aa0-a716-4e9d-95b8-a506017aa8ca ip=79.177.131.185]
INFO 2026-05-05 09:48:02,452 audit GET /api/research/messages/unread-count/ 200 [user=a85f884c-f931-44dc-9c80-7012bc259a19 ip=46.120.75.251]
INFO 2026-05-05 09:48:05,929 audit GET /api/research/messages/unread-count/ 200 [user=de2f0aa0-a716-4e9d-95b8-a506017aa8ca ip=79.177.131.185]
INFO 2026-05-05 09:49:02,423 audit GET /api/research/messages/unread-count/ 200 [user=a85f884c-f931-44dc-9c80-7012bc259a19 ip=46.120.75.251]
INFO 2026-05-05 09:49:05,963 audit GET /api/research/messages/unread-count/ 200 [user=de2f0aa0-a716-4e9d-95b8-a506017aa8ca ip=79.177.131.185]
INFO 2026-05-05 09:50:02,425 audit GET /api/research/messages/unread-count/ 200 [user=a85f884c-f931-44dc-9c80-7012bc259a19 ip=46.120.75.251]
INFO 2026-05-05 09:50:05,936 audit GET /api/research/messages/unread-count/ 200 [user=de2f0aa0-a716-4e9d-95b8-a506017aa8ca ip=79.177.131.185]
INFO 2026-05-05 09:51:02,420 audit GET /api/research/messages/unread-count/ 200 [user=a85f884c-f931-44dc-9c80-7012bc259a19 ip=46.120.75.251]
INFO 2026-05-05 09:51:05,954 audit GET /api/research/messages/unread-count/ 200 [user=de2f0aa0-a716-4e9d-95b8-a506017aa8ca ip=79.177.131.185]
INFO 2026-05-05 09:52:02,417 audit GET /api/research/messages/unread-count/ 200 [user=a85f884c-f931-44dc-9c80-7012bc259a19 ip=46.120.75.251]
INFO 2026-05-05 09:52:05,938 audit GET /api/research/messages/unread-count/ 200 [user=de2f0aa0-a716-4e9d-95b8-a506017aa8ca ip=79.177.131.185]
INFO 2026-05-05 09:53:02,443 audit GET /api/research/messages/unread-count/ 200 [user=a85f884c-f931-44dc-9c80-7012bc259a19 ip=46.120.75.251]
INFO 2026-05-05 09:53:05,940 audit GET /api/research/messages/unread-count/ 200 [user=de2f0aa0-a716-4e9d-95b8-a506017aa8ca ip=79.177.131.185]
INFO 2026-05-05 09:54:02,438 audit GET /api/research/messages/unread-count/ 200 [user=a85f884c-f931-44dc-9c80-7012bc259a19 ip=46.120.75.251]
INFO 2026-05-05 09:54:05,949 audit GET /api/research/messages/unread-count/ 200 [user=de2f0aa0-a716-4e9d-95b8-a506017aa8ca ip=79.177.131.185]
INFO 2026-05-05 09:55:02,431 audit GET /api/research/messages/unread-count/ 200 [user=a85f884c-f931-44dc-9c80-7012bc259a19 ip=46.120.75.251]
INFO 2026-05-05 09:55:05,940 audit GET /api/research/messages/unread-count/ 200 [user=de2f0aa0-a716-4e9d-95b8-a506017aa8ca ip=79.177.131.185]
INFO 2026-05-05 09:56:02,435 audit GET /api/research/messages/unread-count/ 200 [user=a85f884c-f931-44dc-9c80-7012bc259a19 ip=46.120.75.251]
INFO 2026-05-05 09:56:05,936 audit GET /api/research/messages/unread-count/ 200 [user=de2f0aa0-a716-4e9d-95b8-a506017aa8ca ip=79.177.131.185]
INFO 2026-05-05 09:57:02,457 audit GET /api/research/messages/unread-count/ 200 [user=a85f884c-f931-44dc-9c80-7012bc259a19 ip=46.120.75.251]
INFO 2026-05-05 09:57:05,939 audit GET /api/research/messages/unread-count/ 200 [user=de2f0aa0-a716-4e9d-95b8-a506017aa8ca ip=79.177.131.185]
INFO 2026-05-05 09:58:02,421 audit GET /api/research/messages/unread-count/ 200 [user=a85f884c-f931-44dc-9c80-7012bc259a19 ip=46.120.75.251]
INFO 2026-05-05 09:58:05,927 audit GET /api/research/messages/unread-count/ 200 [user=de2f0aa0-a716-4e9d-95b8-a506017aa8ca ip=79.177.131.185]
INFO 2026-05-05 09:59:02,419 audit GET /api/research/messages/unread-count/ 200 [user=a85f884c-f931-44dc-9c80-7012bc259a19 ip=46.120.75.251]
INFO 2026-05-05 09:59:05,928 audit GET /api/research/messages/unread-count/ 200 [user=de2f0aa0-a716-4e9d-95b8-a506017aa8ca ip=79.177.131.185]
INFO 2026-05-05 10:00:02,430 audit GET /api/research/messages/unread-count/ 200 [user=a85f884c-f931-44dc-9c80-7012bc259a19 ip=46.120.75.251]
INFO 2026-05-05 10:00:05,958 audit GET /api/research/messages/unread-count/ 200 [user=de2f0aa0-a716-4e9d-95b8-a506017aa8ca ip=79.177.131.185]
INFO 2026-05-05 10:01:02,407 audit GET /api/research/messages/unread-count/ 200 [user=a85f884c-f931-44dc-9c80-7012bc259a19 ip=46.120.75.251]
INFO 2026-05-05 10:01:05,939 audit GET /api/research/messages/unread-count/ 200 [user=de2f0aa0-a716-4e9d-95b8-a506017aa8ca ip=79.177.131.185]
INFO 2026-05-05 10:01:44,559 audit GET /api/research/messages/unread-count/ 200 [user=a85f884c-f931-44dc-9c80-7012bc259a19 ip=46.120.75.251]
INFO 2026-05-05 10:01:55,415 audit GET /api/research/messages/unread-count/ 200 [user=a85f884c-f931-44dc-9c80-7012bc259a19 ip=46.120.75.251]
INFO 2026-05-05 10:02:05,932 audit GET /api/research/messages/unread-count/ 200 [user=de2f0aa0-a716-4e9d-95b8-a506017aa8ca ip=79.177.131.185]
INFO 2026-05-05 10:02:10,426 audit GET /api/research/messages/unread-count/ 200 [user=a85f884c-f931-44dc-9c80-7012bc259a19 ip=46.120.75.251]
INFO 2026-05-05 10:02:25,420 audit GET /api/research/messages/unread-count/ 200 [user=a85f884c-f931-44dc-9c80-7012bc259a19 ip=46.120.75.251]
INFO 2026-05-05 10:02:40,423 audit GET /api/research/messages/unread-count/ 200 [user=a85f884c-f931-44dc-9c80-7012bc259a19 ip=46.120.75.251]
INFO 2026-05-05 10:03:02,406 audit GET /api/research/messages/unread-count/ 200 [user=a85f884c-f931-44dc-9c80-7012bc259a19 ip=46.120.75.251]
INFO 2026-05-05 10:03:05,935 audit GET /api/research/messages/unread-count/ 200 [user=de2f0aa0-a716-4e9d-95b8-a506017aa8ca ip=79.177.131.185]
INFO 2026-05-05 10:04:02,405 audit GET /api/research/messages/unread-count/ 200 [user=a85f884c-f931-44dc-9c80-7012bc259a19 ip=46.120.75.251]
INFO 2026-05-05 10:04:05,923 audit GET /api/research/messages/unread-count/ 200 [user=de2f0aa0-a716-4e9d-95b8-a506017aa8ca ip=79.177.131.185]
INFO 2026-05-05 10:05:02,418 audit GET /api/research/messages/unread-count/ 200 [user=a85f884c-f931-44dc-9c80-7012bc259a19 ip=46.120.75.251]
INFO 2026-05-05 10:05:05,932 audit GET /api/research/messages/unread-count/ 200 [user=de2f0aa0-a716-4e9d-95b8-a506017aa8ca ip=79.177.131.185]
INFO 2026-05-05 10:06:02,436 audit GET /api/research/messages/unread-count/ 200 [user=a85f884c-f931-44dc-9c80-7012bc259a19 ip=46.120.75.251]
INFO 2026-05-05 10:06:05,933 audit GET /api/research/messages/unread-count/ 200 [user=de2f0aa0-a716-4e9d-95b8-a506017aa8ca ip=79.177.131.185]
INFO 2026-05-05 10:07:02,425 audit GET /api/research/messages/unread-count/ 200 [user=a85f884c-f931-44dc-9c80-7012bc259a19 ip=46.120.75.251]
INFO 2026-05-05 10:07:05,930 audit GET /api/research/messages/unread-count/ 200 [user=de2f0aa0-a716-4e9d-95b8-a506017aa8ca ip=79.177.131.185]
INFO 2026-05-05 10:08:02,419 audit GET /api/research/messages/unread-count/ 200 [user=a85f884c-f931-44dc-9c80-7012bc259a19 ip=46.120.75.251]
INFO 2026-05-05 10:08:05,934 audit GET /api/research/messages/unread-count/ 200 [user=de2f0aa0-a716-4e9d-95b8-a506017aa8ca ip=79.177.131.185]
INFO 2026-05-05 10:09:02,463 audit GET /api/research/messages/unread-count/ 200 [user=a85f884c-f931-44dc-9c80-7012bc259a19 ip=46.120.75.251]
INFO 2026-05-05 10:09:05,932 audit GET /api/research/messages/unread-count/ 200 [user=de2f0aa0-a716-4e9d-95b8-a506017aa8ca ip=79.177.131.185]
INFO 2026-05-05 10:10:02,543 audit GET /api/research/messages/unread-count/ 200 [user=a85f884c-f931-44dc-9c80-7012bc259a19 ip=46.120.75.251]
INFO 2026-05-05 10:10:05,926 audit GET /api/research/messages/unread-count/ 200 [user=de2f0aa0-a716-4e9d-95b8-a506017aa8ca ip=79.177.131.185]
INFO 2026-05-05 10:11:02,407 audit GET /api/research/messages/unread-count/ 200 [user=a85f884c-f931-44dc-9c80-7012bc259a19 ip=46.120.75.251]
INFO 2026-05-05 10:11:05,934 audit GET /api/research/messages/unread-count/ 200 [user=de2f0aa0-a716-4e9d-95b8-a506017aa8ca ip=79.177.131.185]
INFO 2026-05-05 10:12:02,432 audit GET /api/research/messages/unread-count/ 200 [user=a85f884c-f931-44dc-9c80-7012bc259a19 ip=46.120.75.251]
INFO 2026-05-05 10:12:05,918 audit GET /api/research/messages/unread-count/ 200 [user=de2f0aa0-a716-4e9d-95b8-a506017aa8ca ip=79.177.131.185]
INFO 2026-05-05 10:13:02,439 audit GET /api/research/messages/unread-count/ 200 [user=a85f884c-f931-44dc-9c80-7012bc259a19 ip=46.120.75.251]
INFO 2026-05-05 10:13:05,925 audit GET /api/research/messages/unread-count/ 200 [user=de2f0aa0-a716-4e9d-95b8-a506017aa8ca ip=79.177.131.185]
INFO 2026-05-05 10:14:02,421 audit GET /api/research/messages/unread-count/ 200 [user=a85f884c-f931-44dc-9c80-7012bc259a19 ip=46.120.75.251]
INFO 2026-05-05 10:14:05,918 audit GET /api/research/messages/unread-count/ 200 [user=de2f0aa0-a716-4e9d-95b8-a506017aa8ca ip=79.177.131.185]
INFO 2026-05-05 10:15:02,468 audit GET /api/research/messages/unread-count/ 200 [user=a85f884c-f931-44dc-9c80-7012bc259a19 ip=46.120.75.251]
INFO 2026-05-05 10:15:05,927 audit GET /api/research/messages/unread-count/ 200 [user=de2f0aa0-a716-4e9d-95b8-a506017aa8ca ip=79.177.131.185]
INFO 2026-05-05 10:16:02,483 audit GET /api/research/messages/unread-count/ 200 [user=a85f884c-f931-44dc-9c80-7012bc259a19 ip=46.120.75.251]
INFO 2026-05-05 10:16:05,917 audit GET /api/research/messages/unread-count/ 200 [user=de2f0aa0-a716-4e9d-95b8-a506017aa8ca ip=79.177.131.185]
INFO 2026-05-05 10:16:20,673 audit GET /api/research/messages/unread-count/ 200 [user=a85f884c-f931-44dc-9c80-7012bc259a19 ip=46.120.75.251]
INFO 2026-05-05 10:16:25,473 audit GET /api/research/messages/unread-count/ 200 [user=a85f884c-f931-44dc-9c80-7012bc259a19 ip=46.120.75.251]
INFO 2026-05-05 10:16:40,395 audit GET /api/research/messages/unread-count/ 200 [user=a85f884c-f931-44dc-9c80-7012bc259a19 ip=46.120.75.251]
INFO 2026-05-05 10:16:55,433 audit GET /api/research/messages/unread-count/ 200 [user=a85f884c-f931-44dc-9c80-7012bc259a19 ip=46.120.75.251]
INFO 2026-05-05 10:17:05,928 audit GET /api/research/messages/unread-count/ 200 [user=de2f0aa0-a716-4e9d-95b8-a506017aa8ca ip=79.177.131.185]
INFO 2026-05-05 10:17:10,405 audit GET /api/research/messages/unread-count/ 200 [user=a85f884c-f931-44dc-9c80-7012bc259a19 ip=46.120.75.251]
INFO 2026-05-05 10:18:02,499 audit GET /api/research/messages/unread-count/ 200 [user=a85f884c-f931-44dc-9c80-7012bc259a19 ip=46.120.75.251]
INFO 2026-05-05 10:18:05,917 audit GET /api/research/messages/unread-count/ 200 [user=de2f0aa0-a716-4e9d-95b8-a506017aa8ca ip=79.177.131.185]
INFO 2026-05-05 10:18:33,732 audit GET /api/research/messages/unread-count/ 200 [user=a85f884c-f931-44dc-9c80-7012bc259a19 ip=46.120.75.251]
INFO 2026-05-05 10:18:40,444 audit GET /api/research/messages/unread-count/ 200 [user=a85f884c-f931-44dc-9c80-7012bc259a19 ip=46.120.75.251]
INFO 2026-05-05 10:18:55,413 audit GET /api/research/messages/unread-count/ 200 [user=a85f884c-f931-44dc-9c80-7012bc259a19 ip=46.120.75.251]
INFO 2026-05-05 10:19:05,925 audit GET /api/research/messages/unread-count/ 200 [user=de2f0aa0-a716-4e9d-95b8-a506017aa8ca ip=79.177.131.185]
INFO 2026-05-05 10:19:10,480 audit GET /api/research/messages/unread-count/ 200 [user=a85f884c-f931-44dc-9c80-7012bc259a19 ip=46.120.75.251]
INFO 2026-05-05 10:19:25,440 audit GET /api/research/messages/unread-count/ 200 [user=a85f884c-f931-44dc-9c80-7012bc259a19 ip=46.120.75.251]
INFO 2026-05-05 10:20:02,431 audit GET /api/research/messages/unread-count/ 200 [user=a85f884c-f931-44dc-9c80-7012bc259a19 ip=46.120.75.251]
INFO 2026-05-05 10:20:05,921 audit GET /api/research/messages/unread-count/ 200 [user=de2f0aa0-a716-4e9d-95b8-a506017aa8ca ip=79.177.131.185]
INFO 2026-05-05 10:21:02,388 audit GET /api/research/messages/unread-count/ 401 [user=anonymous ip=46.120.75.251]
INFO 2026-05-05 10:21:02,436 audit POST /api/auth/token/refresh/ 200 [user=anonymous ip=46.120.75.251]
INFO 2026-05-05 10:21:02,480 audit GET /api/research/messages/unread-count/ 200 [user=a85f884c-f931-44dc-9c80-7012bc259a19 ip=46.120.75.251]
INFO 2026-05-05 10:21:05,917 audit GET /api/research/messages/unread-count/ 200 [user=de2f0aa0-a716-4e9d-95b8-a506017aa8ca ip=79.177.131.185]
INFO 2026-05-05 10:22:02,413 audit GET /api/research/messages/unread-count/ 200 [user=a85f884c-f931-44dc-9c80-7012bc259a19 ip=46.120.75.251]
INFO 2026-05-05 10:22:05,912 audit GET /api/research/messages/unread-count/ 401 [user=anonymous ip=79.177.131.185]
INFO 2026-05-05 10:22:05,953 audit POST /api/auth/token/refresh/ 200 [user=anonymous ip=79.177.131.185]
INFO 2026-05-05 10:22:05,988 audit GET /api/research/messages/unread-count/ 200 [user=de2f0aa0-a716-4e9d-95b8-a506017aa8ca ip=79.177.131.185]
INFO 2026-05-05 10:23:02,443 audit GET /api/research/messages/unread-count/ 200 [user=a85f884c-f931-44dc-9c80-7012bc259a19 ip=46.120.75.251]
INFO 2026-05-05 10:23:05,916 audit GET /api/research/messages/unread-count/ 200 [user=de2f0aa0-a716-4e9d-95b8-a506017aa8ca ip=79.177.131.185]
INFO 2026-05-05 10:24:02,448 audit GET /api/research/messages/unread-count/ 200 [user=a85f884c-f931-44dc-9c80-7012bc259a19 ip=46.120.75.251]
INFO 2026-05-05 10:24:05,931 audit GET /api/research/messages/unread-count/ 200 [user=de2f0aa0-a716-4e9d-95b8-a506017aa8ca ip=79.177.131.185]
INFO 2026-05-05 10:25:02,446 audit GET /api/research/messages/unread-count/ 200 [user=a85f884c-f931-44dc-9c80-7012bc259a19 ip=46.120.75.251]
INFO 2026-05-05 10:25:05,921 audit GET /api/research/messages/unread-count/ 200 [user=de2f0aa0-a716-4e9d-95b8-a506017aa8ca ip=79.177.131.185]
INFO 2026-05-05 10:26:02,439 audit GET /api/research/messages/unread-count/ 200 [user=a85f884c-f931-44dc-9c80-7012bc259a19 ip=46.120.75.251]
INFO 2026-05-05 10:26:05,916 audit GET /api/research/messages/unread-count/ 200 [user=de2f0aa0-a716-4e9d-95b8-a506017aa8ca ip=79.177.131.185]
INFO 2026-05-05 10:27:02,453 audit GET /api/research/messages/unread-count/ 200 [user=a85f884c-f931-44dc-9c80-7012bc259a19 ip=46.120.75.251]
INFO 2026-05-05 10:27:05,931 audit GET /api/research/messages/unread-count/ 200 [user=de2f0aa0-a716-4e9d-95b8-a506017aa8ca ip=79.177.131.185]
INFO 2026-05-05 10:28:02,454 audit GET /api/research/messages/unread-count/ 200 [user=a85f884c-f931-44dc-9c80-7012bc259a19 ip=46.120.75.251]
INFO 2026-05-05 10:28:05,916 audit GET /api/research/messages/unread-count/ 200 [user=de2f0aa0-a716-4e9d-95b8-a506017aa8ca ip=79.177.131.185]
INFO 2026-05-05 10:29:02,404 audit GET /api/research/messages/unread-count/ 200 [user=a85f884c-f931-44dc-9c80-7012bc259a19 ip=46.120.75.251]
INFO 2026-05-05 10:29:05,921 audit GET /api/research/messages/unread-count/ 200 [user=de2f0aa0-a716-4e9d-95b8-a506017aa8ca ip=79.177.131.185]
INFO 2026-05-05 10:30:02,472 audit GET /api/research/messages/unread-count/ 200 [user=a85f884c-f931-44dc-9c80-7012bc259a19 ip=46.120.75.251]
INFO 2026-05-05 10:30:05,916 audit GET /api/research/messages/unread-count/ 200 [user=de2f0aa0-a716-4e9d-95b8-a506017aa8ca ip=79.177.131.185]
INFO 2026-05-05 10:31:02,404 audit GET /api/research/messages/unread-count/ 200 [user=a85f884c-f931-44dc-9c80-7012bc259a19 ip=46.120.75.251]
INFO 2026-05-05 10:31:05,913 audit GET /api/research/messages/unread-count/ 200 [user=de2f0aa0-a716-4e9d-95b8-a506017aa8ca ip=79.177.131.185]
INFO 2026-05-05 10:32:02,402 audit GET /api/research/messages/unread-count/ 200 [user=a85f884c-f931-44dc-9c80-7012bc259a19 ip=46.120.75.251]
INFO 2026-05-05 10:32:05,920 audit GET /api/research/messages/unread-count/ 200 [user=de2f0aa0-a716-4e9d-95b8-a506017aa8ca ip=79.177.131.185]
INFO 2026-05-05 10:33:02,412 audit GET /api/research/messages/unread-count/ 200 [user=a85f884c-f931-44dc-9c80-7012bc259a19 ip=46.120.75.251]
INFO 2026-05-05 10:33:05,922 audit GET /api/research/messages/unread-count/ 200 [user=de2f0aa0-a716-4e9d-95b8-a506017aa8ca ip=79.177.131.185]
INFO 2026-05-05 10:34:02,427 audit GET /api/research/messages/unread-count/ 200 [user=a85f884c-f931-44dc-9c80-7012bc259a19 ip=46.120.75.251]
INFO 2026-05-05 10:34:05,912 audit GET /api/research/messages/unread-count/ 200 [user=de2f0aa0-a716-4e9d-95b8-a506017aa8ca ip=79.177.131.185]
INFO 2026-05-05 10:35:02,415 audit GET /api/research/messages/unread-count/ 200 [user=a85f884c-f931-44dc-9c80-7012bc259a19 ip=46.120.75.251]
INFO 2026-05-05 10:35:05,919 audit GET /api/research/messages/unread-count/ 200 [user=de2f0aa0-a716-4e9d-95b8-a506017aa8ca ip=79.177.131.185]
INFO 2026-05-05 10:36:02,446 audit GET /api/research/messages/unread-count/ 200 [user=a85f884c-f931-44dc-9c80-7012bc259a19 ip=46.120.75.251]
INFO 2026-05-05 10:36:06,494 audit GET /api/research/messages/unread-count/ 200 [user=de2f0aa0-a716-4e9d-95b8-a506017aa8ca ip=79.177.131.185]
INFO 2026-05-05 10:37:02,425 audit GET /api/research/messages/unread-count/ 200 [user=a85f884c-f931-44dc-9c80-7012bc259a19 ip=46.120.75.251]
INFO 2026-05-05 10:37:05,931 audit GET /api/research/messages/unread-count/ 200 [user=de2f0aa0-a716-4e9d-95b8-a506017aa8ca ip=79.177.131.185]
INFO 2026-05-05 10:38:02,397 audit GET /api/research/messages/unread-count/ 200 [user=a85f884c-f931-44dc-9c80-7012bc259a19 ip=46.120.75.251]
INFO 2026-05-05 10:38:05,906 audit GET /api/research/messages/unread-count/ 200 [user=de2f0aa0-a716-4e9d-95b8-a506017aa8ca ip=79.177.131.185]
INFO 2026-05-05 10:39:02,411 audit GET /api/research/messages/unread-count/ 200 [user=a85f884c-f931-44dc-9c80-7012bc259a19 ip=46.120.75.251]
INFO 2026-05-05 10:39:05,914 audit GET /api/research/messages/unread-count/ 200 [user=de2f0aa0-a716-4e9d-95b8-a506017aa8ca ip=79.177.131.185]
INFO 2026-05-05 10:40:02,480 audit GET /api/research/messages/unread-count/ 200 [user=a85f884c-f931-44dc-9c80-7012bc259a19 ip=46.120.75.251]
INFO 2026-05-05 10:40:05,907 audit GET /api/research/messages/unread-count/ 200 [user=de2f0aa0-a716-4e9d-95b8-a506017aa8ca ip=79.177.131.185]
INFO 2026-05-05 10:41:02,406 audit GET /api/research/messages/unread-count/ 200 [user=a85f884c-f931-44dc-9c80-7012bc259a19 ip=46.120.75.251]
INFO 2026-05-05 10:41:05,916 audit GET /api/research/messages/unread-count/ 200 [user=de2f0aa0-a716-4e9d-95b8-a506017aa8ca ip=79.177.131.185]
